datum,AOS,ABT,ABBV,AFL,APD,ALB,AMCR,ADM,ATO,ADP,BDX,BRO,BF-B,CAH,CAT,CHRW,CVX,CB,CHD,CINF,CTAS,CLX,KO,CL,ED,DOV,ECL,EMR,ERIE,ES,ESS,EXPD,XOM,FDS,FAST,FRT,BEN,GD,GPC,HRL,ITW,IBM,SJM,JNJ,KVUE,KMB,LIN,LOW,MKC,MCD,MDT,NEE,NDSN,NUE,PNR,PEP,PPG,PG,O,ROP,SPGI,SHW,SWK,SYY,TROW,TGT,GWW,WMT,WST,ADS.DE,AIR.PA,ALV.DE,BAS.DE,BAYN.DE,BEI.DE,BMW.DE,BNR.DE,CBK.DE,CON.DE,DTG.DE,DBK.DE,DB1.DE,DHL.DE,DTE.DE,EOAN.DE,FRE.DE,FME.DE,G1A.DE,HNR1.DE,HEI.DE,HEN3.DE,IFX.DE,MBG.DE,MRK.DE,MTX.DE,MUV2.DE,PAH3.DE,QIA.DE,RHM.DE,RWE.DE,SAP.DE,G24.DE,SIE.DE,ENR.DE,SHL.DE,SY1.DE,VOW3.DE,VNA.DE,ZAL.DE,ADYEN.AS,AD.AS,AI.PA,ABI.BR,ARGX.BR,ASML.AS,CS.PA,BBVA.MC,SAN.MC,BNP.PA,BN.PA,ENEL.MI,ENI.MI,EL.PA,RACE.MI,RMS.PA,IBE.MC,ITX.MC,INGA.AS,ISP.MI,OR.PA,MC.PA,NDA-FI.HE,PRX.AS,SAF.PA,SGO.PA,SAN.PA,SU.PA,TTE.PA,DG.PA,UCG.MI,VOW.DE,WKL.AS
2011-10-01,9.289999961853027,25.846826553344727,,22.545000076293945,79.68547821044922,53.290000915527344,,28.940000534057617,34.31999969482422,45.943809509277344,60.00153350830078,11.039999961853027,19.92799949645996,44.27000045776367,94.45999908447266,69.43000030517578,105.05000305175781,72.1500015258789,22.09000015258789,28.940000534057617,7.472499847412109,66.94000244140625,34.15999984741211,45.185001373291016,57.869998931884766,37.22373962402344,53.84000015258789,48.119998931884766,78.94999694824219,34.56999969482422,142.75999450683594,45.599998474121094,78.08999633789062,99.41999816894531,9.522500038146973,88.76000213623047,35.543331146240234,64.19000244140625,57.43000030517578,14.734999656677246,48.630001068115234,176.51051330566406,77.0199966430664,64.38999938964844,,66.83605194091797,101.66999816894531,21.020000457763672,24.280000686645508,92.8499984741211,34.7400016784668,14.100000381469727,46.369998931884766,37.779998779296875,24.143720626831055,62.95000076293945,43.20500183105469,63.9900016784668,32.37403106689453,81.0999984741211,40.20813751220703,27.56999969482422,63.849998474121094,27.719999313354492,52.84000015258789,54.75,171.30999755859375,18.906667709350586,19.434999465942383,51.15999984741211,21.3700008392334,81.20999908447266,53.189998626708984,45.55867004394531,41.78499984741211,59.060001373291016,24.333332061767578,17.829999923706055,36.838600158691406,,25.8314208984375,40.099998474121094,11.010000228881836,9.194000244140625,15.869376182556152,23.72646141052246,52.77000045776367,19.96500015258789,35.85499954223633,32.97999954223633,43.11000061035156,6.5289998054504395,30.774656295776367,33.79999923706055,48.560001373291016,97.45999908447266,42.3849983215332,11.672368049621582,38.5099983215332,30.842294692993164,43.625,,66.58131408691406,,,18.729999542236328,126.80000305175781,,,,10.66440486907959,46.750484466552734,40.21500015258789,,39.31168746948242,11.770000457763672,6.561999797821045,5.822282791137695,32.849998474121094,50.29999923706055,3.4100000858306885,15.989999771118164,51.275535583496094,,245.85000610351562,5.257999897003174,13.152000427246094,6.260000228881836,1.2910000085830688,79.80999755859375,120.25,6.605000019073486,,23.670000076293945,33.689998626708984,51.67768478393555,42.650001525878906,37.814998626708984,35.70000076293945,27.98365592956543,113.80000305175781,12.805000305175781
2011-11-01,9.8149995803833,26.1730899810791,,21.719999313354492,77.47456359863281,54.529998779296875,,30.1200008392334,34.209999084472656,44.85513687133789,56.58843231201172,10.430000305175781,21.28266716003418,42.459999084472656,97.87999725341797,68.51000213623047,102.81999969482422,69.52999877929688,22.125,29.649999618530273,7.599999904632568,64.95999908447266,33.6150016784668,45.75,59.41999816894531,36.848350524902344,57.02000045776367,52.25,73.79000091552734,34.61000061035156,132.85000610351562,43.5099983215332,80.44000244140625,93.2300033569336,10.412500381469727,88.43000030517578,33.606666564941406,66.05999755859375,58.5,15.055000305175781,45.439998626708984,179.73231506347656,75.9800033569336,64.72000122070312,,68.52349090576172,102.0,24.010000228881836,24.350000381469727,95.5199966430664,36.43000030517578,13.859999656677246,47.060001373291016,39.43000030517578,25.540630340576172,64.0,43.875,64.56999969482422,32.81007766723633,85.19000244140625,40.3973503112793,28.94333267211914,65.43000030517578,28.540000915527344,56.7599983215332,52.70000076293945,186.89999389648438,19.633333206176758,19.264999389648438,52.2599983215332,22.19499969482422,76.9800033569336,54.040000915527344,47.984474182128906,42.525001525878906,55.97999954223633,23.719999313354492,13.890000343322754,35.614952087402344,,24.358745574951172,45.435001373291016,11.21500015258789,9.640000343322754,16.639734268188477,23.80631446838379,50.84000015258789,21.899999618530273,38.7400016784668,31.200000762939453,44.18000030517578,6.142000198364258,27.955032348632812,36.900001525878906,47.5099983215332,93.75,45.244998931884766,12.738760948181152,35.915000915527344,30.62302589416504,44.375,,65.5068588256836,,,19.979999542236328,127.6500015258789,,,,10.890008926391602,46.85520553588867,44.29999923706055,,37.64285659790039,10.720000267028809,6.27400016784668,5.277474880218506,29.469999313354492,49.04499053955078,3.1519999504089355,15.680000305175781,51.970298767089844,,236.0,4.956999778747559,12.605999946594238,5.738999843597412,1.2280000448226929,80.31999969482422,116.5999984741211,5.900000095367432,,21.93000030517578,31.405000686645508,51.806976318359375,42.0,38.334999084472656,33.10499954223633,25.508686065673828,112.5,12.899999618530273
2011-12-01,10.029999732971191,26.979154586791992,,21.6299991607666,78.8066635131836,51.5099983215332,,28.600000381469727,33.349998474121094,47.41878890991211,57.30940246582031,11.3149995803833,21.46933364868164,40.61000061035156,90.5999984741211,69.77999877929688,106.4000015258789,70.12000274658203,22.8799991607666,30.459999084472656,8.702500343322754,66.55999755859375,34.98500061035156,46.19499969482422,62.029998779296875,38.91298294067383,57.810001373291016,46.59000015258789,78.16000366210938,36.06999969482422,140.50999450683594,40.959999084472656,84.76000213623047,87.27999877929688,10.90250015258789,90.75,32.02000045776367,66.41000366210938,61.20000076293945,14.645000457763672,46.709999084472656,175.7935028076172,78.16999816894531,65.58000183105469,,70.52732849121094,106.9000015258789,25.3799991607666,25.209999084472656,100.33000183105469,38.25,15.220000267028809,41.18000030517578,39.56999969482422,22.35728645324707,66.3499984741211,41.744998931884766,66.70999908447266,33.87596893310547,86.87000274658203,42.54493713378906,29.75666618347168,67.5999984741211,29.329999923706055,56.95000076293945,51.220001220703125,187.19000244140625,19.920000076293945,18.975000381469727,50.2599983215332,24.149999618530273,73.91000366210938,53.88999938964844,48.614295959472656,43.81999969482422,51.7599983215332,23.983333587646484,13.029999732971191,32.6951904296875,,25.05677604675293,43.119998931884766,11.880000114440918,8.864999771118164,15.108080863952637,23.783023834228516,52.5,21.850000381469727,38.32500076293945,32.790000915527344,44.59000015258789,5.815999984741211,28.212873458862305,38.51499938964844,49.439998626708984,94.77999877929688,41.349998474121094,12.344658851623535,34.23500061035156,27.149999618530273,40.849998474121094,,64.58963775634766,,,20.6200008392334,115.75,,,,11.976593017578125,47.66804122924805,47.30500030517578,,42.17531204223633,10.045000076293945,6.679999828338623,5.5329132080078125,30.350000381469727,48.56999969482422,3.1440000534057617,16.010000228881836,53.379398345947266,,230.35000610351562,4.839000225067139,12.656000137329102,5.559999942779541,1.2940000295639038,80.69999694824219,109.4000015258789,5.974999904632568,,23.204999923706055,29.665000915527344,56.44165802001953,40.68000030517578,39.5,33.7599983215332,21.185739517211914,103.6500015258789,13.354999542236328
2012-01-01,10.619999885559082,25.981170654296875,,24.114999771118164,81.4338607788086,64.30999755859375,,28.6299991607666,32.40999984741211,48.094818115234375,60.139591217041016,11.390000343322754,21.6560001373291,43.029998779296875,109.12000274658203,68.83999633789062,103.12000274658203,69.5999984741211,22.684999465942383,32.68000030517578,9.272500038146973,68.66000366210938,33.76499938964844,45.36000061035156,58.959999084472656,42.5059814453125,60.439998626708984,51.380001068115234,76.66999816894531,34.75,144.0,44.650001525878906,83.73999786376953,88.31999969482422,11.670000076293945,94.45999908447266,35.366668701171875,69.16000366210938,63.779998779296875,14.390000343322754,53.029998779296875,184.13002014160156,78.77999877929688,65.91000366210938,,68.60977935791016,106.19999694824219,26.829999923706055,25.270000457763672,99.05000305175781,38.56999969482422,14.962499618530273,45.34000015258789,44.4900016784668,24.728004455566406,65.66999816894531,44.790000915527344,63.040000915527344,35.27131652832031,93.38999938964844,43.51939392089844,32.5099983215332,70.18000030517578,30.110000610351562,57.84000015258789,50.810001373291016,190.74000549316406,20.453332901000977,20.239999771118164,55.08000183105469,25.68000030517578,84.05999755859375,58.779998779296875,52.68844985961914,45.900001525878906,65.38999938964844,26.646665573120117,18.290000915527344,41.515655517578125,,27.567977905273438,44.810001373291016,12.699999809265137,8.597999572753906,14.813531875610352,25.79932403564453,54.54999923706055,24.55500030517578,40.685001373291016,37.57500076293945,47.150001525878906,6.97599983215332,35.13717269897461,39.880001068115234,53.310001373291016,99.5999984741211,46.869998931884766,14.46005916595459,40.994998931884766,29.239999771118164,46.189998626708984,,63.01726531982422,,,21.774999618530273,135.35000610351562,,,,11.660056114196777,47.98220443725586,46.35499954223633,,42.64285659790039,11.604999542236328,6.673999786376953,5.60831880569458,32.369998931884766,47.185001373291016,3.125999927520752,16.899999618530273,54.798282623291016,,265.70001220703125,4.501999855041504,13.34000015258789,6.958000183105469,1.4600000381469727,81.30999755859375,123.5999984741211,6.40500020980835,,23.81999969482422,34.02000045776367,56.16318130493164,47.47999954223633,40.404998779296875,35.459999084472656,18.98914337158203,123.5,13.859999656677246
2012-02-01,11.289999961853027,27.16147804260254,,23.625,83.47826385498047,66.5199966430664,,31.200000762939453,30.729999542236328,47.690956115722656,58.45988464355469,11.8149995803833,21.773332595825195,41.54999923706055,114.20999908447266,66.16999816894531,109.12000274658203,71.70999908447266,23.8700008392334,35.16999816894531,9.640000343322754,67.61000061035156,34.93000030517578,46.59000015258789,58.099998474121094,42.914886474609375,60.0,50.310001373291016,76.11000061035156,35.900001525878906,139.99000549316406,43.68000030517578,86.5,87.4000015258789,13.170000076293945,95.3499984741211,39.29666519165039,73.2300033569336,62.68000030517578,14.234999656677246,55.689998626708984,188.07839965820312,75.31999969482422,65.08000183105469,,69.87535858154297,109.0,28.3799991607666,25.225000381469727,99.27999877929688,38.119998931884766,14.8774995803833,54.970001220703125,43.529998779296875,25.856279373168945,62.939998626708984,45.625,67.62000274658203,35.746124267578125,91.5199966430664,44.0302734375,34.383331298828125,76.80000305175781,29.420000076293945,61.59000015258789,56.689998626708984,207.72999572753906,19.69333267211914,20.799999237060547,58.97999954223633,27.264999389648438,91.02999877929688,65.9000015258789,54.61727523803711,47.0099983215332,69.43000030517578,29.16666603088379,18.860000610351562,46.45103454589844,,29.840845108032227,49.77000045776367,13.1850004196167,8.760000228881836,15.647331237792969,25.81928825378418,52.58000183105469,25.360000610351562,41.665000915527344,40.40999984741211,48.849998474121094,7.591000080108643,37.75717544555664,38.80500030517578,57.16999816894531,109.44999694824219,48.8650016784668,13.335708618164062,45.525001525878906,34.20000076293945,50.650001525878906,,65.39329528808594,,,21.90999984741211,140.35000610351562,,,,11.947816848754883,48.63546371459961,50.41999816894531,,44.80519485473633,12.104999542236328,6.729000091552734,5.869411945343018,36.63499069213867,50.779998779296875,3.01200008392334,17.309999465942383,58.477596282958984,,280.04998779296875,4.441999912261963,13.862000465393066,6.6579999923706055,1.4609999656677246,85.61000061035156,126.30000305175781,7.239999771118164,,25.155000686645508,35.63999938964844,55.208396911621094,51.0099983215332,41.9900016784668,39.084999084472656,19.570341110229492,127.19999694824219,13.975000381469727
2012-03-01,11.237500190734863,29.40694236755371,,22.9950008392334,84.92137145996094,63.91999816894531,,31.65999984741211,31.459999084472656,48.45478439331055,59.556678771972656,11.890000343322754,22.237333297729492,43.11000061035156,106.5199966430664,65.48999786376953,107.20999908447266,73.19999694824219,24.594999313354492,34.5099983215332,9.779999732971191,68.75,37.005001068115234,48.88999938964844,58.41999816894531,42.19092559814453,61.720001220703125,52.18000030517578,77.94000244140625,37.119998931884766,151.50999450683594,46.5099983215332,86.7300033569336,99.04000091552734,13.524999618530273,96.79000091552734,41.34333419799805,73.37999725341797,62.75,14.760000228881836,57.119998931884766,199.47418212890625,81.36000061035156,65.95999908447266,,70.84371948242188,114.63999938964844,31.3799991607666,27.21500015258789,98.0999984741211,39.189998626708984,15.270000457763672,54.5099983215332,42.95000076293945,31.97447967529297,66.3499984741211,47.900001525878906,67.20999908447266,37.52907180786133,99.16000366210938,45.856197357177734,36.223331451416016,76.95999908447266,29.860000610351562,65.30000305175781,58.27000045776367,214.80999755859375,20.399999618530273,21.264999389648438,58.540000915527344,30.704999923706055,89.47000122070312,65.58999633789062,51.90117263793945,48.92499923706055,67.43000030517578,30.606666564941406,18.969999313354492,48.10975646972656,,31.756175994873047,50.47999954223633,14.4350004196167,9.027000427246094,16.277212142944336,25.58305549621582,53.13999938964844,25.860000610351562,44.540000915527344,45.38499069213867,54.939998626708984,7.665999889373779,37.603302001953125,41.4900016784668,60.38999938964844,113.05000305175781,44.25,13.532759666442871,44.39500045776367,35.80500030517578,52.36000061035156,,66.0309829711914,,,21.700000762939453,131.85000610351562,,,,11.95932674407959,49.84723663330078,54.779998779296875,,48.675323486328125,12.430000305175781,5.9670000076293945,5.438654899597168,35.57500076293945,52.29999923706055,2.7119998931884766,17.59000015258789,65.39588165283203,,252.64999389648438,4.256999969482422,14.36400032043457,6.247000217437744,1.343999981880188,92.48999786376953,128.85000610351562,6.784999847412109,,27.55500030517578,33.48500061035156,57.91361618041992,48.9900016784668,38.2400016784668,39.099998474121094,18.81879234313965,120.9000015258789,14.199999809265137
2012-04-01,11.899999618530273,29.77638816833496,,22.520000457763672,79.08418273925781,65.30000305175781,,30.829999923706055,32.58000183105469,48.83230972290039,60.17027282714844,13.484999656677246,23.02666664123535,42.27000045776367,102.7699966430664,59.7400016784668,106.55999755859375,75.97000122070312,25.399999618530273,35.650001525878906,9.792499542236328,70.0999984741211,38.15999984741211,49.470001220703125,59.45000076293945,42.003231048583984,63.689998626708984,52.540000915527344,76.9000015258789,36.77000045776367,157.97000122070312,40.0,86.33999633789062,104.86000061035156,11.704999923706055,100.66000366210938,41.836666107177734,67.5,64.77999877929688,14.529999732971191,57.380001068115234,197.97323608398438,79.62999725341797,65.0999984741211,,75.23490142822266,115.69999694824219,31.469999313354492,27.954999923706055,97.44999694824219,38.20000076293945,16.087499618530273,53.900001525878906,39.209999084472656,29.106782913208008,66.0,52.619998931884766,63.63999938964844,38.120155334472656,101.9000015258789,46.51844787597656,40.09333419799805,73.16000366210938,28.899999618530273,63.119998931884766,57.939998626708984,207.82000732421875,19.636667251586914,22.450000762939453,63.0,29.825000762939453,84.18000030517578,62.189998626708984,52.36369705200195,53.0,71.80999755859375,31.366666793823242,16.350000381469727,49.77527618408203,,27.980846405029297,47.43000030517578,14.100000381469727,8.517000198364258,15.511385917663574,25.087297439575195,53.630001068115234,24.93000030517578,45.665000915527344,41.53499984741211,56.20000076293945,7.520999908447266,34.73793411254883,41.5,63.619998931884766,109.6500015258789,46.1150016784668,14.477445602416992,42.42499923706055,32.47499084472656,50.09000015258789,,61.121681213378906,,,21.899999618530273,143.10000610351562,,,,11.029285430908203,48.4559440612793,54.45000076293945,,49.92207717895508,10.699999809265137,5.105999946594238,4.4489521980285645,30.350000381469727,53.150001525878906,2.4800000190734863,16.770000457763672,65.11210632324219,,267.25,3.5169999599456787,13.59000015258789,5.327000141143799,1.1430000066757202,90.88999938964844,125.1500015258789,6.559999942779541,,28.0,31.645000457763672,57.34671401977539,46.40999984741211,36.06999969482422,35.0,15.061046600341797,128.9499969482422,13.039999961853027
2012-05-01,11.539999961853027,29.646841049194336,,20.040000915527344,73.11748504638672,60.70000076293945,,31.8799991607666,33.13999938964844,45.7857780456543,56.08988952636719,12.800000190734863,23.24799919128418,41.380001068115234,87.62000274658203,58.2599983215332,98.30999755859375,72.33000183105469,26.6200008392334,36.08000183105469,9.225000381469727,68.80000305175781,37.3650016784668,49.150001525878906,60.36000061035156,37.9141845703125,63.209999084472656,46.77000045776367,71.87000274658203,36.0099983215332,150.4600067138672,38.25,78.62999725341797,105.43000030517578,11.057499885559082,98.27999877929688,35.5966682434082,64.01000213623047,63.0,14.954999923706055,56.150001525878906,184.4168243408203,76.55999755859375,62.43000030517578,,76.07862091064453,106.23999786376953,26.719999313354492,28.18000030517578,89.33999633789062,36.84000015258789,16.334999084472656,53.61000061035156,35.7599983215332,27.37407684326172,67.8499984741211,51.720001220703125,62.290000915527344,37.14147186279297,101.22000122070312,41.040679931640625,43.21333312988281,66.25,27.90999984741211,57.59000015258789,57.90999984741211,193.64999389648438,21.940000534057617,23.899999618530273,60.189998626708984,27.06999969482422,73.11000061035156,56.380001068115234,50.326622009277344,50.97999954223633,61.099998474121094,30.3700008392334,13.34000015258789,45.78482437133789,,24.75883674621582,38.51499938964844,13.319999694824219,7.973999977111816,13.395167350769043,25.420019149780273,53.689998626708984,20.579999923706055,43.255001068115234,35.08000183105469,52.689998626708984,6.388000011444092,31.132307052612305,37.404998779296875,59.220001220703125,100.25,41.459999084472656,15.0512113571167,33.369998931884766,29.53499984741211,46.400001525878906,,58.09922790527344,,,22.71500015258789,129.10000610351562,,,,10.936051368713379,48.09149932861328,54.75,,48.18181610107422,9.081000328063965,4.6020002365112305,4.048357963562012,25.725000381469727,51.88999938964844,2.302000045776367,15.600000381469727,67.59759521484375,,261.6000061035156,3.075000047683716,13.36400032043457,4.671000003814697,1.003000020980835,90.91999816894531,119.4000015258789,5.945000171661377,,27.774999618530273,28.6200008392334,54.701168060302734,43.06999969482422,34.76499938964844,32.30500030517578,12.415593147277832,121.69999694824219,11.744999885559082
2012-06-01,12.22249984741211,30.932706832885742,,21.295000076293945,74.68085479736328,59.63999938964844,37.0,29.520000457763672,35.06999969482422,48.867427825927734,57.33241271972656,13.635000228881836,25.82666778564453,42.0,84.91000366210938,58.529998779296875,105.5,74.12999725341797,27.735000610351562,38.06999969482422,9.65250015258789,72.45999908447266,39.095001220703125,52.04999923706055,62.189998626708984,35.93669509887695,68.52999877929688,46.58000183105469,71.61000061035156,38.810001373291016,153.9199981689453,38.75,85.56999969482422,92.94000244140625,10.077500343322754,104.08999633789062,36.996665954589844,65.95999908447266,60.25,15.210000038146973,52.88999938964844,186.97897338867188,75.5199966430664,67.55999755859375,,80.31639862060547,108.7300033569336,28.440000534057617,30.325000762939453,88.52999877929688,38.72999954223633,17.202499389648438,51.290000915527344,37.900001525878906,25.708528518676758,70.66000366210938,53.060001373291016,61.25,40.47480773925781,98.58000183105469,42.57332229614258,44.116668701171875,64.36000061035156,29.809999465942383,62.959999084472656,58.189998626708984,191.24000549316406,23.239999771118164,25.2450008392334,56.459999084472656,27.940000534057617,79.11000061035156,54.70000076293945,55.87691879272461,51.150001525878906,56.93000030517578,29.059999465942383,13.359999656677246,44.6087646484375,,24.26085090637207,42.529998779296875,13.9399995803833,8.654000282287598,15.407160758972168,27.21006965637207,55.83000183105469,20.969999313354492,46.88999938964844,37.76499938964844,52.369998931884766,5.331999778747559,29.398113250732422,39.36000061035156,57.939998626708984,111.1500015258789,39.14500045776367,15.283036231994629,38.70000076293945,32.17499923706055,46.54499816894531,,57.77602005004883,,,23.989999771118164,124.5999984741211,,,,11.250285148620605,49.5099983215332,61.29999923706055,,52.032466888427734,10.479999542236328,5.629000186920166,4.921182155609131,30.334999084472656,49.01499938964844,2.5420000553131104,16.780000686645508,71.72703552246094,,242.25,3.7190001010894775,16.305999755859375,5.265999794006348,1.1180000305175781,92.23999786376953,119.8499984741211,6.775000095367432,,29.200000762939453,29.100000381469727,59.41541290283203,43.72999954223633,35.5,36.78499984741211,14.930777549743652,118.8499984741211,12.529999732971191
2012-07-01,12.354999542236328,31.81553840637207,,21.889999389648438,74.40332794189453,58.220001220703125,37.0,26.09000015258789,35.849998474121094,49.6488151550293,58.068721771240234,12.619999885559082,24.94933319091797,43.09000015258789,84.20999908447266,52.849998474121094,109.58000183105469,73.5,28.80500030517578,37.84000015258789,9.907500267028809,72.70999908447266,40.400001525878906,53.68000030517578,64.5,36.51318359375,65.44999694824219,47.77000045776367,71.29000091552734,39.880001068115234,157.36000061035156,35.56999969482422,86.8499984741211,92.95999908447266,10.779999732971191,108.66000366210938,38.31666564941406,63.439998626708984,64.02999877929688,13.954999923706055,54.34000015258789,187.3613739013672,76.80000305175781,69.22000122070312,,83.32694244384766,103.76000213623047,25.3700008392334,30.440000534057617,89.36000061035156,39.41999816894531,17.725000381469727,51.2599983215332,39.20000076293945,29.435863494873047,72.7300033569336,54.72999954223633,64.54000091552734,39.922481536865234,99.44999694824219,44.4276237487793,44.78333282470703,66.88999938964844,29.389999389648438,60.75,60.650001525878906,204.8300018310547,24.809999465942383,24.889999389648438,61.11000061035156,29.260000228881836,81.08999633789062,59.47999954223633,60.925323486328125,53.91999816894531,60.77000045776367,29.739999771118164,12.670000076293945,50.155967712402344,,21.175039291381836,40.46500015258789,14.640000343322754,9.177000045776367,15.724367141723633,28.88033676147461,59.04999923706055,21.96500015258789,48.77000045776367,37.86000061035156,58.5,5.928999900817871,33.86043930053711,40.939998626708984,61.18000030517578,115.5999984741211,42.02000045776367,16.80148696899414,40.720001220703125,32.0,51.86000061035156,,60.36170196533203,,,25.559999465942383,139.0,,,,11.389561653137207,50.02132034301758,64.16999816894531,,61.324676513671875,9.949999809265137,5.323999881744385,4.665743827819824,30.170000076293945,49.47999954223633,2.3259999752044678,16.84000015258789,69.31982421875,,221.64999389648438,2.950000047683716,16.766000747680664,5.38100004196167,1.0329999923706055,97.62000274658203,122.55000305175781,7.599999904632568,,27.594999313354492,24.559999465942383,66.10884857177734,46.029998779296875,37.60499954223633,34.54999923706055,13.8685884475708,129.8000030517578,13.515000343322754
2012-08-01,13.677499771118164,31.44609260559082,,23.09000015258789,76.39222717285156,54.72999954223633,37.75,26.75,34.939998626708984,50.99209976196289,58.27581024169922,13.119999885559082,25.639999389648438,39.54999923706055,85.33000183105469,56.61000061035156,112.16000366210938,73.7300033569336,27.3700008392334,38.65999984741211,10.104999542236328,72.75,37.400001525878906,53.154998779296875,60.619998931884766,38.75210189819336,64.02999877929688,50.720001220703125,63.77000045776367,37.66999816894531,151.97999572753906,36.61000061035156,87.30000305175781,92.2699966430664,10.772500038146973,107.91000366210938,39.133331298828125,65.51000213623047,63.15999984741211,14.359999656677246,59.290000915527344,186.28106689453125,84.97000122070312,67.43000030517578,,80.15340423583984,105.5,28.479999542236328,30.719999313354492,89.48999786376953,40.65999984741211,16.827499389648438,58.810001373291016,37.650001525878906,28.542646408081055,72.43000030517578,55.0099983215332,67.19000244140625,40.82364273071289,102.79000091552734,48.4389762878418,47.69333267211914,65.77999877929688,30.299999237060547,61.439998626708984,64.08999633789062,205.9600067138672,24.200000762939453,23.674999237060547,62.209999084472656,30.31999969482422,87.2699966430664,61.810001373291016,60.68914031982422,57.0,57.65999984741211,31.583332061767578,12.600000381469727,53.74533462524414,,24.069316864013672,40.93000030517578,15.444999694824219,9.484999656677246,16.571760177612305,28.221546173095703,57.33000183105469,21.0,48.56999969482422,40.16999816894531,60.09000015258789,5.494999885559082,32.43815231323242,45.470001220703125,60.66999816894531,117.69999694824219,41.099998474121094,16.56966209411621,39.345001220703125,33.345001220703125,52.40999984741211,,65.88248443603516,,,26.915000915527344,140.39999389648438,,,,11.314743995666504,51.43431854248047,66.77999877929688,,58.48701095581055,11.510000228881836,6.072999954223633,5.344398021697998,34.55500030517578,49.54999923706055,2.619999885559082,17.6200008392334,67.90094757080078,,228.9499969482422,3.1540000438690186,17.68199920654297,6.081999778747559,1.25,97.73999786376953,129.8000030517578,7.34499979019165,,27.854999542236328,27.274999618530273,64.69656372070312,50.209999084472656,39.70500183105469,34.59000015258789,15.772513389587402,129.5,14.300000190734863
2012-09-01,14.385000228881836,32.89508819580078,,23.940000534057617,76.50323486328125,52.68000030517578,37.75,27.18000030517578,35.790000915527344,51.50131607055664,60.254638671875,13.03499984741211,26.100000381469727,38.970001220703125,86.04000091552734,58.58000183105469,116.55999755859375,75.5999984741211,26.9950008392334,37.869998931884766,10.357500076293945,72.05000305175781,37.93000030517578,53.61000061035156,59.88999938964844,39.878265380859375,64.80999755859375,48.27000045776367,64.2699966430664,38.22999954223633,148.24000549316406,36.349998474121094,91.44999694824219,96.41999816894531,10.7475004196167,105.30000305175781,41.689998626708984,66.12000274658203,61.029998779296875,14.619999885559082,59.470001220703125,198.32696533203125,86.33000183105469,68.91000366210938,,82.2435302734375,103.87999725341797,30.239999771118164,31.020000457763672,91.75,43.119998931884766,17.582500457763672,58.54999923706055,38.2599983215332,29.892545700073242,70.7699966430664,57.41999816894531,69.36000061035156,39.622093200683594,109.88999938964844,51.64616775512695,49.63666534423828,76.25,31.270000457763672,63.29999923706055,63.470001220703125,208.3699951171875,24.600000381469727,26.53499984741211,63.84000015258789,24.665000915527344,92.58999633789062,65.6500015258789,65.76707458496094,57.099998474121094,56.90999984741211,33.20000076293945,13.890000343322754,51.80109405517578,,26.171924591064453,43.064998626708984,15.199999809265137,9.574999809265137,16.734895706176758,30.058176040649414,57.060001373291016,23.545000076293945,49.72499084472656,40.77000045776367,61.88999938964844,4.938000202178955,31.327768325805664,48.0,62.150001525878906,121.5,46.54499816894531,16.59864044189453,36.29999923706055,34.814998626708984,55.11000061035156,,67.79553985595703,,,26.350000381469727,141.9499969482422,,,,11.219206809997559,53.02875518798828,66.16999816894531,,54.01298522949219,11.59000015258789,6.11299991607666,5.462220191955566,36.97999954223633,47.90999984741211,2.752000093460083,17.020000457763672,71.30626678466797,,209.0,3.5280001163482666,19.326000213623047,6.14900016784668,1.1829999685287476,96.26000213623047,117.0,7.675000190734863,,27.985000610351562,27.334999084472656,65.989501953125,46.05500030517578,38.599998474121094,33.14500045776367,16.19338035583496,130.1999969482422,14.630000114440918
2012-10-01,15.192500114440918,31.42690086364746,,24.889999389648438,71.72062683105469,55.11000061035156,39.75,26.84000015258789,35.970001220703125,50.73748779296875,58.045711517333984,12.774999618530273,25.624000549316406,41.130001068115234,84.80999755859375,60.310001373291016,110.23999786376953,78.6500015258789,25.3799991607666,39.84000015258789,10.452500343322754,72.30000305175781,37.18000030517578,52.47999954223633,60.380001068115234,39.026939392089844,69.5999984741211,48.43000030517578,62.220001220703125,39.29999923706055,150.0,36.61000061035156,91.16999816894531,90.55000305175781,11.175000190734863,107.83000183105469,42.599998474121094,68.08000183105469,62.58000183105469,14.765000343322754,61.33000183105469,185.9751434326172,85.63999938964844,70.81999969482422,,80.00959014892578,106.20999908447266,32.380001068115234,30.809999465942383,86.80000305175781,41.58000183105469,17.514999389648438,59.029998779296875,40.130001068115234,28.368032455444336,69.23999786376953,58.540000915527344,69.23999786376953,38.05232620239258,109.16999816894531,52.29895782470703,47.526668548583984,69.30000305175781,31.06999969482422,64.87999725341797,63.75,201.41000366210938,25.00666618347168,26.934999465942383,65.7300033569336,27.40999984741211,95.66000366210938,63.93000030517578,66.12134552001953,56.11000061035156,61.45000076293945,32.413333892822266,14.779999732971191,52.56927490234375,,29.768489837646484,41.7599983215332,15.295000076293945,8.809000015258789,15.88750171661377,29.279605865478516,54.189998626708984,24.09000015258789,54.27000045776367,40.88999938964844,61.61000061035156,5.25,29.963701248168945,49.29999923706055,64.77999877929688,124.0,51.220001220703125,15.538043022155762,36.814998626708984,35.255001068115234,56.20000076293945,,67.73439025878906,,,27.735000610351562,159.60000610351562,,,,11.306687355041504,50.03231430053711,64.51000213623047,,55.1298713684082,12.265000343322754,6.436999797821045,5.456563949584961,38.810001373291016,47.42499923706055,2.9000000953674316,17.709999084472656,68.05751037597656,,210.60000610351562,3.990000009536743,19.687999725341797,6.815999984741211,1.2389999628067017,98.2699966430664,125.4000015258789,6.989999771118164,,30.69499969482422,27.190000534057617,67.4515151977539,48.23500061035156,38.81999969482422,34.14500045776367,17.06517791748047,150.39999389648438,14.930000305175781
2012-11-01,15.737500190734863,31.187000274658203,,26.4950008392334,76.72525024414062,59.790000915527344,41.0,26.700000762939453,35.0099983215332,49.81562805175781,58.805030822753906,13.420000076293945,28.07200050354004,40.45000076293945,85.23999786376953,61.7400016784668,105.69000244140625,79.2300033569336,27.075000762939453,40.52000045776367,10.359999656677246,76.3499984741211,37.91999816894531,54.25,55.790000915527344,42.626644134521484,72.08000183105469,50.22999954223633,71.27999877929688,38.7400016784668,140.49000549316406,37.41999816894531,88.13999938964844,92.38999938964844,10.452500343322754,104.04000091552734,44.00666809082031,66.5,65.08999633789062,15.505000114440918,61.56999969482422,181.71128845214844,88.45999908447266,69.7300033569336,,82.18600463867188,107.20999908447266,36.09000015258789,32.279998779296875,87.04000091552734,42.11000061035156,17.177499771118164,61.189998626708984,41.18000030517578,32.56547927856445,70.20999908447266,62.1349983215332,69.83000183105469,39.41860580444336,111.52999877929688,50.24597930908203,50.84000015258789,71.91000366210938,31.649999618530273,64.66999816894531,63.130001068115234,194.02000427246094,24.00666618347168,27.014999389648438,67.62000274658203,25.889999389648438,99.94999694824219,68.9000015258789,68.44380950927734,60.29999923706055,68.19000244140625,33.133331298828125,13.8100004196167,57.85135269165039,,28.891693115234375,43.310001373291016,15.960000038146973,8.470000267028809,12.552305221557617,29.57240104675293,52.79999923706055,25.125,56.650001525878906,41.78499984741211,64.25,5.895999908447266,31.589767456054688,51.42499923706055,68.38999938964844,131.25,57.0,16.476932525634766,35.595001220703125,32.064998626708984,60.040000915527344,,69.27182006835938,,,26.774999618530273,166.4499969482422,,,,11.22956657409668,51.63224792480469,67.38999938964844,,48.040000915527344,12.635000228881836,6.52400016784668,5.574386119842529,42.94499969482422,48.775001525878906,2.9140000343322754,18.18000030517578,72.65665435791016,,237.60000610351562,3.819999933242798,21.079999923706055,6.909999847412109,1.2940000295639038,104.3499984741211,134.89999389648438,7.010000228881836,,31.489999771118164,30.68000030517578,68.28694915771484,54.040000915527344,38.474998474121094,33.92499923706055,17.936975479125977,156.39999389648438,14.779999732971191
2012-12-01,15.767499923706055,31.42690086364746,,26.559999465942383,77.72432708740234,62.119998931884766,41.849998474121094,27.389999389648438,35.119998931884766,49.98244094848633,59.970855712890625,12.729999542236328,25.299999237060547,41.18000030517578,89.61000061035156,63.220001220703125,108.13999938964844,79.80000305175781,26.78499984741211,39.15999984741211,10.225000381469727,73.22000122070312,36.25,52.27000045776367,55.540000915527344,44.04775619506836,71.9000015258789,52.959999084472656,69.22000122070312,39.08000183105469,146.64999389648438,39.54999923706055,86.55000305175781,88.05999755859375,11.662500381469727,104.0199966430664,41.900001525878906,69.2699966430664,63.58000183105469,15.604999542236328,60.810001373291016,183.12619018554688,86.23999786376953,70.0999984741211,,80.94918823242188,109.44999694824219,35.52000045776367,31.764999389648438,88.20999908447266,41.02000045776367,17.297500610351562,63.119998931884766,43.15999984741211,33.008731842041016,68.43000030517578,67.67500305175781,67.88999938964844,38.96317672729492,111.4800033569336,51.72185516357422,51.27333450317383,73.97000122070312,31.65999984741211,65.12000274658203,59.16999816894531,202.3699951171875,22.74333381652832,27.375,67.33000183105469,29.5,104.80000305175781,71.1500015258789,70.74658966064453,61.880001068115234,72.93000030517578,33.143333435058594,14.34000015258789,59.5440673828125,,28.048948287963867,46.209999084472656,16.600000381469727,8.595000267028809,12.769817352294922,28.980154037475586,52.310001373291016,24.469999313354492,58.959999084472656,45.83000183105469,62.20000076293945,6.129000186920166,34.36780548095703,49.915000915527344,68.80000305175781,136.0,61.70000076293945,15.937939643859863,36.400001525878906,31.239999771118164,60.689998626708984,,71.80509185791016,,,27.1200008392334,172.14999389648438,,,,11.665811538696289,52.259029388427734,65.73999786376953,,48.0,13.350000381469727,6.960000038146973,5.749704837799072,42.584999084472656,49.904998779296875,3.138000011444092,18.34000015258789,74.388671875,,226.3000030517578,4.195000171661377,21.100000381469727,7.060999870300293,1.2999999523162842,104.9000015258789,138.8000030517578,7.239999771118164,,32.595001220703125,32.220001220703125,71.00211334228516,54.83000183105469,39.0099983215332,35.959999084472656,18.568275451660156,162.75,15.475000381469727
2013-01-01,17.31999969482422,33.880001068115234,,26.530000686645508,80.87881469726562,61.310001373291016,44.20000076293945,28.530000686645508,37.36000061035156,52.05443572998047,64.4577407836914,13.670000076293945,25.8799991607666,43.810001373291016,98.38999938964844,66.1500015258789,115.1500015258789,85.33000183105469,28.895000457763672,42.439998626708984,10.5649995803833,78.41000366210938,37.2400016784668,53.685001373291016,56.880001068115234,46.373817443847656,72.4000015258789,57.25,71.33999633789062,40.72999954223633,153.77999877929688,42.900001525878906,89.97000122070312,92.5199966430664,12.420000076293945,105.8499984741211,45.62666702270508,66.30000305175781,68.02999877929688,17.30500030517578,62.83000183105469,194.1395721435547,88.62999725341797,73.91999816894531,,85.81974792480469,110.37000274658203,38.189998626708984,31.174999237060547,95.29000091552734,46.599998474121094,18.012500762939453,67.62000274658203,46.0099983215332,34.0362663269043,72.8499984741211,68.93499755859375,75.16000366210938,42.32558059692383,117.44999694824219,54.41816329956055,54.04666519165039,76.83000183105469,31.770000457763672,71.41000366210938,60.40999984741211,217.82000732421875,23.316667556762695,29.604999542236328,68.44999694824219,34.60499954223633,105.3499984741211,74.66000366210938,71.5240249633789,64.6500015258789,74.1500015258789,34.983333587646484,16.139999389648438,58.76908874511719,,32.52656555175781,48.45500183105469,17.295000076293945,9.053999900817871,11.605216979980469,29.828596115112305,51.93000030517578,26.700000762939453,59.459999084472656,46.38999938964844,65.02999877929688,6.644999980926514,35.661170959472656,51.224998474121094,70.20999908447266,135.35000610351562,64.0999984741211,17.931631088256836,39.209999084472656,27.704999923706055,60.34000015258789,,70.61707305908203,,,26.05500030517578,182.14999389648438,,,,12.454276084899902,51.758705139160156,63.900001525878906,,55.29999923706055,13.640000343322754,7.324999809265137,5.8241682052612305,46.209999084472656,51.040000915527344,3.2119998931884766,18.489999771118164,73.47862243652344,,239.4499969482422,3.9719998836517334,20.639999389648438,7.448999881744385,1.5019999742507935,109.4000015258789,138.85000610351562,8.149999618530273,,33.814998626708984,30.3700008392334,71.46955871582031,56.099998474121094,39.93000030517578,37.525001525878906,23.829120635986328,170.0500030517578,14.930000305175781
2013-02-01,17.88249969482422,33.790000915527344,36.91999816894531,24.975000381469727,79.87049102783203,65.08000183105469,47.79999923706055,31.860000610351562,38.16999816894531,53.87181854248047,67.54103088378906,15.0,26.24799919128418,46.209999084472656,92.37000274658203,57.02000045776367,117.1500015258789,85.38999938964844,30.979999542236328,45.0099983215332,10.975000381469727,84.01000213623047,38.720001220703125,57.21500015258789,59.0,49.16912078857422,76.55000305175781,56.70000076293945,73.19999694824219,41.5099983215332,148.99000549316406,38.849998474121094,89.55000305175781,97.29000091552734,12.907500267028809,106.20999908447266,47.08333206176758,67.97000122070312,71.02999877929688,18.704999923706055,61.5,191.9980926513672,95.30000305175781,76.11000061035156,,90.39309692382812,113.05000305175781,38.150001525878906,33.6349983215332,95.9000015258789,44.959999084472656,17.967500686645508,63.400001525878906,45.04999923706055,35.77568817138672,75.7699966430664,67.33000183105469,76.18000030517578,44.2344970703125,124.61000061035156,44.03973388671875,53.86333465576172,78.69999694824219,32.15999984741211,71.19000244140625,62.959999084472656,226.4600067138672,23.593332290649414,30.209999084472656,69.80000305175781,39.18000030517578,104.69999694824219,72.18000030517578,74.65345001220703,66.79000091552734,70.69999694824219,36.400001525878906,14.130000114440918,61.121212005615234,,29.87063980102539,47.48500061035156,17.184999465942383,8.22700023651123,11.591623306274414,31.32252311706543,52.529998779296875,27.274999618530273,59.93000030517578,52.81999969482422,67.51000213623047,6.560999870300293,37.981746673583984,54.0,71.22000122070312,137.6999969482422,60.72999954223633,18.870521545410156,42.150001525878906,28.135000228881836,59.849998474121094,,69.55135345458984,,,29.045000076293945,167.25,,,,12.661462783813477,51.241886138916016,71.76000213623047,,54.52000045776367,13.305000305175781,7.431000232696533,5.477301120758057,43.10499954223633,53.189998626708984,2.7720000743865967,17.459999084472656,77.35364532470703,,255.1999969482422,3.7899999618530273,20.530000686645508,6.1579999923706055,1.2430000305175781,114.55000305175781,131.89999389648438,8.869999885559082,,35.08000183105469,30.55500030517578,72.1856460571289,58.91999816894531,38.29499816894531,35.45000076293945,19.500198364257812,157.85000610351562,15.260000228881836
2013-03-01,18.392499923706055,35.31999969482422,40.779998779296875,26.010000228881836,80.592041015625,62.52000045776367,48.79999923706055,33.72999954223633,42.689998626708984,57.09394073486328,73.33180236816406,16.020000457763672,28.559999465942383,41.619998931884766,86.97000122070312,59.459999084472656,118.81999969482422,88.97000122070312,32.314998626708984,47.220001220703125,11.032500267028809,88.52999877929688,40.439998626708984,59.01499938964844,61.029998779296875,48.854061126708984,80.18000030517578,55.869998931884766,75.52999877929688,43.459999084472656,150.5800018310547,35.72999954223633,90.11000061035156,92.5999984741211,12.832500457763672,108.04000091552734,50.27000045776367,70.51000213623047,78.0,20.65999984741211,60.939998626708984,203.91969299316406,99.16000366210938,81.52999877929688,,93.94055938720703,111.54000091552734,37.91999816894531,36.775001525878906,99.69000244140625,46.959999084472656,19.420000076293945,65.94999694824219,46.150001525878906,35.42646026611328,79.11000061035156,66.97000122070312,77.05999755859375,43.94379806518555,127.30999755859375,49.271522521972656,56.29666519165039,80.97000122070312,35.16999816894531,74.87000274658203,68.44999694824219,224.97999572753906,24.94333267211914,32.470001220703125,80.94000244140625,39.70000076293945,105.94999694824219,68.31999969482422,79.19013214111328,72.04000091552734,67.30999755859375,40.599998474121094,11.449999809265137,63.405357360839844,,25.891008377075195,47.244998931884766,17.975000381469727,8.246000289916992,12.343854904174805,32.03787612915039,52.650001525878906,25.709999084472656,61.189998626708984,56.060001373291016,75.08999633789062,6.159999847412109,35.30352020263672,58.849998474121094,73.94999694824219,145.89999389648438,57.02000045776367,18.847339630126953,36.084999084472656,29.075000762939453,62.5,,73.40367126464844,,,30.90999984741211,155.0,,,,13.76070785522461,52.11058044433594,77.25,,52.470001220703125,13.40999984741211,6.763000011444092,4.940976142883301,40.040000915527344,54.279998779296875,2.5460000038146973,17.530000686645508,84.88841247558594,,270.8500061035156,3.632999897003174,20.68000030517578,5.5370001792907715,1.1419999599456787,123.69999694824219,133.89999389648438,8.734999656677246,,34.79499816894531,28.920000076293945,78.83930206298828,57.0,37.35499954223633,35.14500045776367,16.68439292907715,146.75,17.03499984741211
2013-04-01,18.857500076293945,36.91999816894531,46.04999923706055,27.219999313354492,80.44403076171875,61.25,50.25,33.939998626708984,44.369998931884766,59.12203598022461,72.32704162597656,15.494999885559082,28.200000762939453,44.220001220703125,84.66999816894531,59.38999938964844,122.01000213623047,89.13999938964844,31.94499969482422,48.90999984741211,11.217499732971191,86.25,42.33000183105469,59.70500183105469,63.650001525878906,46.23975372314453,84.62000274658203,55.5099983215332,79.56999969482422,45.33000183105469,157.0500030517578,35.93000030517578,88.98999786376953,94.06999969482422,12.262499809265137,117.01000213623047,51.5533332824707,73.95999908447266,76.33000183105469,20.635000228881836,64.55999755859375,193.6328887939453,103.2300033569336,85.2300033569336,,98.93576049804688,114.30000305175781,38.41999816894531,35.970001220703125,102.13999938964844,46.68000030517578,20.50749969482422,69.48999786376953,43.619998931884766,36.501007080078125,82.47000122070312,73.56999969482422,76.7699966430664,49.38953399658203,119.6500015258789,51.192054748535156,61.03666687011719,74.80999755859375,34.86000061035156,72.5,70.55999755859375,246.47000122070312,25.906667709350586,31.93000030517578,79.30000305175781,40.10499954223633,112.05000305175781,70.91999816894531,77.96000671386719,68.7300033569336,70.05000305175781,43.150001525878906,10.21500015258789,61.29116439819336,,29.7174129486084,47.400001525878906,18.020000457763672,8.982000350952148,12.47073745727539,31.68186378479004,52.400001525878906,25.684999465942383,64.12000274658203,54.66999816894531,71.5999984741211,5.994999885559082,34.94586944580078,57.79999923706055,71.83999633789062,151.85000610351562,59.4900016784668,17.43900489807129,35.96500015258789,27.334999084472656,60.310001373291016,,69.27182006835938,,,32.400001525878906,153.89999389648438,,,,13.789484024047852,52.847320556640625,72.25,,56.45000076293945,14.21500015258789,7.369999885559082,5.1756768226623535,42.310001373291016,58.0099983215332,2.936000108718872,18.15999984741211,83.60652160644531,,256.1000061035156,4.090000152587891,20.40999984741211,6.23199987411499,1.3769999742507935,135.39999389648438,131.5,9.024999618530273,,37.290000915527344,30.454999923706055,82.76783752441406,57.900001525878906,38.27000045776367,36.560001373291016,19.840900421142578,147.60000610351562,16.799999237060547
2013-05-01,19.600000381469727,36.66999816894531,42.689998626708984,27.844999313354492,87.33580017089844,66.91999816894531,48.04999923706055,32.22999954223633,42.220001220703125,60.33362579345703,75.64043426513672,16.135000228881836,27.527999877929688,46.959999084472656,85.80000305175781,56.70000076293945,122.75,89.68000030517578,30.405000686645508,47.34000015258789,11.412500381469727,83.08000183105469,39.9900016784668,57.84000015258789,57.06999969482422,52.453765869140625,84.47000122070312,57.459999084472656,75.91000366210938,41.66999816894531,157.13999938964844,39.029998779296875,90.47000122070312,98.19000244140625,13.045000076293945,107.75,51.60333251953125,77.0999984741211,77.73999786376953,19.90999984741211,70.12999725341797,198.87188720703125,100.95999908447266,84.18000030517578,,92.83796691894531,114.33000183105469,42.11000061035156,34.540000915527344,96.56999969482422,51.0099983215332,18.905000686645508,71.22000122070312,44.5099983215332,39.11349868774414,80.7699966430664,76.80500030517578,76.76000213623047,44.04069900512695,124.22000122070312,51.60832595825195,62.84333419799805,79.22000122070312,33.79999923706055,75.91000366210938,69.5,257.44000244140625,24.946666717529297,34.275001525878906,84.08999633789062,44.45000076293945,119.75,75.2300033569336,81.57164001464844,69.52999877929688,73.69000244140625,39.166664123535156,8.079999923706055,69.10211944580078,,30.709129333496094,49.790000915527344,19.559999465942383,8.838000297546387,11.836324691772461,30.437480926513672,52.400001525878906,28.1299991607666,58.31999969482422,58.4900016784668,74.5999984741211,6.550000190734863,41.096641540527344,61.125,77.8499984741211,144.64999389648438,64.37000274658203,16.77250862121582,38.79999923706055,26.454999923706055,58.029998779296875,,71.28970336914062,,,31.514999389648438,168.9499969482422,,,,14.416802406311035,54.623191833496094,71.12999725341797,,64.26000213623047,15.630000114440918,7.247000217437744,5.22186279296875,45.32500076293945,56.7400016784668,2.9179999828338623,17.5,83.30317687988281,,275.20001220703125,4.172999858856201,19.163999557495117,7.23199987411499,1.4589999914169312,130.35000610351562,136.64999389648438,9.5649995803833,,41.095001220703125,33.540000915527344,82.06169891357422,61.34000015258789,38.584999084472656,39.69499969482422,22.015382766723633,165.0500030517578,16.8799991607666
2013-06-01,18.139999389648438,34.880001068115234,41.34000015258789,29.059999465942383,84.70860290527344,62.290000915527344,45.900001525878906,33.90999984741211,41.060001373291016,60.456539154052734,75.80150604248047,16.1200008392334,27.020000457763672,47.20000076293945,82.48999786376953,56.310001373291016,118.33999633789062,89.4800033569336,30.854999542236328,45.91999816894531,11.385000228881836,83.13999938964844,40.11000061035156,57.290000915527344,58.310001373291016,52.058265686035156,85.19000244140625,54.540000915527344,79.69000244140625,42.02000045776367,158.9199981689453,38.040000915527344,90.3499984741211,101.94000244140625,11.447500228881836,103.68000030517578,45.34000015258789,78.33000183105469,78.06999969482422,19.290000915527344,69.16999816894531,182.70555114746094,103.1500015258789,85.86000061035156,,93.13518524169922,115.16000366210938,40.900001525878906,35.18000030517578,99.0,51.470001220703125,20.3700008392334,69.30999755859375,43.31999969482422,38.74412536621094,81.79000091552734,73.20500183105469,76.98999786376953,40.620155334472656,124.22000122070312,50.3216667175293,58.866668701171875,77.30000305175781,34.15999984741211,73.19999694824219,68.86000061035156,252.17999267578125,24.829999923706055,35.130001068115234,83.13999938964844,41.064998626708984,112.25,68.62999725341797,80.62690734863281,67.0,67.18000030517578,38.900001525878906,6.697999954223633,69.74793243408203,,27.3721981048584,50.56999969482422,19.094999313354492,8.96399974822998,11.428487777709961,31.512174606323242,54.529998779296875,27.229999542236328,55.31999969482422,51.66999816894531,72.25,6.429999828338623,38.663780212402344,58.525001525878906,74.0999984741211,141.39999389648438,59.47999954223633,17.49696159362793,35.80500030517578,24.520000457763672,56.2599983215332,,67.83048248291016,,,31.110000610351562,155.5500030517578,,,,13.162165641784668,52.160064697265625,68.38999938964844,,60.619998931884766,15.095000267028809,6.445000171661377,4.6205010414123535,41.974998474121094,57.65999984741211,2.4100000858306885,15.779999732971191,79.98592376708984,,248.0,4.056000232696533,18.968000411987305,7.0,1.2309999465942383,126.25,124.5,8.5649995803833,,40.125,31.100000381469727,79.1874008178711,55.72999954223633,37.505001068115234,38.55500030517578,18.02716064453125,149.75,16.2549991607666
2013-07-01,20.65999984741211,36.630001068115234,45.47999954223633,30.84000015258789,100.4995346069336,62.0099983215332,48.0,36.470001220703125,44.2400016784668,63.292362213134766,79.55207824707031,16.4950008392334,29.003999710083008,50.09000015258789,82.91000366210938,59.619998931884766,125.88999938964844,91.37999725341797,31.850000381469727,49.0099983215332,11.8774995803833,85.94000244140625,40.08000183105469,59.869998931884766,59.900001525878906,57.40754318237305,92.13999938964844,61.369998931884766,80.37000274658203,44.40999984741211,161.2899932861328,40.31999969482422,93.75,109.18000030517578,12.257499694824219,105.33000183105469,48.880001068115234,85.33999633789062,81.98999786376953,21.174999237060547,72.04000091552734,186.46270751953125,112.5199966430664,93.5,,94.72675323486328,120.16999816894531,44.58000183105469,35.80500030517578,98.08000183105469,55.2400016784668,21.65250015258789,72.16000366210938,46.779998779296875,41.02082061767578,83.54000091552734,80.22000122070312,80.30000305175781,42.0639533996582,125.95999908447266,58.52412414550781,58.05666732788086,84.62000274658203,34.5099983215332,75.23999786376953,71.25,262.1400146484375,25.979999542236328,36.880001068115234,83.80000305175781,44.8849983215332,117.19999694824219,66.66000366210938,85.96070098876953,69.5199966430664,73.58999633789062,41.166664123535156,6.427999973297119,80.48883819580078,,28.86189842224121,53.18000030517578,21.06999969482422,9.14799976348877,11.55990219116211,31.56873893737793,47.584999084472656,31.014999389648438,55.900001525878906,57.7400016784668,73.63999938964844,6.633999824523926,43.43385314941406,62.150001525878906,68.5,149.1999969482422,64.04000091552734,18.018566131591797,35.005001068115234,22.614999771118164,55.290000915527344,,74.19914245605469,,,32.45000076293945,178.64999389648438,,,,14.255656242370605,54.8596076965332,72.37999725341797,,67.5999984741211,16.575000762939453,7.118000030517578,5.178504943847656,48.6349983215332,59.400001525878906,2.503999948501587,16.610000610351562,82.29528045654297,,255.39999389648438,4.150000095367432,20.040000915527344,7.679999828338623,1.4259999990463257,125.94999694824219,136.64999389648438,9.515000343322754,,44.13999938964844,34.849998474121094,79.73441314697266,59.810001373291016,40.099998474121094,40.59000015258789,20.502262115478516,171.14999389648438,18.145000457763672
2013-08-01,21.024999618530273,33.33000183105469,42.61000061035156,28.895000457763672,94.48658752441406,62.369998931884766,47.0,35.209999084472656,40.349998474121094,62.47585678100586,74.68936920166016,15.569999694824219,26.79599952697754,50.279998779296875,82.54000091552734,56.869998931884766,120.43000030517578,87.72000122070312,29.674999237060547,45.68000030517578,11.9399995803833,82.69999694824219,38.18000030517578,57.77000045776367,56.22999954223633,57.012046813964844,91.3499984741211,60.369998931884766,73.76000213623047,40.970001220703125,143.30999755859375,40.560001373291016,87.16000366210938,102.3499984741211,10.9975004196167,97.30999755859375,46.15999984741211,83.25,77.01000213623047,20.71500015258789,71.47000122070312,174.25430297851562,106.13999938964844,86.41000366210938,,89.6260757446289,117.4000015258789,45.81999969482422,33.82500076293945,94.36000061035156,51.75,20.09000015258789,66.6500015258789,45.4900016784668,40.3693733215332,79.7300033569336,78.1050033569336,77.88999938964844,38.27519226074219,123.69999694824219,55.222328186035156,57.46666717529297,85.26000213623047,32.02000045776367,70.13999938964844,63.310001373291016,247.35000610351562,24.32666778564453,36.974998474121094,80.0,43.60499954223633,108.4000015258789,66.12999725341797,82.7033462524414,65.19999694824219,71.29000091552734,38.33333206176758,8.795999526977539,77.63365936279297,,27.887208938598633,53.04999923706055,21.860000610351562,9.692000389099121,10.85751724243164,30.29108238220215,49.185001373291016,30.59000015258789,52.790000915527344,52.54999923706055,73.30000305175781,6.860000133514404,43.184326171875,57.474998474121094,67.91999816894531,137.89999389648438,63.599998474121094,17.618669509887695,37.10499954223633,20.795000076293945,55.93000030517578,,72.1978988647461,,,33.08000183105469,172.10000610351562,12.463196754455566,,,13.875812530517578,54.71116256713867,70.37999725341797,,66.30999755859375,16.485000610351562,7.21999979019165,5.033348083496094,47.415000915527344,56.34000015258789,2.502000093460083,17.280000686645508,79.93699645996094,,253.6999969482422,4.01200008392334,20.030000686645508,8.21500015258789,1.4850000143051147,126.25,132.5500030517578,8.850000381469727,,42.01499938964844,35.34000015258789,72.29505157470703,57.900001525878906,41.915000915527344,39.06999969482422,21.43418312072754,168.1999969482422,17.8700008392334
2013-09-01,22.600000381469727,33.189998626708984,44.72999954223633,30.9950008392334,98.58464050292969,62.939998626708984,49.25,36.84000015258789,42.59000015258789,63.54697036743164,76.71421813964844,16.049999237060547,27.25200080871582,52.150001525878906,83.4000015258789,59.59000015258789,121.5,93.55999755859375,30.024999618530273,47.15999984741211,12.800000190734863,81.72000122070312,37.880001068115234,59.29999923706055,55.13999938964844,60.216251373291016,98.76000213623047,64.69999694824219,72.47000122070312,41.25,147.6999969482422,44.060001373291016,86.04000091552734,109.0999984741211,12.567500114440918,101.44999694824219,50.54999923706055,87.5199966430664,80.88999938964844,21.059999465942383,76.2699966430664,177.0363311767578,105.04000091552734,86.69000244140625,,90.3355712890625,120.20999908447266,47.61000061035156,32.349998474121094,96.20999908447266,53.25,20.040000915527344,73.62999725341797,49.02000045776367,43.613162994384766,79.5,83.52999877929688,75.58999633789062,38.51744079589844,132.8699951171875,62.052978515625,60.72666549682617,90.56999969482422,31.829999923706055,71.93000030517578,63.97999954223633,261.7099914550781,24.65333366394043,41.150001525878906,80.18000030517578,47.095001220703125,116.19999694824219,70.9000015258789,85.77372741699219,65.63999938964844,79.47000122070312,41.016666412353516,8.510000228881836,85.17948913574219,,28.891693115234375,55.61000061035156,24.530000686645508,10.71500015258789,11.917892456054688,30.55060577392578,48.09000015258789,30.354999542236328,54.36000061035156,57.0099983215332,76.16999816894531,7.394999980926514,47.925289154052734,57.67499923706055,69.05999755859375,144.4499969482422,64.5999984741211,18.470624923706055,42.470001220703125,25.139999389648438,54.66999816894531,,80.28399658203125,,,32.744998931884766,174.25,12.629372596740723,,,14.739093780517578,56.60249328613281,73.58000183105469,,73.0,17.125,8.260000228881836,5.681839942932129,50.0,55.63999938964844,2.8320000171661377,16.950000762939453,77.79399108886719,,266.1000061035156,4.295000076293945,22.780000686645508,8.35099983215332,1.524999976158142,126.94999694824219,145.60000610351562,8.899999618530273,,45.53499984741211,36.60499954223633,74.56266021728516,62.5099983215332,42.89500045776367,42.970001220703125,23.608667373657227,167.64999389648438,19.05500030517578
2013-10-01,25.825000762939453,36.54999923706055,48.45000076293945,32.4900016784668,100.84181213378906,66.19000244140625,51.5,40.900001525878906,44.27000045776367,65.87357330322266,80.63352966308594,15.96500015258789,29.191999435424805,58.65999984741211,83.36000061035156,59.7400016784668,119.95999908447266,95.44000244140625,32.57500076293945,50.04999923706055,13.442500114440918,90.19000244140625,39.56999969482422,64.7300033569336,58.220001220703125,61.53010940551758,106.0,66.97000122070312,71.81999969482422,42.88999938964844,161.0,45.290000915527344,89.62000274658203,108.94000244140625,12.457500457763672,103.5999984741211,53.86000061035156,86.62999725341797,78.83000183105469,21.729999542236328,78.79000091552734,171.32887268066406,111.20999908447266,92.61000061035156,,103.5474624633789,124.70999908447266,49.779998779296875,34.57500076293945,96.5199966430664,57.400001525878906,21.1875,72.08999633789062,51.77000045776367,45.05708312988281,84.08999633789062,91.29000091552734,80.75,40.35852813720703,126.80999755859375,65.92242431640625,62.66666793823242,79.08999633789062,32.34000015258789,77.41000366210938,64.79000091552734,268.9700012207031,25.583332061767578,48.349998474121094,84.08000183105469,50.61000061035156,123.9000015258789,76.62999725341797,90.08406066894531,70.30999755859375,83.54000091552734,41.599998474121094,9.468999862670898,91.7396011352539,,30.330318450927734,55.45000076293945,24.924999237060547,11.600000381469727,12.194314956665039,31.851551055908203,48.7599983215332,32.04999923706055,59.09000015258789,58.060001373291016,79.69999694824219,7.129000186920166,50.270816802978516,61.29999923706055,73.58999633789062,153.89999389648438,68.98999786376953,19.635543823242188,45.685001373291016,27.190000534057617,57.86000061035156,,84.89946746826172,,,31.219999313354492,187.1999969482422,12.762312889099121,,,16.137609481811523,55.1455078125,76.5999984741211,,69.91999816894531,18.399999618530273,8.628999710083008,6.163495063781738,54.540000915527344,54.619998931884766,3.25,18.649999618530273,77.40257263183594,,250.89999389648438,4.627999782562256,24.200000762939453,9.383000373840332,1.8309999704360962,126.1500015258789,141.8000030517578,9.470000267028809,,47.07500076293945,38.744998931884766,78.11326599121094,62.04999923706055,45.26499938964844,47.244998931884766,27.757219314575195,180.5,19.979999542236328
2013-11-01,27.075000762939453,38.189998626708984,48.45000076293945,33.185001373291016,100.67530059814453,68.70999908447266,50.75,40.25,44.45000076293945,70.25460815429688,83.28731536865234,15.8100004196167,30.007999420166016,64.5999984741211,84.5999984741211,58.650001525878906,122.44000244140625,102.77999877929688,32.625,52.40999984741211,13.875,93.16999816894531,40.189998626708984,65.80999755859375,55.209999084472656,60.826255798339844,107.16999816894531,66.98999786376953,72.98999786376953,41.08000183105469,151.80999755859375,43.439998626708984,93.4800033569336,113.0,11.632499694824219,103.5199966430664,55.38999938964844,91.66000366210938,82.83999633789062,22.510000228881836,79.58000183105469,171.7781982421875,104.23999786376953,94.66000366210938,,104.65963745117188,126.26000213623047,47.47999954223633,34.5,97.37000274658203,57.31999969482422,21.147499084472656,72.12000274658203,51.060001373291016,47.494964599609375,84.45999908447266,92.02999877929688,84.22000122070312,36.92829513549805,129.6999969482422,70.48249816894531,61.0099983215332,81.38999938964844,33.630001068115234,80.45999908447266,63.93000030517578,257.9200134277344,27.003332138061523,49.91999816894531,89.5199966430664,52.2599983215332,127.8499984741211,78.5999984741211,96.63813018798828,74.7300033569336,84.56999969482422,43.56666564941406,10.9399995803833,104.4859390258789,,30.211143493652344,56.91999816894531,26.030000686645508,11.6850004196167,12.833258628845215,34.669715881347656,51.439998626708984,34.30500030517578,61.290000915527344,57.56999969482422,83.44999694824219,7.46999979019165,50.736595153808594,63.849998474121094,69.18000030517578,161.0,74.9000015258789,19.907936096191406,45.36000061035156,28.260000228881836,60.95000076293945,,87.62187957763672,,,32.599998474121094,195.3000030517578,12.762312889099121,,,15.42396354675293,56.41006088256836,75.1500015258789,,68.88999938964844,19.28499984741211,8.793999671936035,6.167265892028809,55.25,53.47999954223633,3.3480000495910645,17.709999084472656,75.55313110351562,,257.0,4.688000202178955,23.469999313354492,9.557999610900879,1.7799999713897705,123.1500015258789,138.75,9.494999885559082,,48.45500183105469,39.13999938964844,77.41706848144531,62.310001373291016,44.595001220703125,47.32500076293945,26.75515365600586,191.64999389648438,20.75
2013-12-01,26.969999313354492,38.33000183105469,52.810001373291016,33.400001525878906,103.40425872802734,63.38999938964844,46.5,43.400001525878906,45.41999816894531,70.93942260742188,84.74459075927734,15.694999694824219,30.22800064086914,66.80999755859375,90.80999755859375,58.349998474121094,124.91000366210938,103.52999877929688,33.13999938964844,52.369998931884766,14.897500038146973,92.76000213623047,41.310001373291016,65.20999908447266,55.279998779296875,64.71420288085938,104.2699966430664,70.18000030517578,73.12000274658203,42.38999938964844,143.50999450683594,44.25,101.19999694824219,108.58000183105469,11.8774995803833,101.41000366210938,57.72999954223633,95.55000305175781,83.19000244140625,22.584999084472656,84.08000183105469,179.32122802734375,103.62000274658203,91.58999633789062,,100.15340423583984,130.02999877929688,49.54999923706055,34.459999084472656,97.02999877929688,57.38999938964844,21.405000686645508,74.30000305175781,53.380001068115234,52.16252517700195,82.94000244140625,94.83000183105469,81.41000366210938,36.172481536865234,138.67999267578125,73.98297119140625,61.16666793823242,80.69000244140625,36.099998474121094,83.7699966430664,63.27000045776367,255.4199981689453,26.229999542236328,49.060001373291016,92.63999938964844,55.810001373291016,130.35000610351562,77.48999786376953,100.3284912109375,73.63999938964844,85.22000122070312,44.916664123535156,11.710000038146973,108.36082458496094,,29.517366409301758,60.20000076293945,26.5,12.430000305175781,12.158061981201172,37.13186264038086,51.72999954223633,34.599998474121094,62.380001068115234,55.150001525878906,84.30999755859375,7.760000228881836,52.31691360473633,65.125,71.38999938964844,160.14999389648438,75.66000366210938,19.62974739074707,44.845001220703125,26.604999542236328,62.310001373291016,,89.50592803955078,,,33.5,204.14999389648438,11.964669227600098,,,15.021100044250488,56.520023345947266,77.26000213623047,,68.04000091552734,20.209999084472656,8.947999954223633,6.132390022277832,56.650001525878906,52.31999969482422,3.1740000247955322,17.489999771118164,75.62162780761719,,263.5,4.635000228881836,23.959999084472656,10.100000381469727,1.7940000295639038,127.69999694824219,132.60000610351562,9.710000038146973,,50.5099983215332,39.974998474121094,76.70098114013672,63.400001525878906,44.529998779296875,47.720001220703125,26.95556640625,196.89999389648438,20.7450008392334
2014-01-01,23.610000610351562,36.65999984741211,49.22999954223633,31.389999389648438,97.26179504394531,64.18000030517578,46.599998474121094,39.47999954223633,48.0099983215332,67.2519760131836,82.92682647705078,15.744999885559082,30.799999237060547,68.0199966430664,93.91000366210938,58.540000915527344,111.62999725341797,93.80999755859375,32.290000915527344,48.45000076293945,14.267499923706055,88.2699966430664,37.81999969482422,61.22999954223633,54.40999984741211,58.024253845214844,100.54000091552734,65.94000244140625,70.16999816894531,43.79999923706055,158.3699951171875,40.86000061035156,92.16000366210938,105.7699966430664,10.982500076293945,109.0,52.0099983215332,101.30999755859375,82.25,22.719999313354492,78.87000274658203,168.91014099121094,96.38999938964844,88.47000122070312,,104.86097717285156,124.72000122070312,46.290000915527344,32.09000015258789,94.16999816894531,56.560001373291016,22.982500076293945,69.31999969482422,48.349998474121094,49.919410705566406,80.36000061035156,91.18000030517578,76.62000274658203,39.5155029296875,137.24000549316406,71.939453125,61.086666107177734,77.4000015258789,35.08000183105469,78.44000244140625,56.63999938964844,234.47999572753906,24.893333435058594,47.45000076293945,82.88999938964844,52.61000061035156,123.80000305175781,79.52999877929688,96.33306121826172,73.44000244140625,80.81999969482422,42.666664123535156,12.625,108.5987548828125,,30.551645278930664,57.09000015258789,25.670000076293945,12.0,12.207908630371094,38.47938919067383,52.20000076293945,34.78499984741211,58.900001525878906,55.25,80.37999725341797,7.656000137329102,51.67647171020508,57.57500076293945,65.8499984741211,153.14999389648438,72.61000061035156,18.853134155273438,47.57500076293945,27.440000534057617,56.65999984741211,,84.7011489868164,,,33.78499984741211,188.0500030517578,12.66260814666748,,,14.232636451721191,51.241886138916016,71.05000305175781,,62.97999954223633,19.5,8.859999656677246,6.041903018951416,57.45000076293945,49.005001068115234,3.388000011444092,16.850000381469727,72.9306411743164,,236.25,4.577000141143799,22.139999389648438,9.84000015258789,2.009999990463257,122.0,132.14999389648438,9.930000305175781,,52.7599983215332,38.96500015258789,72.40445709228516,59.88999938964844,42.34000015258789,48.564998626708984,27.957632064819336,180.35000610351562,20.479999542236328
2014-02-01,24.850000381469727,39.779998779296875,50.90999984741211,32.040000915527344,112.22941589355469,65.98999786376953,47.95000076293945,40.599998474121094,46.099998474121094,68.28797149658203,88.37245178222656,15.050000190734863,33.52000045776367,71.52999877929688,96.97000122070312,51.86000061035156,115.33000183105469,97.87000274658203,33.9900016784668,46.880001068115234,15.164999961853027,87.27999877929688,38.20000076293945,62.83000183105469,56.04999923706055,63.212650299072266,107.75,65.26000213623047,72.58000183105469,44.45000076293945,167.25,39.5099983215332,96.2699966430664,105.29000091552734,11.797499656677246,111.30999755859375,53.25,109.54000091552734,88.08999633789062,23.725000381469727,82.5,177.02676391601562,100.01000213623047,92.12000274658203,,105.80057525634766,130.3699951171875,50.029998779296875,33.20000076293945,95.1500015258789,59.2599983215332,22.84749984741211,73.16000366210938,50.2400016784668,54.271324157714844,80.06999969482422,98.91000366210938,78.66000366210938,43.04263687133789,135.6199951171875,75.3642349243164,66.82666778564453,83.04000091552734,36.02000045776367,81.16999816894531,62.540000915527344,255.02000427246094,24.899999618530273,45.58000183105469,84.4000015258789,53.38999938964844,129.6999969482422,83.41999816894531,101.26338195800781,74.02999877929688,84.19999694824219,44.916664123535156,13.140000343322754,119.88351440429688,,29.998327255249023,59.439998626708984,27.209999084472656,12.295000076293945,12.525115013122559,37.46458435058594,50.11000061035156,35.13999938964844,61.70000076293945,59.720001220703125,80.8499984741211,8.220000267028809,56.15958786010742,63.5,60.939998626708984,158.64999389648438,76.19000244140625,18.93427276611328,54.779998779296875,29.014999389648438,58.52000045776367,,87.22523498535156,,,35.59000015258789,189.0,13.074724197387695,,,15.562088966369629,54.84861373901367,75.94999694824219,,63.04999923706055,18.940000534057617,8.994999885559082,6.1889448165893555,59.459999084472656,51.18000030517578,3.7200000286102295,17.479999542236328,74.03639221191406,,233.5,4.816999912261963,20.860000610351562,10.569999694824219,2.246000051498413,122.75,134.85000610351562,10.380000114440918,,51.0099983215332,43.5,74.92070770263672,64.75,47.029998779296875,54.130001068115234,28.88454246520996,185.10000610351562,20.93000030517578
2014-03-01,23.010000228881836,38.5099983215332,51.400001525878906,31.520000457763672,110.1202621459961,66.41999816894531,45.75,43.38999938964844,47.130001068115234,67.83142852783203,89.7990493774414,15.380000114440918,35.875999450683594,69.9800033569336,99.37000274658203,52.38999938964844,118.91000366210938,99.05999755859375,34.53499984741211,48.65999984741211,14.90250015258789,88.01000213623047,38.65999984741211,64.87000274658203,53.650001525878906,66.03392791748047,107.98999786376953,66.80000305175781,69.76000213623047,45.5,170.0500030517578,39.630001068115234,97.68000030517578,107.80999755859375,12.324999809265137,114.72000122070312,54.18000030517578,108.91999816894531,86.8499984741211,24.635000228881836,81.33000183105469,184.0248565673828,97.23999786376953,98.2300033569336,,105.70469665527344,130.97000122070312,48.900001525878906,35.869998931884766,98.02999877929688,61.540000915527344,23.905000686645508,70.48999786376953,50.540000915527344,53.28408432006836,83.5,96.7300033569336,80.5999984741211,39.593021392822266,133.50999450683594,72.18543243408203,65.70999908447266,81.23999786376953,36.130001068115234,82.3499984741211,60.5099983215332,252.66000366210938,25.476667404174805,44.04999923706055,78.54000091552734,51.9900016784668,122.69999694824219,80.68000030517578,96.61845397949219,70.80000305175781,91.62000274658203,44.883331298828125,13.335000038146973,118.21798706054688,,27.64459228515625,57.77000045776367,26.969999313354492,11.729999542236328,12.860447883605957,37.79730987548828,50.650001525878906,33.18000030517578,64.93000030517578,62.209999084472656,78.12000274658203,8.661999702453613,57.049556732177734,61.125,67.45999908447266,158.60000610351562,74.52999877929688,17.630260467529297,51.04999923706055,29.459999084472656,58.7599983215332,,88.0726089477539,,,36.2599983215332,188.10000610351562,13.766016006469727,,,15.491256713867188,54.05689239501953,76.0999984741211,,67.2300033569336,18.864999771118164,8.718000411987305,6.523559093475342,55.9900016784668,51.33000183105469,4.107999801635742,18.209999084472656,71.62918090820312,,241.60000610351562,5.076000213623047,21.780000686645508,10.274999618530273,2.4600000381469727,119.69999694824219,131.9499969482422,10.239999771118164,,50.290000915527344,43.849998474121094,75.26880645751953,64.3499984741211,47.599998474121094,53.90999984741211,33.218475341796875,184.0,20.479999542236328
2014-04-01,23.3799991607666,38.7400016784668,52.08000183105469,31.360000610351562,108.71415710449219,67.04000091552734,47.45000076293945,43.72999954223633,51.040000915527344,68.44600677490234,86.69274139404297,14.890000343322754,35.88800048828125,69.51000213623047,105.4000015258789,58.900001525878906,125.5199966430664,102.31999969482422,34.505001068115234,48.720001220703125,14.732500076293945,90.69999694824219,40.790000915527344,67.30000305175781,58.029998779296875,69.78998565673828,104.63999938964844,68.18000030517578,71.6500015258789,47.2599983215332,173.25999450683594,41.2400016784668,102.41000366210938,106.5,12.520000457763672,117.54000091552734,52.349998474121094,109.44999694824219,87.12000274658203,23.844999313354492,85.2300033569336,187.829833984375,96.68000030517578,101.29000091552734,,107.62224578857422,130.5500030517578,45.90999984741211,35.599998474121094,101.37999725341797,58.81999969482422,24.962499618530273,74.3499984741211,51.75,49.89254379272461,85.88999938964844,96.80999755859375,82.55000305175781,42.10271453857422,138.9499969482422,69.9432373046875,66.61333465576172,85.88999938964844,36.43000030517578,82.12999725341797,61.75,254.39999389648438,26.56999969482422,43.380001068115234,76.93000030517578,49.4900016784668,124.8499984741211,83.43000030517578,98.40950775146484,72.26000213623047,90.18000030517578,43.45000076293945,12.805000305175781,114.78498077392578,,27.035951614379883,52.790000915527344,27.135000228881836,12.085000038146973,12.49339485168457,36.44977951049805,49.54999923706055,32.244998931884766,67.11000061035156,62.52000045776367,80.2699966430664,8.378999710083008,55.502506256103516,60.775001525878906,67.83000183105469,166.4499969482422,79.3499984741211,18.31414222717285,47.82500076293945,27.485000610351562,58.040000915527344,,85.63866424560547,,,36.375,194.10000610351562,13.82583999633789,,,14.774068832397461,56.68496322631836,78.44000244140625,,59.43000030517578,18.774999618530273,8.845000267028809,6.75543212890625,54.11000061035156,53.15999984741211,4.073999881744385,18.709999084472656,75.43570709228516,,253.14999389648438,5.034999847412109,21.6299991607666,10.234999656677246,2.4600000381469727,124.0,141.75,10.329999923706055,,48.44499969482422,44.02000045776367,77.5960922241211,67.55000305175781,51.47999954223633,54.34000015258789,32.26651382446289,192.5,20.06999969482422
2014-05-01,24.690000534057617,40.0099983215332,54.33000183105469,30.614999771118164,110.98057556152344,69.19000244140625,48.5,44.939998626708984,50.099998474121094,69.95610046386719,90.27458190917969,15.095000267028809,37.06800079345703,70.62999725341797,102.2300033569336,59.86000061035156,122.79000091552734,103.70999908447266,34.6150016784668,49.02000045776367,15.529999732971191,89.62000274658203,40.90999984741211,68.4000015258789,55.0099983215332,70.42002868652344,109.19000244140625,66.7300033569336,75.7300033569336,45.400001525878906,180.9600067138672,45.5099983215332,100.52999877929688,107.13999938964844,12.1875,119.5199966430664,55.209999084472656,118.12000274658203,86.33000183105469,24.604999542236328,86.55000305175781,176.2523956298828,102.5999984741211,101.45999908447266,,107.71812438964844,132.24000549316406,47.08000183105469,36.154998779296875,101.43000030517578,61.029998779296875,24.34000015258789,81.54000091552734,50.630001068115234,50.127601623535156,88.33000183105469,100.80500030517578,80.79000091552734,41.95736312866211,141.67999267578125,77.3604507446289,68.20333099365234,87.4000015258789,37.529998779296875,81.52999877929688,56.7599983215332,258.3699951171875,25.59000015258789,42.09000015258789,78.73999786376953,52.61000061035156,124.4000015258789,84.47000122070312,104.41248321533203,74.08000183105469,92.08999633789062,45.68333435058594,11.645000457763672,117.91207122802734,,25.295127868652344,56.0,27.209999084472656,12.324999809265137,12.94654655456543,36.416507720947266,48.599998474121094,31.55500030517578,65.23999786376953,63.18000030517578,84.7300033569336,9.098999977111816,57.97279739379883,63.0,68.37999725341797,162.60000610351562,78.3499984741211,19.508039474487305,50.27000045776367,29.450000762939453,56.15999984741211,,87.85625457763672,,,39.76499938964844,195.0,14.357603073120117,,,14.163131713867188,58.746734619140625,80.51000213623047,,62.959999084472656,18.110000610351562,9.404000282287598,7.091930866241455,51.369998931884766,54.630001068115234,4.1519999504089355,18.690000534057617,75.4063491821289,,260.0,5.2789998054504395,21.299999237060547,10.274999618530273,2.4579999446868896,128.0,145.9499969482422,10.8100004196167,,49.78499984741211,41.79499816894531,78.01380920410156,69.08000183105469,51.47999954223633,54.29999923706055,32.04104995727539,193.25,21.959999084472656
2014-06-01,24.790000915527344,40.900001525878906,56.439998626708984,31.125,118.982421875,71.5,49.25,44.11000061035156,53.400001525878906,69.60491943359375,90.73477172851562,15.354999542236328,37.667999267578125,68.55999755859375,108.66999816894531,63.790000915527344,130.5500030517578,103.69999694824219,34.974998474121094,48.040000915527344,15.885000228881836,91.4000015258789,42.36000061035156,68.18000030517578,57.7400016784668,73.46526336669922,111.33999633789062,66.36000061035156,75.26000213623047,47.27000045776367,184.91000366210938,44.15999984741211,100.68000030517578,120.27999877929688,12.3725004196167,120.91999816894531,57.84000015258789,116.55000305175781,87.80000305175781,24.674999237060547,87.55999755859375,173.29827880859375,106.56999969482422,104.62000274658203,,106.63470458984375,132.83999633789062,47.9900016784668,35.79499816894531,100.73999786376953,63.7599983215332,25.6200008392334,80.19000244140625,49.25,48.4351921081543,89.33999633789062,105.07499694824219,78.58999633789062,43.04263687133789,146.00999450683594,78.55250549316406,68.97000122070312,87.81999969482422,37.45000076293945,84.41000366210938,57.95000076293945,254.27000427246094,25.023332595825195,42.18000030517578,73.97000122070312,48.939998626708984,121.69999694824219,85.02999877929688,101.50940704345703,70.66999816894531,92.62000274658203,43.5,11.479999542236328,114.9889144897461,,22.93297576904297,56.68000030517578,26.40999984741211,12.800000190734863,13.667057991027832,36.23351287841797,49.09000015258789,34.58000183105469,65.80999755859375,62.33000183105469,84.43000030517578,9.128999710083008,56.89152526855469,63.38999938964844,67.19000244140625,161.89999389648438,76.08999633789062,20.516475677490234,51.70000076293945,31.364999771118164,56.400001525878906,,86.94578552246094,,,39.79499816894531,191.8000030517578,14.28448486328125,,,14.566882133483887,59.63192367553711,83.9000015258789,,68.01000213623047,17.454999923706055,9.309000015258789,7.1918439865112305,49.54499816894531,54.2400016784668,4.254000186920166,19.979999542236328,75.78797912597656,,269.5,5.583000183105469,22.479999542236328,10.260000228881836,2.25600004196167,125.8499984741211,140.8000030517578,10.279999732971191,,47.814998626708984,41.20500183105469,77.15848541259766,68.75,52.779998779296875,54.599998474121094,30.63815689086914,188.8000030517578,21.6200008392334
2014-07-01,23.350000381469727,42.119998931884766,52.34000015258789,29.8700008392334,122.06290435791016,61.34000015258789,47.54999923706055,46.400001525878906,48.31999969482422,71.3871841430664,89.15477752685547,15.390000343322754,34.65999984741211,71.6500015258789,100.75,67.45999908447266,129.24000549316406,100.0999984741211,32.09000015258789,46.02000045776367,15.649999618530273,86.87000274658203,39.290000915527344,63.400001525878906,56.09000015258789,69.27301788330078,108.52999877929688,63.650001525878906,73.22000122070312,43.900001525878906,189.57000732421875,43.18000030517578,98.94000244140625,120.12999725341797,11.09000015258789,122.0999984741211,54.150001525878906,116.7699966430664,82.81999969482422,22.6299991607666,82.37000274658203,183.2409210205078,99.63999938964844,100.08999633789062,,99.58773040771484,128.13999938964844,47.849998474121094,32.88999938964844,94.55999755859375,61.7400016784668,23.47249984741211,75.16999816894531,50.220001220703125,43.02887725830078,88.0999984741211,99.18000030517578,77.31999969482422,41.71511459350586,144.07000732421875,75.89404296875,68.74333190917969,87.44999694824219,35.689998626708984,77.66000366210938,59.59000015258789,235.14999389648438,24.52666664123535,40.75,59.40999984741211,43.36000061035156,124.9000015258789,77.63999938964844,97.3466796875,67.54000091552734,89.33999633789062,40.08333206176758,10.824999809265137,109.85639190673828,,22.919586181640625,54.2400016784668,24.014999389648438,12.104999542236328,12.806070327758789,37.2316780090332,51.900001525878906,33.64500045776367,63.86000061035156,55.630001068115234,83.27999877929688,8.274999618530273,51.46853256225586,66.37999725341797,64.66000366210938,158.8000030517578,70.12999725341797,21.229337692260742,45.494998931884766,30.05500030517578,58.86000061035156,,83.29486846923828,,,39.209999084472656,174.5500030517578,15.228364944458008,,,13.870944023132324,57.4667854309082,80.9800033569336,,70.76000213623047,17.190000534057617,9.218999862670898,7.113611221313477,49.5,54.09000015258789,4.263999938964844,19.059999465942383,71.40412139892578,,258.04998779296875,5.565999984741211,21.854999542236328,9.744999885559082,2.2300000190734863,126.4000015258789,128.60000610351562,10.079999923706055,,43.89500045776367,36.42499923706055,78.19283294677734,63.220001220703125,48.09000015258789,51.619998931884766,29.360523223876953,173.0500030517578,20.69499969482422
2014-08-01,24.540000915527344,42.2400016784668,55.279998779296875,30.6200008392334,123.2284927368164,63.58000183105469,47.54999923706055,49.86000061035156,50.560001373291016,73.2923583984375,89.86808013916016,16.309999465942383,37.06399917602539,73.69999694824219,109.06999969482422,68.26000213623047,129.4499969482422,106.33000183105469,34.119998931884766,48.09000015258789,16.53499984741211,88.5999984741211,41.720001220703125,64.7300033569336,57.88999938964844,70.97738647460938,114.81999969482422,64.0199966430664,76.51000213623047,45.88999938964844,193.4499969482422,41.29999923706055,99.45999908447266,127.4000015258789,11.319999694824219,124.77999877929688,56.52000045776367,123.25,87.73999786376953,25.34000015258789,88.20999908447266,183.8432159423828,102.5999984741211,103.7300033569336,,103.5474624633789,131.5500030517578,52.5099983215332,34.845001220703125,93.72000122070312,63.849998474121094,24.612499237060547,81.05999755859375,54.31999969482422,45.71524429321289,92.48999786376953,102.93000030517578,83.11000061035156,43.33333206176758,150.55999755859375,76.75496673583984,72.70333099365234,91.5,37.83000183105469,81.0,60.06999969482422,246.1999969482422,25.166667938232422,43.43000030517578,57.040000915527344,46.80500030517578,129.8000030517578,78.29000091552734,100.4269027709961,66.98999786376953,88.5999984741211,40.275001525878906,11.520000457763672,110.46821594238281,,23.240890502929688,54.11000061035156,24.885000228881836,11.380000114440918,12.534177780151367,37.06199264526367,53.66999816894531,34.43000030517578,63.209999084472656,57.41999816894531,79.80000305175781,8.845000267028809,51.76796340942383,66.2300033569336,66.4000015258789,152.60000610351562,69.25,21.36263656616211,41.154998779296875,29.780000686645508,59.20000076293945,,85.94515991210938,,,40.65999984741211,170.85000610351562,15.188482284545898,,,13.812505722045898,58.80941390991211,84.55000305175781,8.5,72.80999755859375,18.850000381469727,9.210000038146973,7.154140949249268,51.380001068115234,53.13999938964844,4.026000022888184,18.979999542236328,78.98780822753906,,261.8500061035156,5.585000038146973,22.049999237060547,10.46500015258789,2.2639999389648438,126.0,132.0500030517578,9.914999961853027,,49.8849983215332,38.630001068115234,83.04631805419922,64.31999969482422,50.189998626708984,49.75,29.510833740234375,170.5,21.079999923706055
2014-09-01,23.639999389648438,41.59000015258789,57.7599983215332,29.125,120.42552947998047,58.900001525878906,51.400001525878906,51.099998474121094,47.70000076293945,72.94117736816406,87.2909927368164,16.075000762939453,36.0880012512207,74.91999816894531,99.02999877929688,66.31999969482422,119.31999969482422,104.87000274658203,35.08000183105469,47.04999923706055,17.647499084472656,96.04000091552734,42.65999984741211,65.22000122070312,56.65999984741211,64.88691711425781,114.83000183105469,62.58000183105469,75.80999755859375,44.29999923706055,178.75,40.58000183105469,94.05000305175781,121.52999877929688,11.225000381469727,118.45999908447266,54.61000061035156,127.08999633789062,87.70999908447266,25.69499969482422,84.41999816894531,181.48184204101562,98.98999786376953,106.58999633789062,,103.13518524169922,129.0,52.91999816894531,33.45000076293945,94.80999755859375,61.95000076293945,23.469999313354492,76.06999969482422,54.279998779296875,43.982540130615234,93.08999633789062,98.37000274658203,83.73999786376953,39.52519226074219,146.2899932861328,79.89593505859375,72.99666595458984,88.79000091552734,37.95000076293945,78.4000015258789,62.68000030517578,251.64999389648438,25.489999771118164,44.7599983215332,59.25,49.81999969482422,128.35000610351562,72.62999725341797,109.13613891601562,66.13999938964844,85.0199966430664,38.90999984741211,11.84000015258789,102.41253662109375,,24.789390563964844,53.33000183105469,25.389999389648438,12.0,13.136870384216309,39.123207092285156,55.29999923706055,34.54499053955078,64.0199966430664,52.31999969482422,79.05999755859375,8.192999839782715,50.51202392578125,73.02999877929688,67.5999984741211,156.5500030517578,63.439998626708984,20.89898681640625,38.099998474121094,30.854999542236328,57.099998474121094,,85.07074737548828,,,42.16999816894531,164.39999389648438,15.274893760681152,,,13.621255874633789,58.404205322265625,88.12000274658203,8.510000228881836,78.81999969482422,19.510000228881836,9.550999641418457,7.1739349365234375,52.52000045776367,53.0,4.202000141143799,18.8700008392334,85.07433319091797,,236.75,5.670000076293945,21.875,11.3100004196167,2.4059998989105225,125.69999694824219,128.6999969482422,10.289999961853027,,51.380001068115234,36.23500061035156,89.07339477539062,60.79999923706055,51.45000076293945,46.005001068115234,31.364654541015625,164.3000030517578,21.1200008392334
2014-10-01,26.674999237060547,43.59000015258789,63.459999084472656,29.864999771118164,124.56983947753906,58.380001068115234,49.20000076293945,47.0,53.0,81.77999877929688,98.71145629882812,15.930000305175781,37.06800079345703,78.4800033569336,101.41000366210938,69.20999908447266,119.94999694824219,109.30000305175781,36.20500183105469,50.470001220703125,18.309999465942383,99.5,41.880001068115234,66.87999725341797,63.36000061035156,64.16801452636719,111.2300033569336,64.05999755859375,84.87000274658203,49.349998474121094,201.75999450683594,42.65999984741211,96.70999908447266,131.44000244140625,11.010000228881836,131.8000030517578,55.61000061035156,139.75999450683594,97.08000183105469,26.954999923706055,91.05000305175781,157.170166015625,104.0,107.77999877929688,,109.55896759033203,125.98999786376953,57.20000076293945,35.36000061035156,93.7300033569336,68.16000366210938,25.05500030517578,76.55000305175781,54.060001373291016,45.03022384643555,96.16999816894531,101.84500122070312,87.2699966430664,44.60271453857422,158.3000030517578,85.60075378417969,76.5199966430664,93.63999938964844,38.540000915527344,82.08999633789062,61.81999969482422,246.8000030517578,25.42333221435547,51.25,58.04999923706055,47.599998474121094,126.69999694824219,70.23999786376953,111.64558410644531,64.55999755859375,85.31999969482422,38.599998474121094,12.015000343322754,106.4913558959961,,22.205581665039062,54.5099983215332,25.05500030517578,12.020000457763672,12.443548202514648,40.97481155395508,58.5,36.69499969482422,66.48999786376953,54.31999969482422,78.77999877929688,7.741000175476074,51.59329605102539,72.06999969482422,69.87000274658203,156.85000610351562,65.33000183105469,21.727760314941406,34.25,28.260000228881836,54.2400016784668,,81.05023956298828,,,44.875,170.0500030517578,15.334716796875,18.5,,14.17375659942627,58.21067428588867,88.11000061035156,7.119999885559082,79.44999694824219,18.40999984741211,8.907999992370605,6.624413967132568,50.13999938964844,54.220001220703125,4.070000171661377,17.0,86.20944213867188,,247.10000610351562,5.640999794006348,22.415000915527344,11.40999984741211,2.3380000591278076,125.0999984741211,135.35000610351562,10.119999885559082,,50.5,34.244998931884766,73.25978088378906,62.880001068115234,47.41999816894531,45.474998474121094,28.8594913482666,169.6999969482422,21.290000915527344
2014-11-01,26.96500015258789,44.5099983215332,69.19999694824219,29.864999771118164,133.052734375,59.040000915527344,52.150001525878906,52.68000030517578,53.70000076293945,85.63999938964844,107.63153839111328,16.100000381469727,38.81999969482422,82.19000244140625,100.5999984741211,73.73999786376953,108.87000274658203,114.33999633789062,38.35499954223633,50.95000076293945,18.287500381469727,101.62000274658203,44.83000183105469,69.58999633789062,63.150001525878906,62.18901443481445,108.94999694824219,63.75,87.2300033569336,50.63999938964844,202.41000366210938,46.81999969482422,90.54000091552734,137.05999755859375,11.300000190734863,132.66000366210938,56.86000061035156,145.36000061035156,102.77999877929688,26.540000915527344,94.93000030517578,155.03823852539062,102.56999969482422,108.25,,116.58999633789062,128.3800048828125,63.83000183105469,37.165000915527344,96.80999755859375,73.87000274658203,26.09749984741211,78.1500015258789,53.630001068115234,43.45869827270508,100.0999984741211,109.41000366210938,90.43000030517578,45.019378662109375,157.82000732421875,88.42005920410156,81.62000274658203,94.44000244140625,40.2599983215332,83.47000122070312,74.0,245.67999267578125,29.18000030517578,52.0099983215332,64.5,48.994998931884766,138.4499969482422,73.01000213623047,119.02629852294922,71.58000183105469,91.94999694824219,44.290000915527344,12.305000305175781,115.02290344238281,,23.45955467224121,58.75,26.71500015258789,13.699999809265137,12.919358253479004,43.5151481628418,59.38999938964844,38.43000030517578,71.76000213623047,60.970001220703125,89.22000122070312,7.877999782562256,56.392478942871094,80.08000183105469,71.66999816894531,165.64999389648438,70.04000091552734,22.27254867553711,34.10499954223633,29.1299991607666,56.68000030517578,,85.78289794921875,,,48.064998626708984,185.1999969482422,17.212505340576172,25.100000381469727,,15.092820167541504,61.20436477661133,94.45999908447266,7.400000095367432,84.93000030517578,19.415000915527344,8.637999534606934,6.832723140716553,51.560001373291016,56.75,3.880000114440918,16.06999969482422,88.36222839355469,,269.25,5.946000099182129,23.415000915527344,11.779999732971191,2.4779999256134033,137.1999969482422,144.5,10.079999923706055,,52.029998779296875,36.939998626708984,77.43695831298828,65.5999984741211,44.9900016784668,43.474998474121094,29.786401748657227,181.89999389648438,23.565000534057617
2014-12-01,28.204999923706055,45.02000045776367,65.44000244140625,30.545000076293945,133.42276000976562,60.130001068115234,56.0,52.0,55.7400016784668,83.37000274658203,106.73416137695312,16.454999923706055,35.13600158691406,80.7300033569336,91.52999877929688,74.88999938964844,112.18000030517578,114.87999725341797,39.404998779296875,51.83000183105469,19.610000610351562,104.20999908447266,42.220001220703125,69.19000244140625,66.01000213623047,57.93214797973633,104.5199966430664,61.72999954223633,90.7699966430664,53.52000045776367,206.60000610351562,44.61000061035156,92.44999694824219,140.75,11.890000343322754,133.4600067138672,55.369998931884766,137.6199951171875,106.56999969482422,26.049999237060547,94.69999694824219,153.3843231201172,100.9800033569336,104.56999969482422,,115.54000091552734,129.55999755859375,68.80000305175781,37.150001525878906,93.69999694824219,72.19999694824219,26.572500228881836,77.95999908447266,49.04999923706055,44.607120513916016,94.55999755859375,115.57499694824219,91.08999633789062,46.230621337890625,156.35000610351562,84.18164825439453,87.68000030517578,96.08000183105469,39.689998626708984,85.86000061035156,75.91000366210938,254.88999938964844,28.626667022705078,53.2400016784668,57.619998931884766,41.349998474121094,137.35000610351562,69.87999725341797,111.20274353027344,67.41999816894531,89.7699966430664,46.5099983215332,10.979999542236328,119.33966064453125,,22.29929542541504,59.220001220703125,27.045000076293945,13.25,12.864978790283203,43.08094787597656,61.849998474121094,36.599998474121094,74.97000122070312,58.810001373291016,89.41999816894531,8.845000267028809,57.365623474121094,78.41999816894531,72.16000366210938,165.75,67.16000366210938,22.44062042236328,36.27000045776367,25.649999618530273,58.2599983215332,,84.5118408203125,,,50.130001068115234,184.64999389648438,18.688148498535156,25.5,,15.677194595336914,62.20226287841797,93.86000061035156,7.619999885559082,89.5,19.204999923706055,7.854000091552734,6.594252109527588,49.2599983215332,54.45000076293945,3.696000099182129,14.510000228881836,90.69115447998047,,294.79998779296875,5.5970001220703125,23.704999923706055,10.829999923706055,2.421999931335449,139.3000030517578,132.25,9.635000228881836,,51.25,35.22999954223633,75.24891662597656,60.61000061035156,42.52000045776367,45.5099983215332,26.730100631713867,180.10000610351562,25.350000381469727
2015-01-01,29.704999923706055,44.7599983215332,60.349998474121094,28.540000915527344,134.69935607910156,48.2599983215332,49.150001525878906,46.630001068115234,56.90999984741211,82.52999877929688,105.90581512451172,15.425000190734863,35.54800033569336,83.19000244140625,79.97000122070312,71.22000122070312,102.52999877929688,107.95999908447266,40.459999084472656,50.5099983215332,19.674999237060547,106.70999908447266,41.16999816894531,67.5199966430664,69.27999877929688,56.57512283325195,103.7699966430664,56.939998626708984,86.66000366210938,55.58000183105469,226.0500030517578,43.68000030517578,87.41999816894531,143.58999633789062,11.100000381469727,143.77000427246094,51.529998779296875,133.2100067138672,92.94000244140625,25.610000610351562,93.08999633789062,146.56787109375,103.1500015258789,100.13999938964844,,107.95999908447266,120.58999633789062,67.76000213623047,35.69499969482422,92.44000244140625,71.4000015258789,27.309999465942383,72.86000061035156,43.650001525878906,41.51108169555664,93.77999877929688,111.44000244140625,84.29000091552734,52.62596893310547,154.33999633789062,84.61683654785156,90.42333221435547,93.6500015258789,39.16999816894531,78.72000122070312,73.61000061035156,235.83999633789062,28.32666778564453,49.310001373291016,61.189998626708984,47.20000076293945,146.39999389648438,79.5,126.01337432861328,77.80000305175781,103.4000015258789,48.31999969482422,10.670000076293945,136.43673706054688,,23.026687622070312,68.02999877929688,28.770000457763672,15.28499984741211,12.439017295837402,50.66702651977539,65.63999938964844,40.244998931884766,79.44000244140625,65.26000213623047,101.5999984741211,9.97700023651123,66.93903350830078,88.70999908447266,81.12999725341797,178.0,74.45999908447266,23.570764541625977,38.5099983215332,24.610000610351562,57.86000061035156,,83.83574676513672,,,58.119998931884766,198.3000030517578,20.472877502441406,24.0,,17.037195205688477,67.73605346679688,108.0999984741211,7.449999809265137,93.27999877929688,20.854999542236328,7.599999904632568,5.6177449226379395,46.775001525878906,59.56999969482422,4.00600004196167,14.899999618530273,96.94403076171875,,300.45001220703125,6.127999782562256,26.135000228881836,11.119999885559082,2.5980000495910645,159.0500030517578,143.5,11.300000190734863,,59.189998626708984,37.93000030517578,81.5544662475586,67.0,45.5,46.84000015258789,26.229068756103516,197.14999389648438,26.545000076293945
2015-02-01,31.514999389648438,47.369998931884766,60.5,31.125,144.44033813476562,56.56999969482422,51.20000076293945,47.880001068115234,53.040000915527344,88.83999633789062,112.53260040283203,16.06999969482422,36.67599868774414,87.98999786376953,82.9000015258789,74.30000305175781,106.68000030517578,114.01000213623047,42.56999969482422,52.7599983215332,20.8700008392334,108.63999938964844,43.29999923706055,70.81999969482422,63.13999938964844,58.198707580566406,115.54000091552734,57.91999816894531,86.91000366210938,51.75,222.42999267578125,48.29999923706055,88.54000091552734,155.5500030517578,10.387499809265137,142.02999877929688,53.83000183105469,138.77999877929688,96.08000183105469,29.2549991607666,98.86000061035156,154.818359375,115.3499984741211,102.51000213623047,,109.66000366210938,127.9000015258789,74.08999633789062,37.689998626708984,98.9000015258789,77.58999633789062,25.864999771118164,76.93000030517578,47.029998779296875,44.64069747924805,98.9800033569336,117.69000244140625,85.12999725341797,48.50775146484375,167.57000732421875,97.54020690917969,95.06666564941406,98.33999633789062,38.9900016784668,82.5999984741211,76.83000183105469,236.91000366210938,27.976667404174805,54.720001220703125,69.43000030517578,55.33000183105469,149.60000610351562,85.6500015258789,129.9497528076172,77.62999725341797,113.0,52.25,12.055000305175781,145.0022735595703,,26.2174015045166,72.9000015258789,30.43000030517578,16.670000076293945,13.091554641723633,51.08625411987305,73.16999816894531,44.20000076293945,86.1500015258789,71.12999725341797,105.8499984741211,10.345000267028809,71.95447540283203,92.19999694824219,84.9800033569336,185.5,82.75,26.051288604736328,45.290000915527344,24.985000610351562,62.84000015258789,,89.98370361328125,,,56.84000015258789,225.5,22.915664672851562,23.334999084472656,,17.812820434570312,71.42525482177734,113.69999694824219,8.40999984741211,96.61000061035156,22.690000534057617,8.979999542236328,6.157839775085449,52.09000015258789,62.33000183105469,4.118000030517578,16.68000030517578,102.20858001708984,,288.3500061035156,6.10699987411499,28.084999084472656,13.354999542236328,2.9839999675750732,162.25,163.89999389648438,12.020000457763672,,62.900001525878906,40.23500061035156,87.22349548339844,71.9800033569336,48.23500061035156,53.02000045776367,29.786401748657227,221.35000610351562,28.985000610351562
2015-03-01,32.83000183105469,46.33000183105469,58.540000915527344,32.005001068115234,139.94448852539062,52.84000015258789,53.04999923706055,47.400001525878906,55.29999923706055,85.63999938964844,110.13191986083984,16.55500030517578,36.13999938964844,90.2699966430664,80.02999877929688,73.22000122070312,104.9800033569336,111.48999786376953,42.709999084472656,53.279998779296875,20.407499313354492,110.38999938964844,40.54999923706055,69.33999633789062,61.0,55.83198547363281,114.37999725341797,56.619998931884766,87.26000213623047,50.52000045776367,229.89999389648438,48.18000030517578,85.0,159.1999969482422,10.359999656677246,147.2100067138672,51.31999969482422,135.72999572753906,93.19000244140625,28.424999237060547,97.13999938964844,153.44168090820312,115.7300033569336,100.5999984741211,,107.11000061035156,120.73999786376953,74.38999938964844,38.55500030517578,97.44000244140625,77.98999786376953,26.012500762939453,78.33999633789062,47.529998779296875,42.23640060424805,95.62000274658203,112.7699966430664,81.94000244140625,50.0,172.0,97.82402801513672,94.83333587646484,95.36000061035156,37.72999954223633,80.9800033569336,82.06999969482422,235.80999755859375,27.416667938232422,60.209999084472656,73.69000244140625,60.439998626708984,161.85000610351562,92.55000305175781,137.72410583496094,80.9000015258789,116.44999694824219,55.7599983215332,12.850000381469727,149.7609100341797,,28.88153648376465,76.05999755859375,29.094999313354492,17.049999237060547,12.584025382995605,55.48817825317383,77.45999908447266,45.040000915527344,96.19999694824219,73.80999755859375,109.55000305175781,11.130000114440918,74.63269805908203,104.55000305175781,91.31999969482422,200.75,91.47000122070312,27.20461654663086,45.005001068115234,23.780000686645508,67.52999877929688,,90.77698516845703,,,58.84000015258789,247.85000610351562,20.871700286865234,23.260000228881836,,19.496883392333984,72.4533920288086,113.80000305175781,9.079999923706055,94.79000091552734,23.454999923706055,9.407999992370605,6.614046096801758,56.56999969482422,62.619998931884766,4.211999893188477,16.1299991607666,104.5081558227539,,328.3999938964844,6.001999855041504,29.8799991607666,13.645000457763672,3.1659998893737793,171.35000610351562,164.14999389648438,11.369999885559082,,65.0,40.89500045776367,91.43051147460938,72.3499984741211,46.275001525878906,53.22999954223633,31.715377807617188,240.0500030517578,30.399999618530273
2015-04-01,31.950000762939453,46.41999816894531,64.66000366210938,31.520000457763672,132.6826934814453,59.70000076293945,53.04999923706055,48.880001068115234,54.0,84.54000091552734,108.04571533203125,15.975000381469727,36.09199905395508,84.33999633789062,86.87999725341797,64.38999938964844,111.05999755859375,106.98999786376953,40.584999084472656,50.63999938964844,19.987499237060547,106.0999984741211,40.560001373291016,67.27999877929688,61.54999923706055,61.16316604614258,111.9800033569336,58.83000183105469,82.75,48.7599983215332,221.9499969482422,45.83000183105469,87.37000274658203,157.38999938964844,10.654999732971191,133.6699981689453,51.560001373291016,137.32000732421875,89.8499984741211,27.174999237060547,93.58000183105469,163.75717163085938,115.91999816894531,99.19999694824219,,109.69000244140625,121.93000030517578,68.86000061035156,37.650001525878906,96.55000305175781,74.44999694824219,25.232500076293945,79.6500015258789,48.86000061035156,41.73942184448242,95.12000274658203,110.77999877929688,79.51000213623047,45.51356506347656,168.1699981689453,98.67549896240234,92.66666412353516,98.69999694824219,37.029998779296875,81.18000030517578,78.83000183105469,248.42999267578125,26.016666412353516,53.279998779296875,73.41999816894531,62.0,152.60000610351562,89.4800033569336,127.83394622802734,77.95999908447266,106.0999984741211,53.849998474121094,12.145000457763672,143.20079040527344,,25.637271881103516,74.30999755859375,29.55500030517578,16.475000381469727,12.651997566223145,53.33213424682617,75.2300033569336,43.17499923706055,91.04000091552734,68.8499984741211,104.19999694824219,10.579999923706055,71.80475616455078,96.79000091552734,88.06999969482422,174.89999389648438,85.30000305175781,25.054443359375,46.01499938964844,22.290000915527344,67.93000030517578,,87.90132904052734,,,54.459999084472656,231.4499969482422,19.98432159423828,27.270000457763672,,18.38125991821289,70.63903045654297,108.9000015258789,9.119999885559082,96.70999908447266,22.614999771118164,9.0,6.3680338859558105,56.439998626708984,64.51000213623047,4.236000061035156,17.18000030517578,106.41630554199219,,337.04998779296875,5.9770002365112305,28.674999237060547,13.795000076293945,3.0160000324249268,170.4499969482422,156.60000610351562,11.460000038146973,,65.25,40.70000076293945,90.70448303222656,66.83999633789062,48.48500061035156,54.81999969482422,32.31661605834961,227.3000030517578,28.920000076293945
2015-05-01,35.689998626708984,48.599998474121094,66.58999633789062,31.110000610351562,135.76318359375,60.150001525878906,53.04999923706055,52.849998474121094,54.02000045776367,85.51000213623047,107.76959991455078,16.19499969482422,37.70800018310547,88.16999816894531,85.31999969482422,61.72999954223633,103.0,106.4800033569336,41.98500061035156,50.58000183105469,21.522499084472656,107.66000366210938,40.959999084472656,66.79000091552734,61.84000015258789,60.904685974121094,114.6500015258789,60.310001373291016,81.33000183105469,49.25,222.6199951171875,45.84000015258789,85.19999694824219,165.1699981689453,10.3774995803833,134.47000122070312,50.90999984741211,140.16000366210938,90.47000122070312,28.610000610351562,93.83000183105469,162.18930053710938,118.55000305175781,100.13999938964844,,108.86000061035156,122.86000061035156,69.9800033569336,39.25,95.93000030517578,76.31999969482422,25.584999084472656,80.91000366210938,47.29999923706055,43.00201416015625,96.43000030517578,114.44499969482422,78.38999938964844,44.156978607177734,174.9600067138672,98.15515899658203,96.05999755859375,102.44000244140625,37.15999984741211,80.69000244140625,79.31999969482422,240.3300018310547,24.75666618347168,54.13999938964844,71.52999877929688,62.0,142.75,84.19999694824219,127.09587860107422,82.41999816894531,100.69999694824219,54.9900016784668,12.114999771118164,142.9288787841797,,24.46808624267578,72.93000030517578,27.44499969482422,15.645000457763672,12.117279052734375,57.82389450073242,77.77999877929688,44.20500183105469,88.44999694824219,73.86000061035156,108.94999694824219,11.869999885559082,70.93142700195312,97.37000274658203,86.86000061035156,168.0,80.41999816894531,25.825260162353516,47.8650016784668,21.260000228881836,67.38999938964844,,86.34180450439453,,,57.959999084472656,221.0,19.136823654174805,29.399999618530273,,19.672197341918945,70.94142150878906,109.44999694824219,10.65999984741211,101.75,22.915000915527344,8.993000030517578,6.111653804779053,54.93000030517578,62.529998779296875,4.418000221252441,16.389999389648438,108.76480865478516,,355.6499938964844,6.296000003814697,30.15999984741211,14.975000381469727,3.2820000648498535,171.9499969482422,162.14999389648438,11.890000343322754,,64.41000366210938,42.43000030517578,88.66561889648438,68.77999877929688,45.974998474121094,54.08000183105469,31.915790557861328,219.5,28.334999084472656
2015-06-01,35.9900016784668,49.08000183105469,67.19000244140625,31.100000381469727,126.57723999023438,55.27000045776367,53.04999923706055,48.220001220703125,51.279998779296875,80.2300033569336,108.64396667480469,16.43000030517578,40.071998596191406,83.6500015258789,84.81999969482422,62.38999938964844,96.47000122070312,101.68000030517578,40.564998626708984,50.18000030517578,21.147499084472656,104.0199966430664,39.22999954223633,65.41000366210938,57.880001068115234,56.68820571899414,113.06999969482422,55.43000030517578,82.06999969482422,45.40999984741211,212.5,46.11000061035156,83.19999694824219,162.50999450683594,10.545000076293945,128.08999633789062,49.029998779296875,141.69000244140625,89.52999877929688,28.184999465942383,91.79000091552734,155.50669860839844,108.41000366210938,97.45999908447266,,105.97000122070312,119.55000305175781,66.97000122070312,40.474998474121094,95.06999969482422,74.0999984741211,24.50749969482422,77.88999938964844,44.06999969482422,46.17192840576172,93.33999633789062,114.72000122070312,78.23999786376953,43.01356506347656,172.4600067138672,95.03311157226562,91.67333221435547,105.23999786376953,36.099998474121094,77.7300033569336,81.62999725341797,236.64999389648438,23.643333435058594,58.08000183105469,68.6500015258789,58.20000076293945,139.6999969482422,78.81999969482422,123.55313110351562,75.13999938964844,98.18000030517578,51.43000030517578,11.46500015258789,144.28848266601562,,24.053071975708008,74.25,26.204999923706055,15.449999809265137,10.830327987670898,57.44458770751953,74.04000091552734,40.0099983215332,86.79000091552734,71.12999725341797,100.5999984741211,11.130000114440918,67.90386199951172,89.37999725341797,84.37000274658203,159.0,75.56999969482422,25.54127311706543,45.48500061035156,19.28499984741211,62.599998474121094,,81.4468765258789,,,55.66999816894531,208.0,20.059343338012695,29.954999923706055,,17.850008010864258,68.61299896240234,107.5,10.229999542236328,92.69999694824219,22.6299991607666,8.791999816894531,5.904286861419678,54.150001525878906,57.9900016784668,4.064000129699707,15.920000076293945,104.70386505126953,,334.6000061035156,6.041999816894531,29.155000686645508,14.8100004196167,3.252000093460083,160.0,157.14999389648438,11.220000267028809,,60.790000915527344,40.27000045776367,87.76056671142578,61.93000030517578,43.56999969482422,51.880001068115234,30.187227249145508,207.5500030517578,26.645000457763672
2015-07-01,35.90999984741211,50.689998626708984,70.01000213623047,32.025001525878906,131.83163452148438,54.20000076293945,52.0,47.41999816894531,55.29999923706055,79.7699966430664,116.69734954833984,16.725000381469727,43.36399841308594,84.9800033569336,78.62999725341797,70.1500015258789,88.4800033569336,108.7699966430664,43.165000915527344,55.209999084472656,21.375,111.94000244140625,41.08000183105469,68.0199966430664,63.59000015258789,51.75282669067383,115.80999755859375,51.75,86.30999755859375,49.720001220703125,224.91000366210938,46.869998931884766,79.20999908447266,165.66000366210938,10.46500015258789,136.7899932861328,45.54999923706055,149.11000061035156,88.94999694824219,29.604999542236328,89.47000122070312,154.86614990234375,111.69000244140625,100.20999908447266,,114.97000122070312,114.13999938964844,69.36000061035156,41.005001068115234,99.86000061035156,78.38999938964844,26.299999237060547,74.11000061035156,44.13999938964844,40.8394889831543,96.3499984741211,108.37999725341797,76.69999694824219,46.79263687133789,167.27000427246094,96.26300811767578,92.586669921875,105.48999786376953,36.310001373291016,77.12999725341797,81.8499984741211,228.7100067138672,23.99333381652832,59.869998931884766,74.47000122070312,64.5999984741211,149.10000610351562,78.55000305175781,132.16397094726562,77.81999969482422,91.30000305175781,50.630001068115234,11.78499984741211,138.3741912841797,,28.57808494567871,82.62999725341797,27.520000457763672,16.450000762939453,10.884705543518066,62.71491622924805,74.33000183105469,38.54999923706055,96.58000183105469,69.44999694824219,108.0,10.204999923706055,67.6959228515625,92.62000274658203,83.68000030517578,167.3000030517578,68.48999786376953,29.58661460876465,49.57500076293945,18.950000762939453,65.26000213623047,,87.83822631835938,,,60.529998779296875,182.39999389648438,22.5172061920166,31.040000915527344,,19.257822036743164,71.6974105834961,108.3499984741211,11.010000228881836,90.63999938964844,24.0,9.21399974822998,5.9231390953063965,59.310001373291016,61.689998626708984,4.285999774932861,15.960000038146973,114.09785461425781,,354.45001220703125,6.423999786376953,31.174999237060547,15.489999771118164,3.502000093460083,170.35000610351562,170.6999969482422,11.34000015258789,,68.86000061035156,43.165000915527344,97.43769836425781,63.59000015258789,45.07500076293945,58.400001525878906,30.23733139038086,184.0500030517578,30.18000030517578
2015-08-01,32.255001068115234,45.290000915527344,62.40999984741211,29.299999237060547,129.07493591308594,45.209999084472656,47.0,44.9900016784668,54.790000915527344,77.31999969482422,108.16075897216797,16.030000686645508,39.2400016784668,82.2699966430664,76.44000244140625,67.43000030517578,80.98999786376953,102.16000366210938,43.13999938964844,52.33000183105469,21.247499465942383,111.16999816894531,39.31999969482422,62.810001373291016,62.90999984741211,50.04038619995117,109.13999938964844,47.720001220703125,81.97000122070312,47.2400016784668,214.6199951171875,48.970001220703125,75.23999786376953,157.9199981689453,9.635000228881836,129.0800018310547,40.58000183105469,142.02999877929688,83.48999786376953,30.549999237060547,84.52999877929688,141.38623046875,117.72000122070312,93.9800033569336,,106.52999877929688,105.75,69.16999816894531,39.63999938964844,95.0199966430664,72.29000091552734,24.602500915527344,66.5199966430664,43.290000915527344,37.13230514526367,92.93000030517578,95.29000091552734,70.66999816894531,43.304264068603516,162.08999633789062,91.75969696044922,85.2699966430664,101.5199966430664,39.869998931884766,71.87999725341797,77.70999908447266,223.44000244140625,21.57666778564453,55.849998474121094,66.72000122070312,58.09000015258789,142.25,71.81999969482422,119.02629852294922,73.77999877929688,82.22000122070312,49.58000183105469,9.991999626159668,128.7889404296875,,23.45062828063965,79.79000091552734,24.55500030517578,15.244999885559082,9.158198356628418,62.93451690673828,68.20999908447266,34.79999923706055,90.62000274658203,67.36000061035156,93.30000305175781,9.753999710083008,59.603023529052734,85.2699966430664,79.87999725341797,163.8000030517578,62.11000061035156,27.314733505249023,55.02000045776367,13.395000457763672,59.9900016784668,,79.74311828613281,,,53.790000915527344,169.5,23.139602661132812,29.200000762939453,,18.715946197509766,64.62140655517578,97.45999908447266,10.3100004196167,81.68000030517578,22.475000381469727,8.262999534606934,5.146457195281982,56.27000045776367,55.38999938964844,4.015999794006348,14.630000114440918,104.11673736572266,,316.6499938964844,6.054999828338623,29.739999771118164,13.645000457763672,3.253999948501587,152.6999969482422,148.64999389648438,10.539999961853027,,69.62000274658203,40.96500015258789,87.6909408569336,56.33000183105469,40.80500030517578,57.40999984741211,29.210214614868164,166.6999969482422,28.25
2015-09-01,32.595001220703125,40.220001220703125,54.40999984741211,29.065000534057617,118.02035522460938,44.099998474121094,47.0,41.45000076293945,58.18000030517578,80.36000061035156,101.74873352050781,15.484999656677246,38.7599983215332,76.81999969482422,65.36000061035156,67.77999877929688,78.87999725341797,103.4000015258789,41.95000076293945,53.79999923706055,21.4375,115.52999877929688,40.119998931884766,63.459999084472656,66.8499984741211,46.187400817871094,109.72000122070312,44.16999816894531,82.94000244140625,50.619998931884766,223.4199981689453,47.04999923706055,74.3499984741211,159.80999755859375,9.15250015258789,136.4499969482422,37.2599983215332,137.9499969482422,82.88999938964844,31.655000686645508,82.30999755859375,138.5946502685547,114.08999633789062,93.3499984741211,,109.04000091552734,101.86000061035156,68.91999816894531,41.09000015258789,98.52999877929688,66.94000244140625,24.387500762939453,62.939998626708984,37.54999923706055,34.278038024902344,94.30000305175781,87.69000244140625,71.94000244140625,45.9205436706543,156.6999969482422,81.83538055419922,74.26000213623047,96.9800033569336,38.970001220703125,69.5,78.66000366210938,215.00999450683594,21.613332748413086,54.119998931884766,72.01000213623047,52.90999984741211,140.25,68.31999969482422,112.62967681884766,79.16999816894531,79.22000122070312,48.165000915527344,9.42199993133545,129.23081970214844,,21.482650756835938,77.02999877929688,24.774999618530273,15.885000228881836,6.9576921463012695,59.89010238647461,69.81999969482422,34.03499984741211,91.54000091552734,61.2599983215332,91.97000122070312,10.055000305175781,53.93882369995117,79.08999633789062,74.79000091552734,166.75,38.095001220703125,26.700397491455078,54.779998779296875,10.149999618530273,57.95000076293945,,72.06268310546875,,,53.790000915527344,97.75,22.790742874145508,29.600000381469727,,18.49813461303711,63.89566421508789,94.91999816894531,9.010000228881836,78.16000366210938,21.635000228881836,7.579999923706055,4.471573829650879,52.459999084472656,56.41999816894531,3.98799991607666,14.050000190734863,106.5630874633789,,325.0,5.947000026702881,29.93000030517578,12.649999618530273,3.1559998989105225,155.0500030517578,152.1999969482422,9.9399995803833,,67.30000305175781,38.709999084472656,84.42876434326172,50.0099983215332,40.20000076293945,56.709999084472656,27.907529830932617,104.94999694824219,27.510000228881836
2015-10-01,38.40999984741211,44.79999923706055,59.54999923706055,31.875,128.56614685058594,53.52000045776367,47.20000076293945,45.65999984741211,63.0,86.98999786376953,109.31124114990234,16.135000228881836,42.47200012207031,82.19999694824219,72.98999786376953,69.37999725341797,90.87999725341797,113.54000091552734,43.04499816894531,60.22999954223633,23.272499084472656,121.94000244140625,42.349998474121094,66.3499984741211,65.75,52.043617248535156,120.3499984741211,47.22999954223633,87.45999908447266,50.939998626708984,220.44000244140625,49.790000915527344,82.73999786376953,175.1199951171875,9.789999961853027,143.49000549316406,40.7599983215332,148.5800018310547,90.76000213623047,33.775001525878906,91.94000244140625,133.91969299316406,117.38999938964844,101.02999877929688,,119.70999908447266,111.08999633789062,73.83000183105469,41.9900016784668,112.25,73.91999816894531,25.665000915527344,71.23999786376953,42.29999923706055,37.55540466308594,102.19000244140625,104.26000213623047,76.37999725341797,47.92635726928711,186.35000610351562,87.64427947998047,88.9433364868164,105.9800033569336,41.25,75.62000274658203,77.18000030517578,210.0,19.079999923706055,60.0099983215332,81.55000305175781,63.36000061035156,159.35000610351562,74.52999877929688,119.41993713378906,86.43000030517578,93.36000061035156,54.95000076293945,10.010000228881836,148.6732177734375,,22.732160568237305,83.75,27.06999969482422,17.0049991607666,8.697794914245605,66.62773895263672,81.88999938964844,36.46500015258789,105.19999694824219,67.77999877929688,98.69999694824219,11.194999694824219,65.68309783935547,88.83000183105469,84.16999816894531,181.5,42.599998474121094,25.57025146484375,57.2599983215332,12.654999732971191,71.87999725341797,30.5,82.48355865478516,,,59.900001525878906,109.30000305175781,24.05535316467285,31.854999542236328,,19.677509307861328,71.3042984008789,108.69999694824219,8.979999542236328,84.61000061035156,24.325000762939453,7.840000152587891,4.807129859924316,55.2599983215332,63.40999984741211,4.196000099182129,14.859999656677246,117.03347778320312,,350.3500061035156,6.497000217437744,34.10499954223633,13.234999656677246,3.1679999828338623,166.0500030517578,169.60000610351562,10.119999885559082,,69.11000061035156,38.18000030517578,91.3509521484375,55.08000183105469,44.14500045776367,61.380001068115234,29.460729598999023,126.0999984741211,30.795000076293945
2015-11-01,39.880001068115234,44.91999816894531,58.150001525878906,32.619998931884766,126.63274383544922,53.560001373291016,48.29999923706055,36.4900016784668,62.310001373291016,86.26000213623047,115.24006652832031,16.229999542236328,41.01599884033203,86.8499984741211,72.6500015258789,67.43000030517578,91.31999969482422,114.8499984741211,42.8849983215332,61.11000061035156,22.897499084472656,124.30000305175781,42.619998931884766,65.68000030517578,62.150001525878906,53.23101806640625,119.16000366210938,50.0,96.33000183105469,50.95000076293945,230.7899932861328,48.540000915527344,81.66000366210938,169.52999877929688,10.145000457763672,146.52000427246094,41.91999816894531,146.4600067138672,90.62999725341797,37.459999084472656,93.9800033569336,133.28871154785156,121.19000244140625,101.23999786376953,,119.1500015258789,112.80000305175781,76.5999984741211,42.959999084472656,114.16000366210938,75.33999633789062,24.96500015258789,72.52999877929688,41.45000076293945,38.079246520996094,100.16000366210938,105.73999786376953,74.83999633789062,48.08139419555664,193.49000549316406,91.26773834228516,92.02333068847656,109.16000366210938,41.099998474121094,76.1500015258789,72.5,200.5399932861328,19.613332748413086,63.04999923706055,91.58999633789062,68.44000244140625,167.64999389648438,78.33999633789062,124.29120635986328,88.13999938964844,103.30000305175781,51.709999084472656,10.420000076293945,155.4712677001953,,21.69239044189453,81.19000244140625,27.665000915527344,17.454999923706055,8.153106689453125,69.36271667480469,78.19999694824219,39.279998779296875,110.75,75.36000061035156,107.5,14.029999732971191,70.47396087646484,96.94000244140625,93.98999786376953,190.75,49.68000030517578,29.13455581665039,60.06999969482422,10.890000343322754,74.58999633789062,30.139999389648438,88.46924591064453,,,64.05999755859375,131.5500030517578,23.25853157043457,32.099998474121094,,21.87688446044922,69.8528060913086,121.94999694824219,9.5,87.47000122070312,25.610000610351562,7.855999946594238,4.871224880218506,56.11000061035156,66.33000183105469,4.173999786376953,15.420000076293945,120.89871215820312,,333.25,6.63100004196167,34.060001373291016,12.994999885559082,3.247999906539917,167.60000610351562,158.75,10.420000076293945,,69.87999725341797,41.83000183105469,83.92153930664062,60.0,47.0,61.560001373291016,27.832374572753906,141.3000030517578,32.70500183105469
2015-12-01,38.30500030517578,44.90999984741211,59.2400016784668,29.950000762939453,120.36077880859375,56.0099983215332,48.25,36.68000030517578,63.040000915527344,84.72000122070312,118.185302734375,16.049999237060547,39.71200180053711,89.2699966430664,67.95999908447266,62.02000045776367,89.95999908447266,116.8499984741211,42.439998626708984,59.16999816894531,22.762500762939453,126.83000183105469,42.959999084472656,66.62000274658203,64.2699966430664,49.5234260559082,114.37999725341797,47.83000183105469,95.63999938964844,51.06999969482422,239.41000366210938,45.099998474121094,77.94999694824219,162.57000732421875,10.204999923706055,146.10000610351562,36.81999969482422,137.36000061035156,85.88999938964844,39.540000915527344,92.68000030517578,131.56787109375,123.33999633789062,102.72000122070312,,127.30000305175781,102.4000015258789,76.04000091552734,42.779998779296875,118.13999938964844,76.91999816894531,25.97249984741211,64.1500015258789,40.29999923706055,33.26393508911133,99.91999816894531,98.81999969482422,79.41000366210938,50.02907180786133,189.7899932861328,93.26395416259766,86.53333282470703,106.7300033569336,41.0,71.48999786376953,72.61000061035156,202.58999633789062,20.433332443237305,60.220001220703125,89.91000366210938,62.0,163.5500030517578,70.72000122070312,113.95820617675781,84.16000366210938,97.62999725341797,48.279998779296875,9.571999549865723,152.65008544921875,,20.103727340698242,81.38999938964844,25.954999923706055,16.690000534057617,8.094197273254395,65.84916687011719,77.7300033569336,37.400001525878906,105.6500015258789,75.62000274658203,103.19999694824219,13.505000114440918,64.52696990966797,89.56999969482422,90.0999984741211,184.5500030517578,50.0099983215332,29.111373901367188,61.47999954223633,11.710000038146973,73.37999725341797,32.92499923706055,81.023193359375,,,61.33000183105469,133.75,22.63613510131836,36.400001525878906,,21.12251091003418,62.686092376708984,114.4000015258789,11.149999618530273,84.08999633789062,25.229999542236328,6.738999843597412,4.296255111694336,52.22999954223633,62.279998779296875,3.8919999599456787,13.800000190734863,112.58111572265625,,311.75,6.550000190734863,31.690000534057617,12.614999771118164,3.0880000591278076,155.3000030517578,144.89999389648438,10.140000343322754,,63.369998931884766,39.849998474121094,78.17294311523438,52.560001373291016,41.26499938964844,59.13999938964844,25.728036880493164,142.3000030517578,31.360000610351562
2016-01-01,34.92499923706055,37.849998474121094,54.900001525878906,28.979999542236328,117.21553802490234,52.63999938964844,43.5,35.349998474121094,69.22000122070312,83.08999633789062,111.49716186523438,15.125,39.13600158691406,81.37000274658203,62.2400016784668,64.7699966430664,86.47000122070312,113.06999969482422,42.0,57.630001068115234,21.479999542236328,129.0500030517578,42.91999816894531,67.52999877929688,69.38999938964844,47.2132453918457,107.87000274658203,45.97999954223633,96.11000061035156,53.79999923706055,213.11000061035156,45.119998931884766,77.8499984741211,150.6999969482422,10.140000343322754,150.8300018310547,34.65999984741211,133.77000427246094,86.16999816894531,40.20500183105469,90.06999969482422,119.3021011352539,128.32000732421875,104.44000244140625,,128.4199981689453,100.0,71.66000366210938,43.98500061035156,123.77999877929688,75.91999816894531,27.927499771118164,60.43000030517578,39.06999969482422,31.64539909362793,99.30000305175781,95.12000274658203,81.69000244140625,54.06007766723633,175.6699981689453,80.43519592285156,85.22333526611328,94.33999633789062,39.810001373291016,70.94999694824219,72.41999816894531,196.69000244140625,22.1200008392334,57.220001220703125,94.9800033569336,57.81999969482422,148.64999389648438,61.099998474121094,101.75542449951172,85.08000183105469,76.66000366210938,44.95500183105469,7.4670000076293945,130.93032836914062,,14.63711929321289,78.61000061035156,22.329999923706055,16.014999389648438,8.541911125183105,60.8283805847168,81.66999816894531,38.625,96.5999984741211,67.58999633789062,97.7699966430664,12.279999732971191,53.36491775512695,80.08000183105469,84.54000091552734,176.85000610351562,41.790000915527344,24.248851776123047,65.5999984741211,12.869999885559082,73.19000244140625,30.5,79.49070739746094,,,59.459999084472656,106.9000015258789,22.207992553710938,31.665000915527344,,22.12657356262207,57.587745666503906,115.8499984741211,11.109999656677246,84.22000122070312,22.770000457763672,5.895999908447266,3.709031105041504,43.724998474121094,63.45000076293945,3.7679998874664307,13.279999732971191,111.89613342285156,,313.54998779296875,6.447999954223633,30.184999465942383,10.595000267028809,2.618000030517578,157.5500030517578,148.1999969482422,9.244999885559082,,59.65999984741211,37.935001373291016,76.13407897949219,49.11000061035156,40.91999816894531,62.41999816894531,17.77664566040039,120.5999984741211,31.34000015258789
2016-02-01,35.189998626708984,38.7400016784668,54.61000061035156,29.760000228881836,122.54393768310547,56.220001220703125,43.5,34.959999084472656,69.41000366210938,84.69000244140625,113.09249877929688,16.155000686645508,39.38800048828125,81.69999694824219,67.69999694824219,69.83000183105469,83.44000244140625,115.52999877929688,45.380001068115234,63.13999938964844,20.997499465942383,126.41999816894531,43.130001068115234,65.63999938964844,70.01000213623047,49.095314025878906,102.55000305175781,48.83000183105469,94.01000213623047,54.29999923706055,209.27999877929688,45.779998779296875,80.1500015258789,150.49000549316406,11.322500228881836,148.05999755859375,35.849998474121094,136.27000427246094,90.1500015258789,42.5099983215332,94.25,125.26768493652344,127.56999969482422,105.20999908447266,,130.3000030517578,101.79000091552734,67.52999877929688,46.630001068115234,117.19000244140625,77.38999938964844,28.204999923706055,71.66999816894531,39.34000015258789,32.0416374206543,97.81999969482422,96.52999877929688,80.29000091552734,56.72480773925781,167.92999267578125,84.90066528320312,90.16666412353516,94.01000213623047,44.130001068115234,69.11000061035156,78.44999694824219,216.89999389648438,22.113332748413086,62.02000045776367,98.45999908447266,59.779998779296875,137.25,60.18000030517578,94.89628601074219,79.94999694824219,75.1500015258789,44.75,7.499000072479248,125.49188995361328,,14.266729354858398,76.16999816894531,21.934999465942383,15.470000267028809,7.599355220794678,60.768489837646484,77.7699966430664,40.67499923706055,94.80000305175781,67.70999908447266,92.83999633789062,11.265000343322754,52.4832649230957,78.41000366210938,84.11000061035156,181.5500030517578,42.18000030517578,22.823131561279297,65.77999877929688,10.539999961853027,69.94000244140625,31.100000381469727,77.03874206542969,,,59.13999938964844,107.69999694824219,22.77092170715332,28.809999465942383,,21.483760833740234,58.168338775634766,103.5999984741211,10.100000381469727,84.62000274658203,20.295000076293945,5.855000019073486,3.5374820232391357,43.0,64.2300033569336,3.7039999961853027,12.949999809265137,107.2969970703125,35.59000015258789,314.5,5.964000225067139,28.6200008392334,10.895000457763672,2.3420000076293945,156.0,153.8000030517578,9.180000305175781,,57.310001373291016,35.77000045776367,72.7923355102539,54.77000045776367,41.375,63.81999969482422,17.21548843383789,128.8000030517578,34.79499816894531
2016-03-01,38.154998779296875,41.83000183105469,57.119998931884766,31.56999969482422,133.25624084472656,63.93000030517578,52.349998474121094,36.310001373291016,74.26000213623047,89.70999908447266,116.4442367553711,17.899999618530273,39.38800048828125,81.94999694824219,76.54000091552734,74.2300033569336,95.4000015258789,119.1500015258789,46.09000015258789,65.36000061035156,22.452499389648438,126.05999755859375,46.38999938964844,70.6500015258789,76.62000274658203,51.96284484863281,111.5199966430664,54.380001068115234,92.98999786376953,58.34000015258789,233.86000061035156,48.810001373291016,83.58999633789062,151.52999877929688,12.25,156.0500030517578,39.04999923706055,131.3699951171875,99.36000061035156,43.2400016784668,102.44000244140625,144.7896728515625,129.83999633789062,108.19999694824219,,134.50999450683594,114.44999694824219,75.75,49.7400016784668,125.68000030517578,75.0,29.584999084472656,76.04000091552734,47.29999923706055,36.4405632019043,102.4800033569336,111.48999786376953,82.30999755859375,60.57170486450195,182.77000427246094,93.64238739013672,94.88999938964844,105.20999908447266,46.72999954223633,73.45999908447266,82.27999877929688,233.42999267578125,22.829999923706055,69.31999969482422,103.0,58.349998474121094,142.9499969482422,66.30000305175781,101.65702056884766,79.33999633789062,80.69999694824219,50.20000076293945,7.640999794006348,135.96087646484375,,13.342984199523926,74.98999786376953,24.420000076293945,15.774999618530273,7.647388935089111,64.09239196777344,77.83999633789062,43.0,102.4000015258789,75.25,96.9000015258789,12.505000114440918,56.03482437133789,73.30999755859375,84.29000091552734,178.75,45.290000915527344,22.695627212524414,70.22000122070312,11.375,71.0999984741211,30.5,83.97096252441406,,,59.0,111.8499984741211,25.07417869567871,28.850000381469727,,21.005634307861328,59.807308197021484,109.25,10.470000267028809,89.27999877929688,20.690000534057617,5.8420000076293945,3.651534080505371,44.22999954223633,62.5099983215332,3.8980000019073486,13.300000190734863,106.22059631347656,36.5,309.45001220703125,5.861000061035156,29.565000534057617,10.630000114440918,2.434000015258789,157.4499969482422,150.5,8.444999694824219,,61.47999954223633,38.72999954223633,70.4749984741211,55.540000915527344,40.060001373291016,65.47000122070312,15.882740020751953,127.55000305175781,35.08000183105469
2016-04-01,38.61000061035156,38.900001525878906,61.0,34.48500061035156,134.9583740234375,66.16000366210938,55.0,39.939998626708984,72.55000305175781,88.44000244140625,123.68461608886719,17.55500030517578,38.52799987792969,78.45999908447266,77.72000122070312,70.97000122070312,102.18000030517578,117.86000061035156,46.349998474121094,66.01000213623047,22.44499969482422,125.2300033569336,44.79999923706055,70.91999816894531,74.5999984741211,53.06946563720703,114.9800033569336,54.630001068115234,94.38999938964844,56.439998626708984,220.4499969482422,49.61000061035156,88.4000015258789,150.75,11.697500228881836,152.0800018310547,37.34000015258789,140.52000427246094,95.97000122070312,38.54999923706055,104.5199966430664,139.52198791503906,126.9800033569336,112.08000183105469,,125.19000244140625,117.45999908447266,76.0199966430664,46.88999938964844,126.48999786376953,79.1500015258789,29.395000457763672,76.7300033569336,49.779998779296875,39.00604248046875,102.95999908447266,110.38999938964844,80.12000274658203,57.364341735839844,176.08999633789062,101.08798217773438,95.7699966430664,111.91999816894531,46.06999969482422,75.29000091552734,79.5,234.52000427246094,22.290000915527344,71.19999694824219,112.5999984741211,54.61000061035156,148.25,72.1500015258789,99.14757537841797,78.36000061035156,80.5,51.209999084472656,8.15999984741211,130.38648986816406,,14.69959545135498,71.69000244140625,25.639999389648438,15.28499984741211,8.164889335632324,63.40365219116211,75.75,40.4900016784668,99.58000183105469,77.58999633789062,99.68000030517578,12.425000190734863,50.47875213623047,82.06999969482422,82.41999816894531,161.9499969482422,48.72999954223633,22.684036254882812,68.31999969482422,13.045000076293945,68.31999969482422,32.01499938964844,82.14099884033203,,,57.86000061035156,126.44999694824219,23.298173904418945,28.940000534057617,,20.187509536743164,59.873836517333984,108.0999984741211,11.649999618530273,84.4000015258789,22.014999389648438,5.982999801635742,4.167121887207031,46.2400016784668,61.16999816894531,3.9579999446868896,14.199999809265137,110.62403106689453,39.31999969482422,311.0,6.203999996185303,28.03499984741211,10.694999694824219,2.4200000762939453,158.4499969482422,145.10000610351562,8.484999656677246,,60.16999816894531,39.994998931884766,71.71820068359375,56.84000015258789,43.93000030517578,65.23999786376953,16.90484619140625,138.35000610351562,33.23500061035156
2016-05-01,41.150001525878906,39.630001068115234,62.93000030517578,34.72999954223633,131.95188903808594,78.5,58.79999923706055,42.77000045776367,72.9000015258789,87.83999633789062,127.665283203125,18.030000686645508,39.22800064086914,78.94999694824219,72.51000213623047,74.9800033569336,101.0,126.61000061035156,49.2400016784668,69.0999984741211,23.700000762939453,128.5399932861328,44.599998474121094,70.41000366210938,73.26000213623047,53.91761016845703,117.23999786376953,52.02000045776367,97.9000015258789,55.2400016784668,227.22999572753906,48.54999923706055,89.0199966430664,159.07000732421875,11.507499694824219,153.19000244140625,37.349998474121094,141.8699951171875,96.91999816894531,34.40999984741211,106.02999877929688,146.97897338867188,129.14999389648438,112.69000244140625,,127.04000091552734,109.86000061035156,80.12999725341797,48.53499984741211,122.05999755859375,80.4800033569336,30.030000686645508,86.9800033569336,48.5099983215332,40.45668029785156,101.16999816894531,107.68000030517578,81.04000091552734,58.22674560546875,171.0800018310547,105.78050994873047,97.02999877929688,113.18000030517578,48.11000061035156,77.05999755859375,68.77999877929688,228.35000610351562,23.593332290649414,75.08000183105469,115.1500015258789,56.02000045776367,146.6999969482422,69.43000030517578,84.26805877685547,81.68000030517578,75.88999938964844,48.11000061035156,7.699999809265137,131.0662841796875,,14.329203605651855,78.75,26.21500015258789,15.869999885559082,8.00719165802002,67.70575714111328,78.0,41.665000915527344,101.3499984741211,76.88999938964844,104.75,13.479999542236328,51.060977935791016,89.94999694824219,84.88999938964844,168.85000610351562,49.4900016784668,22.336299896240234,61.709999084472656,11.765000343322754,72.95999908447266,34.19499969482422,87.25228118896484,,,56.38999938964844,134.35000610351562,24.424034118652344,26.344999313354492,,21.15438461303711,58.38001251220703,113.8499984741211,11.399999618530273,89.4000015258789,22.579999923706055,5.960999965667725,4.044587135314941,49.76499938964844,63.08000183105469,4.073999881744385,13.729999542236328,114.83175659179688,38.099998474121094,324.95001220703125,6.0960001945495605,30.360000610351562,11.194999694824219,2.308000087738037,168.89999389648438,144.0500030517578,8.720000267028809,,63.0,40.119998931884766,73.28961944580078,58.11000061035156,43.67499923706055,67.58999633789062,14.409704208374023,138.75,35.82500076293945
2016-06-01,44.05500030517578,39.310001373291016,61.90999984741211,36.08000183105469,131.3968505859375,79.30999755859375,55.900001525878906,42.88999938964844,81.31999969482422,91.87000274658203,130.07362365722656,18.735000610351562,39.90399932861328,78.01000213623047,75.80999755859375,74.25,104.83000183105469,130.7100067138672,51.44499969482422,74.88999938964844,24.532499313354492,138.38999938964844,45.33000183105469,73.19999694824219,80.44000244140625,55.99353790283203,118.5999984741211,52.15999984741211,99.33999633789062,59.900001525878906,228.08999633789062,49.040000915527344,93.73999786376953,161.4199981689453,11.09749984741211,165.5500030517578,33.369998931884766,139.24000549316406,101.25,36.599998474121094,104.16000366210938,145.10516357421875,152.41000366210938,121.30000305175781,,137.47999572753906,112.38999938964844,79.16999816894531,53.334999084472656,120.33999633789062,86.7699966430664,32.599998474121094,83.61000061035156,49.40999984741211,39.14707946777344,105.94000244140625,104.1500015258789,84.66999816894531,67.20930480957031,170.55999755859375,101.47587585449219,97.88999938964844,111.22000122070312,50.7400016784668,72.97000122070312,69.81999969482422,227.25,24.34000015258789,75.87999725341797,128.4499969482422,51.72999954223633,127.80000305175781,68.63999938964844,88.56855773925781,84.88999938964844,65.79000091552734,43.43000030517578,5.823999881744385,115.09088134765625,,11.000151634216309,73.54000091552734,25.174999237060547,15.279999732971191,8.180295944213867,65.6994400024414,78.02999877929688,42.275001525878906,93.80999755859375,67.47000122070312,109.55000305175781,12.975000381469727,44.5151252746582,91.05000305175781,83.79000091552734,150.25,41.334999084472656,22.59710121154785,53.20000076293945,14.1899995803833,67.16000366210938,33.35499954223633,82.76300811767578,,,61.150001525878906,108.30000305175781,25.966144561767578,23.709999084472656,,21.143760681152344,56.886192321777344,117.5999984741211,11.399999618530273,88.38999938964844,17.80500030517578,5.064000129699707,3.232088088989258,39.755001068115234,63.40999984741211,3.9800000190734863,14.520000457763672,116.29956817626953,36.650001525878906,336.95001220703125,6.086999893188477,29.90999984741211,9.178999900817871,1.7020000219345093,172.0,136.0,7.525000095367432,,60.91999816894531,34.35499954223633,74.51293182373047,53.060001373291016,43.380001068115234,63.689998626708984,9.870346069335938,120.4000015258789,36.560001373291016
2016-07-01,46.44499969482422,44.75,66.2300033569336,36.13999938964844,138.22386169433594,84.16999816894531,56.25,45.08000183105469,79.79000091552734,88.94999694824219,134.9900360107422,18.329999923706055,39.2760009765625,83.5999984741211,82.76000213623047,69.62000274658203,102.4800033569336,125.26000213623047,49.119998931884766,74.69999694824219,26.8174991607666,131.07000732421875,43.630001068115234,74.43000030517578,80.08000183105469,57.697898864746094,118.37999725341797,55.900001525878906,97.69000244140625,58.4900016784668,233.8800048828125,49.43000030517578,88.94999694824219,171.9600067138672,10.6875,169.6999969482422,36.189998626708984,146.88999938964844,102.23999786376953,37.349998474121094,115.4000015258789,153.55641174316406,154.16000366210938,125.2300033569336,,129.5500030517578,116.54000091552734,82.27999877929688,51.125,117.6500015258789,87.62999725341797,32.0724983215332,88.29000091552734,53.63999938964844,42.86098098754883,108.91999816894531,104.70999908447266,85.58999633789062,69.25387573242188,170.36000061035156,115.61021423339844,99.91000366210938,121.69999694824219,51.790000915527344,70.69000244140625,75.33000183105469,218.85000610351562,24.323333740234375,80.27999877929688,146.75,52.630001068115234,128.3000030517578,70.26000213623047,94.68962860107422,83.98999786376953,77.05000305175781,44.40999984741211,5.895999908447266,127.46332550048828,,10.732399940490723,75.11000061035156,26.690000534057617,15.225000381469727,8.69326400756836,66.66766357421875,81.76000213623047,47.73500061035156,91.5199966430664,75.73999786376953,111.4000015258789,14.800000190734863,50.58687973022461,98.76000213623047,91.4000015258789,149.1999969482422,46.869998931884766,27.210411071777344,62.619998931884766,15.904999732971191,78.41000366210938,36.79999923706055,87.54975891113281,,,63.040000915527344,125.80000305175781,28.10686683654785,33.92499923706055,,21.360000610351562,57.69055938720703,115.30000305175781,12.75,98.94000244140625,18.229999542236328,5.224999904632568,3.5761280059814453,44.35499954223633,68.87999725341797,4.118000030517578,13.680000305175781,112.09184265136719,40.439998626708984,384.79998779296875,6.144999980926514,30.940000534057617,10.0,1.9700000286102295,170.25,153.39999389648438,7.994999885559082,,60.79999923706055,37.900001525878906,75.73625183105469,58.52000045776367,42.7599983215332,67.88999938964844,10.98263931274414,132.64999389648438,37.625
2016-08-01,48.2400016784668,42.02000045776367,64.0999984741211,37.09000015258789,143.95928955078125,79.97000122070312,58.54999923706055,43.7599983215332,73.69999694824219,89.80999755859375,135.9180908203125,18.735000610351562,38.84000015258789,79.66999816894531,81.94999694824219,69.41999816894531,100.58000183105469,126.93000030517578,49.709999084472656,77.11000061035156,29.377500534057617,131.0399932861328,43.43000030517578,74.33999633789062,75.25,58.562198638916016,123.05000305175781,52.68000030517578,102.02999877929688,53.970001220703125,227.10000610351562,50.650001525878906,87.13999938964844,178.02999877929688,10.77750015258789,159.0,36.5,152.22000122070312,102.81999969482422,38.2599983215332,118.8499984741211,151.89292907714844,141.7899932861328,119.33999633789062,,128.05999755859375,122.04000091552734,76.55999755859375,50.97999954223633,115.66000366210938,87.02999877929688,30.235000610351562,98.7300033569336,48.5099983215332,43.015445709228516,106.75,105.87999725341797,87.30999755859375,63.69186019897461,177.5500030517578,116.8779525756836,94.56999969482422,123.75,51.86000061035156,69.54000091552734,70.19000244140625,230.66000366210938,23.81333351135254,81.83000183105469,148.9499969482422,52.290000915527344,133.5500030517578,72.9000015258789,94.443603515625,83.41000366210938,78.01000213623047,48.790000915527344,6.306000232696533,127.73524475097656,,11.790020942687988,71.62999725341797,28.399999618530273,14.970000267028809,7.4833478927612305,65.3001708984375,79.33999633789062,48.1150016784668,91.5999984741211,83.2699966430664,117.6500015258789,15.095000267028809,51.634883880615234,94.33999633789062,91.16000366210938,162.0500030517578,45.42499923706055,27.517578125,64.73999786376953,14.664999961853027,78.76000213623047,33.45000076293945,96.50125122070312,,,66.01000213623047,124.5,27.658899307250977,34.28499984741211,,21.46500015258789,59.468631744384766,111.05000305175781,13.920000076293945,95.37000274658203,18.81999969482422,5.578000068664551,3.7891499996185303,45.60499954223633,68.11000061035156,3.9579999446868896,13.539999961853027,111.40686798095703,43.20000076293945,378.6000061035156,5.900000095367432,31.764999389648438,11.220000267028809,2.130000114440918,169.35000610351562,151.6999969482422,8.760000228881836,,62.68000030517578,39.31999969482422,68.69471740722656,61.09000015258789,42.75,67.98999786376953,11.553816795349121,130.4499969482422,37.625
2016-09-01,49.39500045776367,42.290000915527344,63.06999969482422,35.935001373291016,139.07493591308594,85.48999786376953,58.54999923706055,42.16999816894531,74.47000122070312,88.19999694824219,137.85089111328125,18.854999542236328,37.95199966430664,77.69999694824219,88.7699966430664,70.45999908447266,102.91999816894531,125.6500015258789,47.91999816894531,75.41999816894531,28.149999618530273,125.18000030517578,42.31999969482422,74.13999938964844,75.30000305175781,59.483036041259766,121.72000122070312,54.5099983215332,102.06999969482422,54.18000030517578,222.6999969482422,51.52000045776367,87.27999877929688,162.10000610351562,10.444999694824219,153.92999267578125,35.56999969482422,155.16000366210938,100.44999694824219,37.93000030517578,119.83999633789062,151.86424255371094,135.5399932861328,118.12999725341797,,126.13999938964844,120.83000183105469,72.20999908447266,49.959999084472656,115.36000061035156,86.4000015258789,30.579999923706055,99.62999725341797,49.45000076293945,43.14304733276367,108.7699966430664,103.36000061035156,89.75,64.85465240478516,182.47000122070312,119.73509979248047,92.22000122070312,122.9800033569336,49.0099983215332,66.5,68.68000030517578,224.83999633789062,24.040000915527344,74.5,154.5,53.84000015258789,132.10000610351562,76.11000061035156,88.00762176513672,83.94999694824219,74.80999755859375,48.60499954223633,5.73799991607666,127.22539520263672,,10.326309204101562,69.47000122070312,27.81999969482422,14.920000076293945,6.314000129699707,70.87993621826172,77.76000213623047,49.40999984741211,95.33999633789062,84.08999633789062,121.0,15.880000114440918,52.15888214111328,95.91000366210938,90.05000305175781,166.0,45.435001373291016,28.404308319091797,61.959999084472656,15.335000038146973,80.91999816894531,30.0,93.93209075927734,,,65.2300033569336,116.94999694824219,26.723325729370117,37.150001525878906,,20.290000915527344,59.26694107055664,116.5999984741211,15.300000190734863,97.69000244140625,18.940000534057617,5.381999969482422,3.720341920852661,45.77000045776367,66.05000305175781,3.9679999351501465,12.819999694824219,112.33647918701172,46.22999954223633,362.25,6.052000045776367,33.0,10.989999771118164,1.9739999771118164,168.10000610351562,151.8000030517578,8.8149995803833,,64.0,38.470001220703125,67.27249145507812,62.060001373291016,42.16999816894531,68.12000274658203,10.381400108337402,129.14999389648438,38.095001220703125
2016-10-01,45.16999816894531,39.2400016784668,55.779998779296875,34.435001373291016,133.4199981689453,83.55000305175781,58.54999923706055,43.56999969482422,74.38999938964844,87.05999755859375,128.78509521484375,18.43000030517578,36.93600082397461,68.69000244140625,83.45999908447266,68.12000274658203,104.75,127.0,48.2599983215332,70.77999877929688,26.667499542236328,120.0199966430664,42.400001525878906,71.36000061035156,75.55000305175781,54.030696868896484,114.16999816894531,50.68000030517578,102.38999938964844,55.060001373291016,214.08999633789062,51.470001220703125,83.31999969482422,154.72000122070312,9.744999885559082,145.22999572753906,33.65999984741211,150.74000549316406,90.58999633789062,38.5,113.56999969482422,146.93116760253906,131.30999755859375,115.98999786376953,,114.41000366210938,117.05999755859375,66.6500015258789,47.935001373291016,112.56999969482422,82.0199966430664,32.0,100.12999725341797,48.849998474121094,37.02484893798828,107.19999694824219,93.12999725341797,86.80000305175781,57.40310287475586,173.30999755859375,115.27909088134766,81.62000274658203,113.83999633789062,48.119998931884766,64.01000213623047,68.7300033569336,208.1199951171875,23.34000015258789,76.02999877929688,149.39999389648438,54.150001525878906,142.0,80.30000305175781,88.85394287109375,80.19999694824219,79.37000274658203,48.69499969482422,6.186999797821045,118.65985870361328,,11.740933418273926,68.06999969482422,28.229999542236328,14.845000267028809,6.671999931335449,67.11683654785156,74.20999908447266,35.224998474121094,101.55000305175781,86.16000366210938,116.9000015258789,16.354999542236328,53.98872756958008,93.66000366210938,95.08000183105469,176.60000610351562,49.125,25.854238510131836,63.11000061035156,14.460000038146973,80.23999786376953,31.40999984741211,93.25599670410156,,,62.5099983215332,125.19999694824219,25.438894271850586,39.9900016784668,,20.795000076293945,57.54698944091797,104.55000305175781,14.0,96.5,20.53499984741211,6.578000068664551,4.219905853271484,52.84000015258789,63.08000183105469,3.9200000762939453,13.210000038146973,100.20257568359375,47.97999954223633,369.1000061035156,6.209000110626221,31.844999313354492,11.994999885559082,2.109999895095825,163.0500030517578,165.5500030517578,9.595000267028809,,62.630001068115234,40.44499969482422,70.57444763183594,61.13999938964844,43.720001220703125,65.9800033569336,11.323342323303223,136.0,35.255001068115234
2016-11-01,48.630001068115234,38.06999969482422,60.79999923706055,35.689998626708984,144.4600067138672,87.77999877929688,58.54999923706055,43.22999954223633,71.12000274658203,96.0199966430664,129.6977996826172,21.674999237060547,36.279998779296875,71.01000213623047,95.55999755859375,74.8499984741211,111.55999755859375,128.0,43.790000915527344,76.73999786376953,28.649999618530273,115.55999755859375,40.349998474121094,65.2300033569336,69.7699966430664,58.65105056762695,116.7300033569336,56.439998626708984,107.16999816894531,51.619998931884766,215.9199981689453,52.7400016784668,87.30000305175781,160.1699981689453,11.850000381469727,140.4199981689453,39.2599983215332,175.35000610351562,96.2300033569336,34.2400016784668,125.18000030517578,155.08604431152344,125.94999694824219,111.30000305175781,,115.61000061035156,120.30000305175781,70.55000305175781,45.599998474121094,119.2699966430664,73.01000213623047,28.5575008392334,106.7300033569336,62.189998626708984,38.589656829833984,100.0999984741211,95.93000030517578,82.45999908447266,53.72092819213867,181.11000061035156,112.57331848144531,89.5566635131836,118.62999725341797,53.25,74.05999755859375,77.23999786376953,230.57000732421875,23.476667404174805,81.1500015258789,139.0,60.27000045776367,149.8000030517578,80.98999786376953,87.18097686767578,77.08000183105469,80.41000366210938,49.665000915527344,6.572999954223633,113.79925537109375,,13.26265811920166,73.11000061035156,29.489999771118164,14.864999771118164,6.2270002365112305,67.62590789794922,73.5999984741211,35.16999816894531,100.1500015258789,84.61000061035156,109.30000305175781,15.779999732971191,52.200469970703125,94.54000091552734,99.16999816894531,171.85000610351562,47.83000183105469,30.195152282714844,67.30000305175781,11.859999656677246,78.87999725341797,33.95000076293945,96.09559631347656,,,57.11000061035156,121.80000305175781,24.126712799072266,35.165000915527344,,18.610000610351562,59.658119201660156,98.04000091552734,14.640000343322754,97.62000274658203,22.229999542236328,5.826000213623047,4.065323829650879,54.779998779296875,59.36000061035156,3.813999891281128,13.140000343322754,97.95193481445312,51.70000076293945,389.3999938964844,5.696800231933594,32.275001525878906,12.850000381469727,2.0959999561309814,161.0500030517578,171.6999969482422,9.904999732971191,,64.7699966430664,40.92499923706055,75.69647216796875,62.81999969482422,44.95500183105469,61.22999954223633,10.13088321685791,129.1999969482422,34.02000045776367
2016-12-01,47.349998474121094,38.40999984741211,62.619998931884766,34.79999923706055,143.82000732421875,86.08000183105469,53.150001525878906,45.650001525878906,74.1500015258789,102.77999877929688,126.9749984741211,22.43000030517578,35.93600082397461,71.97000122070312,92.73999786376953,73.26000213623047,117.69999694824219,132.1199951171875,44.189998626708984,75.75,28.889999389648438,120.0199966430664,41.459999084472656,65.44000244140625,73.68000030517578,60.52503967285156,117.22000122070312,55.75,112.44999694824219,55.22999954223633,232.5,52.959999084472656,90.26000213623047,163.42999267578125,11.744999885559082,142.11000061035156,39.58000183105469,172.66000366210938,95.54000091552734,34.810001373291016,122.45999908447266,158.69024658203125,128.05999755859375,115.20999908447266,,114.12000274658203,117.19000244140625,71.12000274658203,46.665000915527344,121.72000122070312,71.2300033569336,29.864999771118164,112.05000305175781,59.52000045776367,37.65614318847656,104.62999725341797,94.76000213623047,84.08000183105469,55.69767379760742,183.0800018310547,101.74077606201172,89.58000183105469,114.69000244140625,55.369998931884766,75.26000213623047,72.2300033569336,232.25,23.040000915527344,84.83000183105469,150.14999389648438,62.84000015258789,157.0,88.30999755859375,97.5533447265625,80.5999984741211,88.75,52.79999923706055,7.245999813079834,124.88006591796875,,15.395750999450684,76.41999816894531,31.235000610351562,16.354999542236328,6.699999809265137,74.12398529052734,80.44999694824219,38.22999954223633,102.80000305175781,88.62999725341797,113.25,16.510000228881836,58.8211784362793,99.1500015258789,109.80000305175781,179.64999389648438,51.7400016784668,30.92540168762207,63.900001525878906,11.8149995803833,82.80999755859375,33.82500076293945,105.29048919677734,,,57.83000183105469,133.35000610351562,24.503320693969727,36.290000915527344,,20.030000686645508,65.60033416748047,100.55000305175781,15.9399995803833,106.6500015258789,23.985000610351562,6.414000034332275,4.674227237701416,60.54999923706055,60.20000076293945,4.188000202178955,15.470000267028809,105.04634857177734,55.29999923706055,390.0,6.234000205993652,32.43000030517578,13.369999885559082,2.4260001182556152,173.39999389648438,181.39999389648438,10.600000381469727,,68.41999816894531,44.255001068115234,76.482177734375,66.11000061035156,48.720001220703125,64.69999694824219,13.698237419128418,136.75,34.41999816894531
2017-01-01,48.75,41.77000045776367,61.11000061035156,34.994998931884766,139.75999450683594,92.63999938964844,53.150001525878906,44.2599983215332,76.18000030517578,100.98999786376953,135.9794464111328,21.065000534057617,36.47999954223633,74.95999908447266,95.66000366210938,76.05999755859375,111.3499984741211,131.49000549316406,45.220001220703125,70.58000183105469,29.02750015258789,120.0,41.56999969482422,64.58000183105469,74.3499984741211,62.80290985107422,120.12999725341797,58.65999984741211,112.11000061035156,55.31999969482422,224.3000030517578,52.08000183105469,83.88999938964844,173.0500030517578,12.420000076293945,140.42999267578125,39.7400016784668,181.0800018310547,96.80999755859375,36.29999923706055,127.19999694824219,166.84512329101562,135.85000610351562,113.25,,121.12999725341797,118.44000244140625,73.08000183105469,47.775001525878906,122.56999969482422,76.0199966430664,30.93000030517578,113.52999877929688,58.09000015258789,39.37541961669922,103.77999877929688,100.01000213623047,87.5999984741211,57.781009674072266,191.85000610351562,113.69915008544922,101.2699966430664,124.0,52.459999084472656,67.44000244140625,64.4800033569336,252.57000732421875,22.246667861938477,84.62999725341797,145.64999389648438,62.7599983215332,156.8000030517578,89.12000274658203,100.67292022705078,81.94000244140625,84.16999816894531,53.7400016784668,8.012999534606934,122.84065246582031,,16.413209915161133,82.30999755859375,30.954999923706055,16.15999984741211,7.103000164031982,72.79641723632812,75.29000091552734,38.2400016784668,101.6500015258789,89.13999938964844,112.69999694824219,16.989999771118164,57.68168640136719,101.6500015258789,110.5999984741211,173.8000030517578,55.5,29.785598754882812,70.83999633789062,12.255000114440918,84.62999725341797,33.005001068115234,104.79468536376953,,,55.650001525878906,143.89999389648438,23.999853134155273,36.505001068115234,,19.69499969482422,62.092132568359375,96.1500015258789,16.0,112.4000015258789,22.719999313354492,6.275000095367432,4.853315830230713,59.18000030517578,57.9900016784668,3.864000082015991,14.210000038146973,106.07382202148438,57.70000076293945,402.45001220703125,5.834000110626221,30.53499984741211,13.25,2.1700000762939453,168.35000610351562,186.60000610351562,11.1899995803833,,62.70000076293945,45.5,74.08527374267578,66.22000122070312,46.65999984741211,64.9000015258789,12.605985641479492,147.64999389648438,35.35499954223633
2017-02-01,50.36000061035156,45.08000183105469,61.84000015258789,36.17499923706055,140.47000122070312,101.51000213623047,53.150001525878906,46.970001220703125,78.29000091552734,102.62000274658203,140.3972930908203,21.549999237060547,39.007999420166016,81.37000274658203,96.66000366210938,80.37000274658203,112.5,138.1699981689453,49.84000015258789,72.95999908447266,29.502500534057617,136.80999755859375,41.959999084472656,72.9800033569336,77.04000091552734,64.70113372802734,123.97000122070312,60.099998474121094,118.61000061035156,58.65999984741211,234.6999969482422,56.380001068115234,81.31999969482422,177.89999389648438,12.507499694824219,140.72999572753906,43.040000915527344,189.80999755859375,95.70999908447266,35.25,132.00999450683594,171.91204833984375,141.72999572753906,122.20999908447266,,132.5500030517578,118.70999908447266,74.37000274658203,49.209999084472656,127.6500015258789,80.91000366210938,32.75,120.04000091552734,62.56999969482422,38.992610931396484,110.37999725341797,102.43000030517578,91.06999969482422,59.379844665527344,209.1999969482422,122.48817443847656,102.84666442871094,127.1500015258789,52.720001220703125,71.20999908447266,58.77000045776367,247.9600067138672,23.643333435058594,82.47000122070312,158.39999389648438,69.31999969482422,164.1999969482422,87.9000015258789,102.14906311035156,86.12000274658203,84.37000274658203,54.119998931884766,7.201000213623047,130.1825408935547,,16.600635528564453,80.19000244140625,32.375,16.309999465942383,7.326000213623047,74.8825912475586,78.55000305175781,36.7400016784668,106.5999984741211,88.20999908447266,117.9000015258789,16.799999237060547,57.09114456176758,103.1500015258789,119.80000305175781,178.39999389648438,52.150001525878906,30.02557945251465,72.12000274658203,13.454999923706055,87.94999694824219,33.290000915527344,110.6992416381836,,,58.709999084472656,139.6999969482422,26.077146530151367,37.75,,20.059999465942383,63.271881103515625,103.25,15.15999984741211,114.44999694824219,22.270000457763672,6.177999973297119,4.858028888702393,55.130001068115234,62.560001373291016,4.052000045776367,14.520000457763672,105.82918548583984,61.5,411.8999938964844,6.27400016784668,30.31999969482422,13.015000343322754,2.200000047683716,175.5500030517578,189.4499969482422,11.0600004196167,,67.16000366210938,45.22999954223633,80.88810729980469,63.88999938964844,47.04999923706055,68.01000213623047,12.647660255432129,142.8000030517578,38.665000915527344
2017-03-01,51.15999984741211,44.40999984741211,65.16000366210938,36.209999084472656,135.2899932861328,105.63999938964844,57.75,46.040000915527344,78.98999786376953,102.38999938964844,140.69642639160156,20.860000610351562,36.944000244140625,81.55000305175781,92.76000213623047,77.29000091552734,107.37000274658203,136.25,49.869998931884766,72.2699966430664,31.635000228881836,134.8300018310547,42.439998626708984,73.19000244140625,77.66000366210938,64.90306854248047,125.33999633789062,59.86000061035156,122.69999694824219,58.779998779296875,231.52999877929688,56.4900016784668,82.01000213623047,164.91000366210938,12.875,133.5,42.13999938964844,187.1999969482422,92.41000366210938,34.630001068115234,132.47000122070312,166.48184204101562,131.0800018310547,124.55000305175781,,131.6300048828125,118.5999984741211,82.20999908447266,48.775001525878906,129.61000061035156,80.55999755859375,32.092498779296875,122.83999633789062,59.720001220703125,42.16252517700195,111.86000061035156,105.08000183105469,89.8499984741211,57.68410873413086,206.49000549316406,123.68968963623047,103.39666748046875,132.8699951171875,51.91999816894531,68.1500015258789,55.189998626708984,232.75999450683594,24.02666664123535,81.61000061035156,178.3000030517578,71.33000183105469,173.64999389648438,92.91999816894531,106.33146667480469,88.7300033569336,85.51000213623047,52.54999923706055,8.477999687194824,139.69979858398438,,16.149999618530273,86.18000030517578,32.10499954223633,16.424999237060547,7.451000213623047,75.19202423095703,79.05000305175781,39.84000015258789,108.1500015258789,87.76000213623047,120.0999984741211,19.145000457763672,57.556922912597656,106.80000305175781,121.94999694824219,183.39999389648438,51.13999938964844,30.371599197387695,78.62999725341797,15.53499984741211,91.9800033569336,31.350000381469727,115.74742126464844,,,62.34000015258789,136.60000610351562,26.188146591186523,37.92499923706055,,20.059999465942383,66.50067138671875,102.9000015258789,16.549999237060547,124.4000015258789,24.2549991607666,7.269999980926514,5.415091037750244,62.43000030517578,63.7599983215332,4.414000034332275,15.350000381469727,111.45579528808594,69.75,444.1000061035156,6.704999923706055,33.040000915527344,14.170000076293945,2.5460000038146973,180.14999389648438,205.85000610351562,10.720000267028809,,70.02999877929688,48.1349983215332,84.16023254394531,68.62999725341797,47.415000915527344,74.30000305175781,14.44732666015625,139.64999389648438,38.96500015258789
2017-04-01,53.880001068115234,43.63999938964844,65.94000244140625,37.439998626708984,140.5,108.91000366210938,58.0,45.75,81.0199966430664,104.48999786376953,143.40390014648438,21.450000762939453,37.85599899291992,72.58999633789062,102.26000213623047,72.69999694824219,106.69999694824219,137.25,49.529998779296875,72.08999633789062,30.61750030517578,133.69000244140625,43.150001525878906,72.04000091552734,79.27999877929688,63.71567153930664,129.08999633789062,60.279998779296875,123.81999969482422,59.400001525878906,244.47000122070312,56.09000015258789,81.6500015258789,163.25999450683594,11.170000076293945,130.88999938964844,43.11000061035156,193.7899932861328,92.0199966430664,35.08000183105469,138.08999633789062,153.2409210205078,126.72000122070312,123.47000122070312,,129.75,124.9800033569336,84.87999725341797,49.95000076293945,139.92999267578125,83.08999633789062,33.38999938964844,125.19999694824219,61.33000183105469,43.324378967285156,113.27999877929688,109.83999633789062,87.33000183105469,56.54069900512695,218.6999969482422,126.95364379882812,111.55999755859375,136.14999389648438,52.869998931884766,70.88999938964844,55.849998474121094,192.6999969482422,25.059999465942383,92.02999877929688,183.89999389648438,74.2300033569336,174.8000030517578,89.45999908447266,111.79319763183594,91.33999633789062,87.6500015258789,54.439998626708984,8.994999885559082,139.69979858398438,,16.530000686645508,89.8499984741211,33.0,16.100000381469727,7.1570000648498535,74.2737045288086,81.44999694824219,39.040000915527344,110.0999984741211,85.0,125.0,19.0,56.89152526855469,107.80000305175781,131.64999389648438,175.9499969482422,53.709999084472656,30.639484405517578,84.25,15.204999923706055,92.06999969482422,31.5,118.63208770751953,,,64.2699966430664,145.5500030517578,26.35068130493164,40.48500061035156,,19.020000457763672,68.67389678955078,103.4000015258789,16.610000610351562,121.3499984741211,24.510000228881836,7.348999977111816,5.643194198608398,64.77999877929688,64.18000030517578,4.363999843597412,14.270000457763672,116.39742279052734,69.05000305175781,439.20001220703125,6.6020002365112305,35.209999084472656,14.944999694824219,2.6740000247955322,182.85000610351562,226.5,11.289999961853027,,76.0199966430664,49.54999923706055,86.13941955566406,72.5,47.16999816894531,78.0999984741211,14.937235832214355,147.9499969482422,38.9900016784668
2017-05-01,54.869998931884766,45.65999984741211,66.0199966430664,37.689998626708984,144.05999755859375,113.5999984741211,55.0,41.58000183105469,83.30999755859375,102.37000274658203,145.13729858398438,21.71500015258789,41.560001373291016,74.29000091552734,105.43000030517578,67.01000213623047,103.4800033569336,143.19000244140625,51.65999984741211,70.08000183105469,31.469999313354492,135.72999572753906,45.470001220703125,76.36000061035156,82.79000091552734,66.68013000488281,132.83999633789062,59.119998931884766,117.7699966430664,62.06999969482422,256.9200134277344,53.380001068115234,80.5,165.69000244140625,10.792499542236328,122.73999786376953,41.790000915527344,203.25,92.62000274658203,33.630001068115234,141.22000122070312,145.91778564453125,127.8499984741211,128.25,,129.72999572753906,132.2899932861328,78.7699966430664,52.07500076293945,150.88999938964844,84.27999877929688,35.36000061035156,115.87999725341797,58.099998474121094,44.472801208496094,116.87000274658203,106.36000061035156,88.08999633789062,53.22674560546875,227.1999969482422,135.10879516601562,110.58999633789062,137.63999938964844,54.560001373291016,70.44000244140625,55.150001525878906,172.27999877929688,26.200000762939453,97.0199966430664,170.25,73.06999969482422,170.89999389648438,83.83999633789062,116.22162628173828,95.5999984741211,83.29000091552734,51.5,9.387999534606934,134.6012725830078,,15.574999809265137,92.4800033569336,32.51499938964844,17.725000381469727,7.788000106811523,76.0704116821289,85.16000366210938,36.57500076293945,106.0,82.87999725341797,124.94999694824219,19.690000534057617,53.73920440673828,107.44999694824219,125.5999984741211,175.75,50.95000076293945,33.45228958129883,85.43000030517578,18.079999923706055,95.44000244140625,34.04999923706055,114.53044891357422,,,63.970001220703125,133.75,27.73025894165039,42.5099983215332,,19.6299991607666,67.36996459960938,103.8499984741211,18.43000030517578,117.5,23.739999771118164,7.251999855041504,5.449024200439453,62.81999969482422,66.08000183105469,4.757999897003174,14.09000015258789,115.810302734375,77.0,439.95001220703125,7.0980000495910645,36.39500045776367,14.890000343322754,2.5480000972747803,190.4499969482422,227.14999389648438,11.430000305175781,,78.80000305175781,49.775001525878906,87.6909408569336,68.55999755859375,47.27000045776367,77.7300033569336,15.567119598388672,139.4499969482422,39.04999923706055
2017-06-01,56.33000183105469,48.61000061035156,72.51000213623047,38.84000015258789,143.05999755859375,105.54000091552734,62.150001525878906,41.380001068115234,82.94999694824219,102.45999908447266,149.64718627929688,21.53499984741211,38.880001068115234,77.91999816894531,107.45999908447266,68.68000030517578,104.33000183105469,145.3800048828125,51.880001068115234,72.44999694824219,31.510000228881836,133.24000549316406,44.849998474121094,74.12999725341797,80.81999969482422,64.79805755615234,132.75,59.619998931884766,125.06999969482422,60.709999084472656,257.2699890136719,56.47999954223633,80.7300033569336,166.17999267578125,10.882499694824219,126.38999938964844,44.790000915527344,198.10000610351562,92.76000213623047,34.11000061035156,143.25,147.06500244140625,118.33000183105469,132.2899932861328,,129.11000061035156,132.5500030517578,77.52999877929688,48.755001068115234,153.16000366210938,88.75,35.032501220703125,121.31999969482422,57.869998931884766,44.68770980834961,115.48999786376953,109.95999908447266,87.1500015258789,53.468990325927734,231.52999877929688,138.1173095703125,116.98666381835938,140.72999572753906,50.33000183105469,74.20999908447266,52.290000915527344,180.52999877929688,25.226667404174805,94.5199966430664,167.75,72.0,172.39999389648438,81.08999633789062,111.3995590209961,92.04000091552734,81.27999877929688,50.68000030517578,10.430000305175781,128.44903564453125,,15.524999618530273,92.41999816894531,32.81999969482422,15.720000267028809,8.248000144958496,74.92251586914062,84.16999816894531,35.83000183105469,104.94999694824219,84.6500015258789,120.5,18.485000610351562,52.70783615112305,105.75,123.5,176.5500030517578,49.189998626708984,32.50910568237305,83.12000274658203,17.44499969482422,91.44999694824219,32.244998931884766,108.49066925048828,,,62.02000045776367,133.35000610351562,27.563756942749023,40.0099983215332,,16.739999771118164,67.18368530273438,96.70999908447266,18.100000381469727,114.0999984741211,23.950000762939453,7.264999866485596,5.459392070770264,63.060001373291016,65.80999755859375,4.693999767303467,13.15999984741211,109.00944519042969,75.1500015258789,432.6499938964844,6.933000087738037,33.61000061035156,15.100000381469727,2.7760000228881836,182.39999389648438,218.3000030517578,11.140000343322754,,80.23999786376953,46.779998779296875,83.3049087524414,67.2699966430664,43.28499984741211,74.7300033569336,16.346975326538086,135.75,37.064998626708984
2017-07-01,53.54999923706055,49.18000030517578,69.91000366210938,39.875,142.14999389648438,115.80000305175781,61.5,42.18000030517578,86.76000213623047,118.91000366210938,154.47154235839844,22.299999237060547,39.52000045776367,77.26000213623047,113.94999694824219,65.61000061035156,109.19000244140625,146.4600067138672,53.349998474121094,76.18000030517578,33.712501525878906,133.49000549316406,45.84000015258789,72.19999694824219,82.86000061035156,67.85137176513672,131.6699981689453,59.61000061035156,127.45999908447266,60.790000915527344,261.70001220703125,58.880001068115234,80.04000091552734,167.22000122070312,10.739999771118164,132.6300048828125,44.779998779296875,196.3300018310547,84.93000030517578,34.16999816894531,140.7100067138672,138.30784606933594,121.9000015258789,132.72000122070312,,123.16000366210938,130.16000366210938,77.4000015258789,47.650001525878906,155.13999938964844,83.97000122070312,36.522499084472656,127.0,57.66999816894531,42.3572883605957,116.61000061035156,105.25,90.81999969482422,55.29069900512695,232.4600067138672,145.30747985839844,112.42333221435547,140.69000244140625,52.619998931884766,82.72000122070312,56.66999816894531,166.74000549316406,26.663333892822266,88.69999694824219,193.0,70.5999984741211,180.0,80.58999633789062,105.44578552246094,92.69999694824219,77.70999908447266,47.94499969482422,11.079999923706055,129.5027313232422,,15.09000015258789,88.41000366210938,32.79999923706055,15.444999694824219,8.36299991607666,71.29916381835938,79.79000091552734,34.345001220703125,106.69999694824219,83.81999969482422,119.75,18.385000228881836,49.314308166503906,92.8499984741211,123.94999694824219,181.5,48.3849983215332,31.392915725708008,84.4000015258789,17.815000534057617,89.68000030517578,32.20000076293945,103.44249725341797,,,59.22999954223633,130.10000610351562,27.159399032592773,37.814998626708984,,17.295000076293945,64.38954162597656,101.80000305175781,17.600000381469727,128.14999389648438,24.959999084472656,7.651000022888184,5.53341817855835,65.56999969482422,63.09000015258789,4.823999881744385,13.369999885559082,104.80171966552734,89.0999984741211,428.0,6.664000034332275,33.59000015258789,15.8149995803833,2.9119999408721924,175.10000610351562,212.6999969482422,10.680000305175781,,79.93000030517578,46.88999938964844,80.28142547607422,66.3499984741211,42.959999084472656,75.73999786376953,16.63692283630371,132.9499969482422,37.6150016784668
2017-08-01,55.689998626708984,50.939998626708984,75.30000305175781,41.275001525878906,145.3699951171875,116.26000213623047,63.849998474121094,41.31999969482422,88.04000091552734,106.47000122070312,152.96824645996094,22.479999542236328,42.43199920654297,67.45999908447266,117.48999786376953,70.62999725341797,107.62000274658203,141.4199981689453,50.16999816894531,76.83999633789062,33.752498626708984,138.52999877929688,45.54999923706055,71.63999938964844,84.2699966430664,68.56219482421875,133.3000030517578,59.040000915527344,120.79000091552734,63.0,265.9700012207031,56.099998474121094,76.33000183105469,157.17999267578125,10.667499542236328,126.93000030517578,43.22999954223633,201.35000610351562,82.83000183105469,30.739999771118164,137.50999450683594,136.73995971679688,104.76000213623047,132.3699951171875,,123.29000091552734,131.5399932861328,73.88999938964844,47.564998626708984,159.97000122070312,80.62000274658203,37.627498626708984,109.30000305175781,55.11000061035156,41.672264099121094,115.7300033569336,104.31999969482422,92.2699966430664,55.77519226074219,230.66000366210938,146.007568359375,113.08999633789062,144.0,52.66999816894531,84.36000061035156,54.529998779296875,162.57000732421875,26.023332595825195,87.04000091552734,188.5500030517578,70.61000061035156,179.75,81.37000274658203,105.79021453857422,89.68000030517578,78.0,44.51499938964844,10.4399995803833,128.85691833496094,,13.470000267028809,89.79000091552734,34.845001220703125,15.15999984741211,9.494999885559082,70.95978546142578,78.5,37.0,101.80000305175781,80.6500015258789,112.55000305175781,19.3700008392334,50.92789840698242,92.26000213623047,117.5999984741211,173.39999389648438,47.61000061035156,30.08696937561035,85.86000061035156,20.954999923706055,88.0999984741211,33.82500076293945,98.98027038574219,,,61.400001525878906,125.3499984741211,28.15047264099121,39.78499984741211,,15.100000381469727,63.675479888916016,99.5199966430664,17.1299991607666,130.5,24.375,7.421999931335449,5.231542110443115,63.90999984741211,66.1500015258789,5.085000038146973,13.170000076293945,103.77424621582031,96.0999984741211,444.29998779296875,6.861000061035156,31.915000915527344,14.899999618530273,2.8359999656677246,177.35000610351562,220.25,11.3100004196167,,81.58999633789062,46.07500076293945,81.21631622314453,67.7300033569336,43.44499969482422,77.3499984741211,17.086837768554688,129.64999389648438,36.69499969482422
2017-09-01,59.43000030517578,53.36000061035156,88.86000061035156,40.69499969482422,151.22000122070312,136.30999755859375,60.25,42.5099983215332,83.83999633789062,109.31999969482422,150.2914581298828,24.094999313354492,43.439998626708984,66.91999816894531,124.70999908447266,76.0999984741211,117.5,142.5500030517578,48.45000076293945,76.56999969482422,36.06999969482422,131.91000366210938,45.0099983215332,72.8499984741211,80.68000030517578,73.8206787109375,128.61000061035156,62.84000015258789,120.56999969482422,60.439998626708984,254.02999877929688,59.86000061035156,81.9800033569336,180.11000061035156,11.395000457763672,124.20999908447266,44.5099983215332,205.5800018310547,95.6500015258789,32.13999938964844,147.9600067138672,138.69981384277344,104.93000030517578,130.00999450683594,,117.68000030517578,139.74000549316406,79.94000244140625,51.31999969482422,156.67999267578125,77.7699966430664,36.63750076293945,118.5,56.040000915527344,45.6413688659668,111.43000030517578,108.66000366210938,90.9800033569336,55.41666793823242,243.39999389648438,147.88079833984375,119.34666442871094,150.97000122070312,53.95000076293945,90.6500015258789,59.0099983215332,179.75,26.046667098999023,96.26000213623047,191.39999389648438,80.41000366210938,189.9499969482422,90.04000091552734,113.46615600585938,91.02999877929688,85.83000183105469,47.1150016784668,11.510000228881836,145.9879913330078,,14.630000114440918,91.70999908447266,37.665000915527344,15.78499984741211,9.576000213623047,68.12499237060547,82.7699966430664,38.4900016784668,101.94999694824219,86.97000122070312,115.1500015258789,21.270000457763672,56.11800003051758,94.12000274658203,134.9499969482422,180.89999389648438,54.099998474121094,29.724206924438477,95.36000061035156,19.219999313354492,92.69000244140625,34.599998474121094,107.45398712158203,,,64.2699966430664,138.0,28.542938232421875,42.400001525878906,,15.819999694824219,70.07096862792969,101.30000305175781,18.5,144.0500030517578,25.59000015258789,7.560999870300293,5.6608757972717285,68.25,66.37000274658203,5.09499979019165,14.0,102.50214385986328,93.5,426.54998779296875,6.572000026702881,31.885000228881836,15.600000381469727,2.992000102996826,179.89999389648438,233.4499969482422,11.4399995803833,,86.44000244140625,50.41999816894531,83.55354309082031,73.62999725341797,45.44499969482422,80.4000015258789,18.016666412353516,143.25,39.095001220703125
2017-10-01,59.20000076293945,54.22999954223633,90.25,41.94499969482422,159.42999267578125,140.88999938964844,60.25,40.869998931884766,87.23999786376953,116.26000213623047,160.04754638671875,24.920000076293945,45.61600112915039,61.900001525878906,135.8000030517578,78.52999877929688,115.88999938964844,150.82000732421875,45.16999816894531,70.16999816894531,37.2599983215332,126.52999877929688,45.97999954223633,70.44999694824219,86.05000305175781,77.1324691772461,130.66000366210938,64.45999908447266,120.80000305175781,62.63999938964844,262.42999267578125,58.380001068115234,83.3499984741211,189.8699951171875,11.742500305175781,120.5199966430664,42.130001068115234,202.97999572753906,88.2300033569336,31.15999984741211,156.52000427246094,147.28489685058594,106.05000305175781,139.41000366210938,,112.51000213623047,146.1199951171875,79.94999694824219,49.76499938964844,166.91000366210938,80.5199966430664,38.76750183105469,126.69000244140625,57.83000183105469,47.320350646972656,110.2300033569336,116.23999786376953,86.33999633789062,52.00581359863281,258.1700134277344,148.03216552734375,131.71665954589844,161.5500030517578,55.619998931884766,92.9000015258789,59.040000915527344,197.6999969482422,29.10333251953125,101.4000015258789,191.0500030517578,87.75,199.35000610351562,93.62000274658203,109.92341613769531,96.30000305175781,87.5,48.6150016784668,11.765000343322754,148.12937927246094,,13.949999809265137,88.68000030517578,39.31999969482422,15.640000343322754,10.130000114440918,71.57865142822266,83.0199966430664,41.39500045776367,107.6500015258789,87.47000122070312,120.5,23.5049991607666,59.2952766418457,91.88999938964844,144.75,192.0500030517578,62.310001373291016,32.45329666137695,101.25,21.459999084472656,97.66000366210938,34.36000061035156,110.42880249023438,,,66.80999755859375,155.89999389648438,29.938371658325195,42.95500183105469,,16.155000686645508,74.65337371826172,105.05000305175781,19.81999969482422,154.8000030517578,25.93000030517578,7.513000011444092,5.580376148223877,67.04000091552734,70.13999938964844,5.324999809265137,14.039999961853027,106.36737823486328,102.9000015258789,445.54998779296875,6.938000202178955,32.095001220703125,15.859999656677246,2.885999917984009,191.0500030517578,256.1000061035156,10.359999656677246,,90.43000030517578,50.36000061035156,80.84832763671875,75.44999694824219,47.869998931884766,84.05000305175781,16.42696189880371,159.39999389648438,42.08000183105469
2017-11-01,63.41999816894531,56.369998931884766,96.91999816894531,43.81999969482422,163.0399932861328,134.32000732421875,56.5,39.880001068115234,92.29000091552734,114.45999908447266,175.03451538085938,25.625,47.84000015258789,59.189998626708984,141.14999389648438,86.6500015258789,118.98999786376953,152.11000061035156,47.09000015258789,74.7300033569336,39.36000061035156,139.2899932861328,45.77000045776367,72.44999694824219,89.04000091552734,78.92568969726562,135.9199981689453,64.81999969482422,123.88999938964844,64.8499984741211,246.99000549316406,64.77999877929688,83.29000091552734,199.8800048828125,13.09749984741211,132.2100067138672,43.349998474121094,207.16000366210938,92.97000122070312,36.45000076293945,169.25,147.1988525390625,116.66999816894531,139.3300018310547,,119.76000213623047,153.9199981689453,83.37000274658203,51.09000015258789,171.97000122070312,82.12999725341797,39.5099983215332,128.36000061035156,57.5,47.790462493896484,116.5199966430664,116.8499984741211,89.98999786376953,53.585269927978516,267.2099914550781,156.55628967285156,133.13999938964844,169.6300048828125,57.72999954223633,102.91999816894531,59.900001525878906,221.30999755859375,32.40999984741211,99.93000030517578,175.1999969482422,87.29000091552734,198.14999389648438,94.0,105.44578552246094,99.98999786376953,84.68000030517578,52.29999923706055,12.154999732971191,152.10623168945312,,15.859999656677246,95.25,39.88999938964844,15.010000228881836,9.717000007629395,60.498985290527344,83.47000122070312,40.53499984741211,110.4000015258789,89.37000274658203,114.0,23.200000762939453,57.823081970214844,89.43000030517578,151.0500030517578,186.9499969482422,70.30000305175781,29.6181697845459,106.9000015258789,19.25,94.6500015258789,35.36000061035156,102.94669342041016,,,71.41000366210938,178.10000610351562,31.35362434387207,42.96500015258789,,17.9950008392334,71.81886291503906,96.69999694824219,25.0,147.60000610351562,25.350000381469727,7.182000160217285,5.407876014709473,63.58000183105469,70.91999816894531,5.454999923706055,13.8100004196167,105.73133087158203,91.19999694824219,442.8500061035156,6.671999931335449,29.739999771118164,15.154999732971191,2.822000026702881,185.8000030517578,244.5,9.880000114440918,,89.52999877929688,47.8650016784668,76.18380737304688,72.20999908447266,47.404998779296875,85.83999633789062,16.896873474121094,173.9499969482422,43.525001525878906
2017-12-01,61.279998779296875,57.06999969482422,96.70999908447266,43.88999938964844,164.0800018310547,127.88999938964844,59.0,40.08000183105469,85.88999938964844,117.19000244140625,164.18162536621094,25.729999542236328,54.93600082397461,61.27000045776367,157.5800018310547,89.08999633789062,125.19000244140625,146.1300048828125,50.16999816894531,74.97000122070312,38.95750045776367,148.74000549316406,45.880001068115234,75.44999694824219,84.94999694824219,81.57511901855469,134.17999267578125,69.69000244140625,121.83999633789062,63.18000030517578,241.3699951171875,64.69000244140625,83.63999938964844,192.75999450683594,13.672499656677246,132.80999755859375,43.33000183105469,203.4499969482422,95.01000213623047,36.38999938964844,166.85000610351562,146.67303466796875,124.23999786376953,139.72000122070312,,120.66000366210938,154.67999267578125,92.94000244140625,50.95500183105469,172.1199951171875,80.75,39.04750061035156,146.39999389648438,63.58000183105469,47.42780303955078,119.91999816894531,116.81999969482422,91.87999725341797,55.25193786621094,259.0,160.26490783691406,136.67999267578125,169.69000244140625,60.72999954223633,104.93000030517578,65.25,236.25,32.91666793823242,98.66999816894531,167.14999389648438,83.0,191.5,91.73999786376953,102.34588623046875,97.9000015258789,86.83000183105469,52.77000045776367,12.505000114440918,152.98997497558594,,15.875,96.80000305175781,39.75,14.795000076293945,9.060999870300293,64.95081329345703,87.77999877929688,40.0099983215332,104.9000015258789,90.25,110.3499984741211,22.834999084472656,58.887718200683594,89.75,149.39999389648438,180.75,69.77999877929688,29.233081817626953,105.8499984741211,17.0,93.44999694824219,34.04999923706055,104.70453643798828,,,71.62000274658203,166.4499969482422,32.81645202636719,44.1150016784668,,18.334999084472656,71.75056457519531,93.12999725341797,52.52000045776367,145.14999389648438,24.735000610351562,7.111999988555908,5.250709056854248,62.25,69.94999694824219,5.130000114440918,13.800000190734863,112.48326110839844,87.44999694824219,446.25,6.460000038146973,29.045000076293945,15.324999809265137,2.7699999809265137,184.9499969482422,245.39999389648438,10.100000381469727,,85.91000366210938,45.97999954223633,71.4596176147461,70.86000061035156,46.04499816894531,85.1500015258789,15.577117919921875,168.6999969482422,43.47999954223633
2018-01-01,66.77999877929688,62.15999984741211,112.22000122070312,44.099998474121094,168.3699951171875,111.58999633789062,58.75,42.95000076293945,82.9000015258789,123.62999725341797,186.33226013183594,26.239999771118164,55.439998626708984,71.79000091552734,162.77999877929688,91.45999908447266,125.3499984741211,156.14999389648438,48.849998474121094,76.9000015258789,42.11249923706055,141.69000244140625,47.59000015258789,74.23999786376953,80.36000061035156,85.79159545898438,137.67999267578125,72.2300033569336,118.76000213623047,63.09000015258789,232.97999572753906,64.94999694824219,87.30000305175781,200.69000244140625,13.739999771118164,120.80000305175781,42.40999984741211,222.47999572753906,104.06999969482422,34.33000183105469,173.6699981689453,156.50096130371094,126.88999938964844,138.19000244140625,,117.0,161.49000549316406,104.7300033569336,54.3849983215332,171.13999938964844,85.88999938964844,39.60499954223633,143.72000122070312,66.95999908447266,48.01880645751953,120.30000305175781,118.7300033569336,86.33999633789062,51.54069900512695,280.5899963378906,171.33396911621094,139.0366668701172,166.22999572753906,62.869998931884766,111.62999725341797,75.22000122070312,269.6600036621094,35.53333282470703,100.19999694824219,187.3000030517578,92.5,203.5,94.31999969482422,103.74330139160156,95.5,91.97000122070312,52.220001220703125,13.258000373840332,164.3087158203125,,14.793999671936035,103.3499984741211,38.06999969482422,14.125,8.458999633789062,70.35090637207031,93.0,40.029998779296875,110.0999984741211,87.27999877929688,112.5999984741211,23.40999984741211,61.32474136352539,88.0199966430664,144.3000030517578,189.5500030517578,74.4000015258789,30.070226669311523,113.9000015258789,16.1200008392334,90.83000183105469,37.279998779296875,110.12230682373047,,,67.36000061035156,177.02000427246094,31.484447479248047,47.18000030517578,,17.969999313354492,74.14111328125,91.13999938964844,62.900001525878906,163.1999969482422,26.4950008392334,7.567999839782715,5.73370885848999,66.5999984741211,69.45999908447266,5.110000133514404,14.486000061035156,111.94506072998047,96.04000091552734,445.20001220703125,6.558000087738037,28.8700008392334,15.829999923706055,3.1605000495910645,183.10000610351562,252.60000610351562,9.949999809265137,,90.94000244140625,46.814998626708984,70.73358154296875,75.4800033569336,46.6349983215332,87.0,17.746000289916992,178.5,42.630001068115234
2018-02-01,64.19000244140625,60.33000183105469,115.83000183105469,44.439998626708984,160.7899932861328,100.43000030517578,55.54999923706055,41.52000045776367,80.48999786376953,115.31999969482422,170.28684997558594,26.31999969482422,55.832000732421875,69.20999908447266,154.6300048828125,93.36000061035156,111.91999816894531,141.9199981689453,49.189998626708984,74.58999633789062,42.665000915527344,129.0800018310547,43.220001220703125,68.97000122070312,74.88999938964844,80.85621643066406,130.4499969482422,71.05999755859375,115.66999816894531,57.0,223.8300018310547,64.95999908447266,75.73999786376953,203.17999267578125,13.680000305175781,113.94000244140625,38.66999816894531,222.4499969482422,91.83999633789062,32.459999084472656,161.44000244140625,148.97705078125,126.30000305175781,129.8800048828125,,110.91999816894531,149.75,89.58999633789062,53.38999938964844,157.74000549316406,79.88999938964844,38.037498474121094,134.07000732421875,65.4000015258789,46.13163375854492,109.7300033569336,112.44000244140625,78.5199966430664,47.6550407409668,275.0899963378906,181.4569549560547,133.86000061035156,159.19000244140625,59.650001525878906,111.9000015258789,75.41000366210938,261.54998779296875,30.003332138061523,87.22000122070312,182.60000610351562,98.33999633789062,192.02000427246094,86.41000366210938,94.69947052001953,90.12000274658203,86.81999969482422,51.47999954223633,12.73799991607666,153.43185424804688,,13.199999809265137,109.44999694824219,37.63999938964844,13.260000228881836,8.359999656677246,66.97709655761719,87.0999984741211,38.95000076293945,111.9000015258789,82.73999786376953,109.30000305175781,22.399999618530273,58.613243103027344,82.22000122070312,137.60000610351562,184.10000610351562,69.12000274658203,30.918533325195312,109.0,16.40999984741211,86.19999694824219,36.2599983215332,97.75428009033203,,,66.87999725341797,161.1199951171875,29.77187156677246,46.900001525878906,,18.50200080871582,70.45283508300781,87.4800033569336,63.900001525878906,161.3000030517578,25.860000610351562,6.889999866485596,5.430875778198242,65.37000274658203,65.75,4.7789998054504395,13.71399974822998,105.5356216430664,102.5,442.1000061035156,6.076000213623047,24.959999084472656,14.477999687194824,3.0959999561309814,177.0500030517578,246.5,9.385000228881836,,90.9000015258789,46.744998931884766,64.67667388916016,71.58000183105469,46.970001220703125,81.31999969482422,17.445999145507812,164.5,41.68000030517578
2018-03-01,63.59000015258789,59.91999816894531,94.6500015258789,43.7599983215332,159.02999877929688,92.73999786376953,53.75,43.369998931884766,84.23999786376953,113.4800033569336,166.2064666748047,25.440000534057617,54.400001525878906,62.68000030517578,147.3800048828125,93.70999908447266,114.04000091552734,136.77000427246094,50.36000061035156,74.26000213623047,42.64500045776367,133.11000061035156,43.43000030517578,71.68000030517578,77.94000244140625,79.33763885498047,137.07000732421875,68.30000305175781,117.63999938964844,58.91999816894531,240.67999267578125,63.29999923706055,74.61000061035156,199.4199981689453,13.647500038146973,116.11000061035156,34.68000030517578,220.89999389648438,89.83999633789062,34.31999969482422,156.66000366210938,146.68260192871094,124.01000213623047,128.14999389648438,,110.12999725341797,144.3000030517578,87.75,53.19499969482422,156.3800048828125,80.22000122070312,40.83250045776367,136.33999633789062,61.09000015258789,45.75554275512695,109.1500015258789,111.5999984741211,79.27999877929688,50.12596893310547,280.69000244140625,180.75686645507812,130.7066650390625,153.1999969482422,59.959999084472656,107.97000122070312,69.43000030517578,282.2699890136719,29.656667709350586,88.29000091552734,196.64999389648438,93.80000305175781,183.39999389648438,82.47000122070312,90.33008575439453,92.0199966430664,88.1500015258789,48.29999923706055,10.543999671936035,152.48013305664062,,11.326000213623047,110.5999984741211,35.52000045776367,13.25,9.020000457763672,61.946327209472656,82.9800033569336,34.54999923706055,110.9000015258789,79.77999877929688,106.8499984741211,21.739999771118164,57.365623474121094,77.9000015258789,136.8000030517578,188.85000610351562,67.5,29.3000545501709,115.3499984741211,20.059999465942383,84.97000122070312,37.84000015258789,93.31909942626953,,,65.36000061035156,161.3800048828125,31.9125919342041,44.279998779296875,,19.242000579833984,67.94617462158203,89.27999877929688,65.19999694824219,160.14999389648438,21.600000381469727,6.428999900817871,5.074376106262207,60.16999816894531,65.7300033569336,4.96999979019165,14.288000106811523,107.2480697631836,97.54000091552734,481.5,5.9720001220703125,25.43000030517578,13.699999809265137,2.9535000324249268,183.35000610351562,250.1999969482422,8.604999542236328,,85.9800033569336,42.86000061035156,64.97504425048828,71.33999633789062,46.130001068115234,79.9000015258789,16.988000869750977,162.60000610351562,43.189998626708984
2018-04-01,61.349998474121094,58.130001068115234,96.55000305175781,45.56999969482422,162.2899932861328,96.95999908447266,54.25,45.380001068115234,86.88999938964844,118.08000183105469,177.84169006347656,27.229999542236328,56.040000915527344,64.16999816894531,144.36000061035156,92.02999877929688,125.11000061035156,135.6699981689453,46.20000076293945,70.33999633789062,42.57500076293945,117.19999694824219,43.209999084472656,65.2300033569336,80.12999725341797,74.87883758544922,144.77000427246094,66.41000366210938,116.7699966430664,60.25,239.69000244140625,63.86000061035156,77.75,189.11000061035156,12.4975004196167,115.8499984741211,33.63999938964844,201.30999755859375,88.31999969482422,36.25,142.02000427246094,138.5850830078125,114.08000183105469,126.48999786376953,,103.54000091552734,152.52000427246094,82.43000030517578,52.70500183105469,167.44000244140625,80.12999725341797,40.977500915527344,128.60000610351562,61.619998931884766,45.184688568115234,100.94000244140625,105.87999725341797,72.33999633789062,48.94379806518555,264.19000244140625,178.4295196533203,122.55332946777344,141.58999633789062,62.540000915527344,113.81999969482422,72.5999984741211,281.3500061035156,29.48666763305664,88.20999908447266,203.89999389648438,97.4000015258789,196.4600067138672,86.31999969482422,97.70095825195312,93.91999816894531,92.47000122070312,47.52000045776367,10.710000038146973,150.3727264404297,,11.366000175476074,111.6500015258789,36.099998474121094,14.494999885559082,9.071999549865723,63.22398376464844,84.27999877929688,32.40999984741211,116.5999984741211,81.26000213623047,105.4000015258789,21.280000686645508,54.47945785522461,81.22000122070312,143.0,189.9499969482422,70.80000305175781,30.460893630981445,108.6500015258789,19.875,92.41999816894531,42.939998626708984,95.23019409179688,,,67.0999984741211,171.83999633789062,32.99087905883789,42.75,,20.0049991607666,73.79960632324219,82.72000122070312,73.0999984741211,157.5,23.719999313354492,6.730000019073486,5.149126052856445,63.97999954223633,67.08999633789062,5.26800012588501,16.200000762939453,110.62403106689453,102.05000305175781,535.7999877929688,6.415999889373779,25.780000686645508,13.97599983215332,3.1570000648498535,198.85000610351562,289.29998779296875,8.5649995803833,,97.45999908447266,43.494998931884766,65.43254089355469,75.27999877929688,52.33000183105469,83.0999984741211,17.974000930786133,169.39999389648438,44.83000183105469
2018-05-01,63.06999969482422,61.529998779296875,98.94000244140625,45.060001373291016,161.41000366210938,93.47000122070312,52.099998474121094,43.720001220703125,89.20999908447266,130.02000427246094,169.95704650878906,27.780000686645508,56.560001373291016,52.09000015258789,151.91000366210938,87.0,124.30000305175781,130.69000244140625,46.95000076293945,69.37000274658203,45.5625,120.83000183105469,43.0,63.09000015258789,76.7300033569336,77.20999908447266,142.61000061035156,70.83999633789062,113.01000213623047,57.08000183105469,239.02999877929688,74.4800033569336,81.23999786376953,201.00999450683594,13.307499885559082,118.88999938964844,33.56999969482422,201.7100067138672,90.79000091552734,35.88999938964844,143.6999969482422,135.09559631347656,107.5,119.62000274658203,,100.8499984741211,156.25999450683594,95.01000213623047,50.5,160.00999450683594,86.31999969482422,41.45249938964844,125.62999725341797,64.19000244140625,43.63999938964844,100.25,100.91999816894531,73.16999816894531,51.64728546142578,275.7900085449219,186.84957885742188,126.41666412353516,139.24000549316406,65.02999877929688,121.41999816894531,72.88999938964844,308.989990234375,27.51333236694336,93.0,193.60000610351562,97.30999755859375,176.3800048828125,84.25,100.23992156982422,98.26000213623047,85.37999725341797,49.34000015258789,8.743000030517578,147.58554077148438,,9.156999588012695,114.4000015258789,32.470001220703125,13.220000267028809,9.071999549865723,65.6395492553711,85.41999816894531,31.5,108.0,75.80000305175781,105.6500015258789,23.489999771118164,51.302181243896484,87.33999633789062,161.6999969482422,176.3000030517578,63.08000183105469,34.668941497802734,109.0999984741211,19.395000457763672,96.33999633789062,43.86000061035156,100.51274871826172,,34.005001068115234,69.45999908447266,160.94000244140625,31.999805450439453,45.54999923706055,,19.65399932861328,71.98961639404297,80.22000122070312,82.5999984741211,167.39999389648438,21.325000762939453,5.839000225067139,4.408333778381348,53.060001373291016,65.38999938964844,4.703000068664551,15.489999771118164,114.39141845703125,111.5,608.7999877929688,6.072000026702881,27.010000228881836,12.458000183105469,2.5144999027252197,205.60000610351562,297.04998779296875,8.239999771118164,,102.1500015258789,42.875,65.2734146118164,73.77999877929688,52.04999923706055,83.72000122070312,14.133999824523926,159.10000610351562,48.040000915527344
2018-06-01,59.150001525878906,60.9900016784668,92.6500015258789,43.02000045776367,155.72999572753906,94.33000183105469,52.5,45.83000183105469,90.13999938964844,134.13999938964844,183.73983764648438,27.729999542236328,49.0099983215332,48.83000183105469,135.6699981689453,83.66000366210938,126.43000030517578,127.0199966430664,53.15999984741211,66.86000061035156,46.26750183105469,135.25,43.86000061035156,64.80999755859375,77.9800033569336,73.19999694824219,140.3300018310547,69.13999938964844,117.26000213623047,58.61000061035156,239.07000732421875,73.0999984741211,82.7300033569336,198.10000610351562,12.032500267028809,126.55000305175781,32.04999923706055,186.41000366210938,91.79000091552734,37.209999084472656,138.5399932861328,133.55641174316406,107.4800033569336,121.33999633789062,,105.33999633789062,158.14999389648438,95.56999969482422,58.04499816894531,156.69000244140625,85.61000061035156,41.75749969482422,128.41000366210938,62.5,42.08000183105469,108.87000274658203,103.7300033569336,78.05999755859375,52.122093200683594,275.9100036621094,192.89498901367188,135.85667419433594,132.80999755859375,68.29000091552734,116.08999633789062,76.12000274658203,308.3999938964844,28.549999237060547,99.29000091552734,186.9499969482422,100.26000213623047,177.02000427246094,81.91000366210938,94.3499984741211,97.23999786376953,77.62999725341797,47.720001220703125,8.211000442504883,132.9357452392578,,9.222000122070312,114.1500015258789,27.969999313354492,13.270000457763672,9.154000282287598,68.67398071289062,86.37999725341797,28.889999389648438,106.80000305175781,72.08000183105469,109.5,21.829999923706055,45.8542366027832,83.62000274658203,164.60000610351562,181.0500030517578,54.560001373291016,34.8252067565918,94.55999755859375,19.524999618530273,98.94999694824219,45.439998626708984,102.06326293945312,,35.35499954223633,75.0999984741211,142.22000122070312,32.31694793701172,47.869998931884766,,20.5049991607666,73.560546875,86.5,72.30000305175781,169.6999969482422,21.014999389648438,6.073999881744385,4.400667190551758,53.189998626708984,62.869998931884766,4.756999969482422,15.906000137329102,118.30558013916016,116.5,523.7999877929688,6.624000072479248,29.260000228881836,12.32800006866455,2.4865000247955322,211.5,285.20001220703125,8.244999885559082,,104.05000305175781,38.27000045776367,68.2770004272461,71.41999816894531,52.209999084472656,82.36000061035156,14.295999526977539,141.5,48.2599983215332
2018-07-01,59.529998779296875,65.54000091552734,92.2300033569336,46.540000915527344,164.1699981689453,94.19999694824219,55.5,48.2599983215332,91.87000274658203,134.99000549316406,192.03099060058594,29.260000228881836,53.220001220703125,49.95000076293945,143.8000030517578,92.2300033569336,126.2699966430664,139.72000122070312,55.900001525878906,75.62999725341797,51.119998931884766,135.1699981689453,46.630001068115234,67.01000213623047,78.93000030517578,82.9800033569336,140.6999969482422,72.27999877929688,124.23999786376953,60.720001220703125,240.4499969482422,76.16999816894531,81.51000213623047,201.36000061035156,14.232500076293945,125.5,34.31999969482422,199.75999450683594,97.30999755859375,35.970001220703125,143.3300018310547,138.55641174316406,111.12000274658203,132.52000427246094,,113.86000061035156,167.5,99.33999633789062,58.77000045776367,157.5399932861328,90.2300033569336,41.8849983215332,134.11000061035156,66.93000030517578,44.650001525878906,115.0,110.66000366210938,80.87999725341797,54.04069900512695,301.8999938964844,189.6310272216797,146.91000366210938,149.47000122070312,67.20999908447266,119.08000183105469,80.68000030517578,346.55999755859375,29.74333381652832,109.6500015258789,189.14999389648438,106.0,189.13999938964844,82.16000366210938,95.26000213623047,99.5999984741211,82.69000244140625,51.279998779296875,9.236000061035156,133.9214630126953,,11.187999725341797,112.69999694824219,30.190000534057617,14.149999618530273,9.644000053405762,65.89907836914062,83.54000091552734,33.400001525878906,114.0,72.62000274658203,107.25,22.65999984741211,49.19786071777344,87.87999725341797,181.0,189.75,57.900001525878906,34.59080505371094,103.30000305175781,22.440000534057617,99.8499984741211,44.5,108.86026763916016,,38.095001220703125,77.27999877929688,152.22000122070312,32.83230972290039,49.060001373291016,546.4000244140625,21.7549991607666,74.78997039794922,86.58999633789062,77.69999694824219,183.5,21.600000381469727,6.285999774932861,4.618688106536865,55.66999816894531,67.20999908447266,4.769999980926514,16.464000701904297,123.4918441772461,113.80000305175781,541.5999755859375,6.650000095367432,28.049999237060547,13.10200023651123,2.634000062942505,209.5,298.8500061035156,9.104999542236328,,106.05000305175781,38.07500076293945,73.96592712402344,68.83999633789062,55.86000061035156,86.0,15.163999557495117,148.10000610351562,51.560001373291016
2018-08-01,58.08000183105469,66.83999633789062,95.9800033569336,46.2400016784668,166.2899932861328,95.5199966430664,51.650001525878906,50.400001525878906,92.2300033569336,146.75,200.8513641357422,30.479999542236328,52.220001220703125,52.189998626708984,138.85000610351562,96.08000183105469,118.45999908447266,135.24000549316406,56.58000183105469,76.66999816894531,53.342498779296875,144.97999572753906,44.56999969482422,66.41000366210938,78.93000030517578,85.87000274658203,150.47999572753906,76.7300033569336,123.52999877929688,62.43000030517578,246.27999877929688,73.27999877929688,80.16999816894531,229.38999938964844,14.59000015258789,130.61000061035156,31.739999771118164,193.39999389648438,99.8499984741211,39.150001525878906,138.8800048828125,140.03823852539062,103.37999725341797,134.69000244140625,,115.54000091552734,158.19000244140625,108.75,62.439998626708984,162.22999572753906,96.41000366210938,42.525001525878906,139.02000427246094,62.5,43.47999954223633,112.01000213623047,110.54000091552734,82.94999694824219,56.753875732421875,298.3699951171875,195.88458251953125,151.86000061035156,140.52999877929688,74.81999969482422,115.88999938964844,87.5,354.07000732421875,31.953332901000977,117.05000305175781,214.89999389648438,106.26000213623047,183.63999938964844,79.69000244140625,80.37999725341797,100.30000305175781,83.41000366210938,51.939998626708984,8.145000457763672,107.44308471679688,,9.70199966430664,119.0,31.40999984741211,13.90999984741211,9.180000305175781,65.65951538085938,87.26000213623047,32.72999954223633,118.30000305175781,68.58000183105469,109.94999694824219,21.920000076293945,46.32833480834961,90.4800033569336,188.89999389648438,185.8000030517578,54.52000045776367,37.22502136230469,93.91999816894531,21.850000381469727,103.62000274658203,44.560001373291016,100.94544982910156,,39.154998779296875,80.45999908447266,140.83999633789062,35.03645706176758,45.31999969482422,604.0,20.959999084472656,74.1069564819336,80.73999786376953,80.19999694824219,175.66000366210938,21.7450008392334,5.369999885559082,4.1093339920043945,50.61000061035156,67.81999969482422,4.260000228881836,15.979999542236328,121.4369125366211,112.69999694824219,560.2000122070312,6.421999931335449,26.049999237060547,11.645999908447266,2.127500057220459,206.6999969482422,302.1499938964844,9.274999618530273,,112.30000305175781,37.064998626708984,73.5879898071289,70.23999786376953,53.869998931884766,82.55999755859375,12.434000015258789,138.6999969482422,54.619998931884766
2018-09-01,53.369998931884766,73.36000061035156,94.58000183105469,47.06999969482422,167.0500030517578,99.77999877929688,49.75,50.27000045776367,93.91000366210938,150.66000366210938,200.18408203125,29.56999969482422,50.54999923706055,54.0,152.49000549316406,97.91999816894531,122.27999877929688,133.63999938964844,59.369998931884766,76.80999755859375,49.45249938964844,150.41000366210938,46.189998626708984,66.94999694824219,76.19000244140625,88.52999877929688,156.77999877929688,76.58000183105469,127.52999877929688,61.439998626708984,246.7100067138672,73.52999877929688,85.0199966430664,223.7100067138672,14.505000114440918,126.47000122070312,30.40999984741211,204.72000122070312,99.4000015258789,39.400001525878906,141.1199951171875,144.5602264404297,102.61000061035156,138.1699981689453,,113.63999938964844,160.72999572753906,114.81999969482422,65.875,167.2899932861328,98.37000274658203,41.900001525878906,138.89999389648438,63.45000076293945,43.349998474121094,111.80000305175781,109.12999725341797,83.2300033569336,55.12596893310547,296.2099914550781,184.85336303710938,151.73666381835938,146.44000244140625,73.25,109.18000030517578,88.20999908447266,357.4100036621094,31.303333282470703,123.47000122070312,210.89999389648438,108.18000030517578,192.0,76.55000305175781,76.51000213623047,97.18000030517578,77.70999908447266,53.15999984741211,8.975000381469727,101.9366683959961,,9.82800006866455,115.4000015258789,30.709999084472656,13.885000228881836,8.779999732971191,63.124168395996094,88.58000183105469,30.68000030517578,121.69999694824219,67.31999969482422,101.05000305175781,19.56999969482422,45.205474853515625,89.0,194.10000610351562,190.75,58.0,36.387874603271484,90.05999755859375,21.25,106.0,40.15999984741211,99.46705627441406,,37.875,78.62000274658203,151.60000610351562,33.363525390625,33.5099983215332,703.0,19.75,77.38542175292969,75.22000122070312,65.0999984741211,160.89999389648438,23.149999618530273,5.489999771118164,4.154854774475098,52.709999084472656,66.69999694824219,4.4120001792907715,16.281999588012695,124.71501922607422,118.5999984741211,570.5999755859375,6.3379998207092285,26.110000610351562,11.184000015258789,2.2009999752044678,207.6999969482422,304.6000061035156,9.454999923706055,,120.69999694824219,37.14500045776367,76.14402770996094,69.30000305175781,55.84000015258789,82.0199966430664,12.96399974822998,150.10000610351562,53.68000030517578
2018-10-01,45.529998779296875,68.94000244140625,77.8499984741211,43.06999969482422,154.35000610351562,99.22000122070312,45.0,47.25,93.08000183105469,144.0800018310547,176.79092407226562,28.18000030517578,46.34000015258789,50.599998474121094,121.31999969482422,89.02999877929688,111.6500015258789,124.91000366210938,59.369998931884766,78.63999938964844,45.467498779296875,148.4499969482422,47.880001068115234,59.54999923706055,76.0,82.83999633789062,153.14999389648438,67.87999725341797,129.69000244140625,63.2599983215332,250.77999877929688,67.18000030517578,79.68000030517578,223.75999450683594,12.852499961853027,124.05000305175781,30.5,172.5800018310547,97.91999816894531,43.63999938964844,127.56999969482422,110.35372924804688,108.31999969482422,139.99000549316406,,104.30000305175781,165.47000122070312,95.22000122070312,72.0,176.89999389648438,89.81999969482422,43.125,122.66999816894531,59.119998931884766,40.150001525878906,112.37999725341797,105.08999633789062,88.68000030517578,58.401161193847656,282.8999938964844,172.48817443847656,131.1566619873047,116.5199966430664,71.33000183105469,96.98999786376953,83.62999725341797,283.9700012207031,33.426666259765625,105.91999816894531,208.0,97.70999908447266,184.44000244140625,68.02999877929688,67.77999877929688,91.4000015258789,76.2300033569336,46.16999816894531,8.33899974822998,99.21745300292969,,8.651000022888184,111.8499984741211,27.950000762939453,14.494999885559082,8.555999755859375,56.17691421508789,69.31999969482422,26.860000610351562,119.0999984741211,60.0,96.58000183105469,17.709999084472656,43.550296783447266,94.62000274658203,187.8000030517578,189.9499969482422,56.279998779296875,35.796295166015625,76.54000091552734,17.219999313354492,94.66000366210938,36.65999984741211,91.69647216796875,,36.59000015258789,74.16000366210938,148.75999450683594,32.04737854003906,34.20000076293945,571.0999755859375,20.229999542236328,73.08243560791016,65.13999938964844,70.0999984741211,150.9199981689453,22.139999389648438,4.885000228881836,4.020208835601807,46.130001068115234,62.58000183105469,4.334000110626221,15.706000328063965,118.15879821777344,103.5,505.0,6.25600004196167,24.93000030517578,10.479999542236328,1.9529999494552612,198.89999389648438,268.79998779296875,7.697999954223633,,114.05000305175781,33.2400016784668,78.41163635253906,63.959999084472656,51.959999084472656,78.87999725341797,11.315999984741211,145.8000030517578,50.15999984741211
2018-11-01,47.380001068115234,74.05000305175781,94.2699966430664,45.7400016784668,160.8699951171875,96.31999969482422,49.29999923706055,46.02000045776367,95.66999816894531,147.4199981689453,193.85641479492188,29.020000457763672,47.720001220703125,54.83000183105469,135.6699981689453,92.33000183105469,118.94000244140625,133.74000549316406,66.19000244140625,81.7300033569336,46.845001220703125,165.6199951171875,50.400001525878906,63.52000045776367,80.3499984741211,84.88999938964844,160.49000549316406,67.5199966430664,136.85000610351562,68.33999633789062,262.510009765625,76.08999633789062,79.5,234.49000549316406,14.8149995803833,132.08999633789062,33.88999938964844,184.88999938964844,103.70999908447266,45.09000015258789,139.0500030517578,118.80496978759766,104.51000213623047,146.89999389648438,,115.37000274658203,159.0500030517578,94.37000274658203,75.0,188.50999450683594,97.52999877929688,45.4275016784668,120.41000366210938,60.40999984741211,42.70000076293945,121.94000244140625,109.33000183105469,94.51000213623047,62.10271453857422,297.5899963378906,172.99905395507812,141.35667419433594,130.85000610351562,67.4000015258789,99.36000061035156,70.95999908447266,314.0400085449219,32.54999923706055,109.55999755859375,194.8000030517578,94.62000274658203,186.5,64.37000274658203,64.58000183105469,94.54000091552734,72.20999908447266,40.83000183105469,7.605999946594238,89.90412902832031,,8.062999725341797,112.80000305175781,28.1200008392334,15.484999656677246,9.005000114440918,50.0281982421875,71.87999725341797,23.84000015258789,122.69999694824219,58.70000076293945,101.9000015258789,18.4950008392334,41.33369064331055,97.36000061035156,183.60000610351562,191.89999389648438,56.5,34.657779693603516,81.80000305175781,19.065000534057617,90.91999816894531,36.79999923706055,92.30946350097656,,38.23500061035156,71.30000305175781,148.89999389648438,33.91059875488281,27.399999618530273,457.04998779296875,22.704999923706055,72.91168975830078,67.63999938964844,85.9000015258789,149.10000610351562,21.514999389648438,5.01800012588501,4.010625839233398,44.375,66.05999755859375,4.789999961853027,14.246000289916992,109.74334716796875,96.54000091552734,477.70001220703125,6.590000152587891,27.09000015258789,10.684000015258789,2.0480000972747803,207.89999389648438,252.5500030517578,7.896999835968018,,110.3499984741211,32.73500061035156,79.3763656616211,64.27999877929688,49.165000915527344,77.0999984741211,11.38599967956543,145.89999389648438,53.31999969482422
2018-12-01,42.70000076293945,72.33000183105469,92.19000244140625,45.560001373291016,160.0500030517578,77.06999969482422,46.5,40.970001220703125,92.72000122070312,131.1199951171875,172.8179168701172,27.559999465942383,47.58000183105469,44.599998474121094,127.06999969482422,84.08999633789062,108.79000091552734,129.17999267578125,65.76000213623047,77.41999816894531,41.997501373291016,154.13999938964844,47.349998474121094,59.52000045776367,76.45999908447266,70.94999694824219,147.35000610351562,59.75,133.30999755859375,65.04000091552734,245.2100067138672,68.08999633789062,68.19000244140625,200.1300048828125,13.072500228881836,118.04000091552734,29.65999984741211,157.2100067138672,96.0199966430664,42.68000030517578,126.69000244140625,108.67112731933594,93.48999786376953,129.0500030517578,,113.94000244140625,156.0399932861328,92.36000061035156,69.62000274658203,177.57000732421875,90.95999908447266,43.45500183105469,119.3499984741211,51.810001373291016,37.779998779296875,110.4800033569336,102.2300033569336,91.91999816894531,61.085269927978516,266.5199890136719,160.77578735351562,131.15333557128906,119.73999786376953,62.65999984741211,92.31999969482422,66.08999633789062,282.3599853515625,31.049999237060547,98.02999877929688,182.39999389648438,83.95999908447266,175.13999938964844,60.400001525878906,60.560001373291016,91.16000366210938,70.69999694824219,37.70000076293945,5.7829999923706055,82.08638000488281,,6.9670000076293945,104.94999694824219,23.90999984741211,14.819999694824219,8.626999855041504,42.30237579345703,56.63999938964844,22.5,117.69999694824219,53.380001068115234,95.4000015258789,17.364999771118164,38.18552780151367,89.9800033569336,158.39999389648438,190.5500030517578,51.63999938964844,33.12859344482422,77.16000366210938,18.96500015258789,86.93000030517578,40.15999984741211,87.78414154052734,,36.54499816894531,64.5,138.9199981689453,31.38930320739746,22.440000534057617,475.04998779296875,22.075000762939453,74.07280731201172,57.70000076293945,85.19999694824219,137.16000366210938,18.857999801635742,4.635499954223633,3.8074591159820557,39.474998474121094,61.5099983215332,5.044000148773193,13.748000144958496,108.07982635498047,86.77999877929688,484.79998779296875,7.01800012588501,22.350000381469727,9.40999984741211,1.9398000240325928,201.1999969482422,258.20001220703125,7.269999980926514,,105.4000015258789,29.165000915527344,75.24891662597656,59.720001220703125,46.18000030517578,72.0199966430664,9.894000053405762,139.10000610351562,51.65999984741211
2019-01-01,47.86000061035156,72.9800033569336,80.29000091552734,47.70000076293945,164.38999938964844,80.7300033569336,48.45000076293945,44.900001525878906,97.62999725341797,139.83999633789062,191.33302307128906,27.15999984741211,47.25,49.970001220703125,133.16000366210938,86.7699966430664,114.6500015258789,133.0500030517578,64.61000061035156,81.12000274658203,46.877498626708984,148.3800048828125,48.130001068115234,64.68000030517578,77.6500015258789,87.83000183105469,158.1699981689453,65.47000122070312,146.3800048828125,69.41000366210938,271.20001220703125,69.30000305175781,73.27999877929688,218.6300048828125,15.114999771118164,132.57000732421875,29.610000610351562,171.1699981689453,99.81999969482422,42.31999969482422,137.30999755859375,128.50860595703125,104.87999725341797,133.0800018310547,,111.37999725341797,163.00999450683594,96.16000366210938,61.81999969482422,178.77999877929688,88.38999938964844,44.744998931884766,129.63999938964844,61.2400016784668,41.189998626708984,112.66999816894531,105.44000244140625,96.47000122070312,66.5600814819336,283.260009765625,181.31504821777344,140.5066680908203,126.44000244140625,63.849998474121094,93.45999908447266,73.0,295.3900146484375,31.94333267211914,108.2699966430664,207.6999969482422,100.22000122070312,184.9199981689453,63.81999969482422,66.19999694824219,87.30000305175781,73.45999908447266,41.25,6.261000156402588,93.5750732421875,,7.745999813079834,116.25,25.760000228881836,14.1899995803833,9.680000305175781,45.21702575683594,64.36000061035156,24.020000457763672,125.9000015258789,60.36000061035156,84.87999725341797,19.415000915527344,42.968074798583984,91.58000183105469,188.1999969482422,194.5,56.79999923706055,35.94139862060547,90.58000183105469,21.639999389648438,90.25,40.97999954223633,86.34180450439453,,34.42499923706055,72.5999984741211,148.6199951171875,34.735172271728516,26.649999618530273,647.7000122070312,23.020000457763672,72.36527252197266,66.61000061035156,92.5,153.22000122070312,20.2450008392334,5.170000076293945,3.959834098815918,40.96500015258789,63.5,5.265999794006348,14.805999755859375,108.2755355834961,108.5999984741211,524.4000244140625,7.199999809265137,24.350000381469727,10.312000274658203,1.9947999715805054,210.10000610351562,279.75,7.929999828338623,,114.5,30.1200008392334,75.40804290771484,62.08000183105469,47.97999954223633,76.87999725341797,10.088000297546387,152.0,54.400001525878906
2019-02-01,51.93000030517578,77.62000274658203,79.23999786376953,49.13999938964844,181.17999267578125,91.29000091552734,53.5,42.5,98.8499984741211,153.02999877929688,190.8191375732422,29.6200008392334,49.4900016784668,54.34000015258789,137.33999633789062,90.37999725341797,119.58000183105469,133.89999389648438,65.80000305175781,86.81999969482422,51.650001525878906,158.02999877929688,45.34000015258789,65.87000274658203,82.44999694824219,90.52999877929688,168.91000366210938,68.1500015258789,178.22000122070312,69.80999755859375,279.8399963378906,74.94999694824219,79.02999877929688,235.1699981689453,15.734999656677246,133.58999633789062,32.61000061035156,170.22000122070312,108.77999877929688,43.36000061035156,144.0800018310547,132.05545043945312,105.91000366210938,136.63999938964844,,116.83000183105469,173.24000549316406,105.08999633789062,67.98999786376953,183.83999633789062,90.5,46.93000030517578,135.75999450683594,60.56999969482422,42.540000915527344,115.63999938964844,111.97000122070312,98.55000305175781,67.0155029296875,323.6499938964844,189.56480407714844,144.39999389648438,132.42999267578125,67.55000305175781,100.43000030517578,72.63999938964844,304.7699890136719,32.996665954589844,104.75,213.60000610351562,113.5999984741211,195.60000610351562,66.98999786376953,70.27999877929688,81.55999755859375,74.30999755859375,43.599998474121094,7.255000114440918,97.89183044433594,,8.16100025177002,111.0999984741211,27.31999969482422,14.484999656677246,9.6850004196167,49.33946228027344,68.87999725341797,21.06999969482422,131.0,64.63999938964844,87.83999633789062,19.30500030517578,43.79981994628906,90.77999877929688,188.5,207.10000610351562,58.619998931884766,37.52639389038086,94.04000091552734,21.459999084472656,94.19999694824219,46.29999923706055,86.65731811523438,,35.619998931884766,77.4800033569336,150.89999389648438,33.807525634765625,32.400001525878906,660.0,22.674999237060547,74.89242553710938,68.55000305175781,116.80000305175781,161.1199951171875,22.295000076293945,5.473999977111816,4.117001056671143,45.05500030517578,66.33000183105469,5.320000171661377,15.166000366210938,104.16566467285156,113.1500015258789,556.7999877929688,7.3520002365112305,26.540000915527344,11.631999969482422,2.1689999103546143,221.89999389648438,302.0,7.999000072479248,,119.9000015258789,31.65999984741211,73.10065460205078,68.41999816894531,49.9900016784668,83.91999816894531,11.965999603271484,155.39999389648438,57.97999954223633
2019-03-01,53.31999969482422,79.94000244140625,80.58999633789062,50.0,190.9600067138672,81.9800033569336,53.75,43.130001068115234,102.93000030517578,159.74000549316406,191.5401153564453,29.510000228881836,52.779998779296875,48.150001525878906,135.49000549316406,86.98999786376953,123.18000030517578,140.0800018310547,71.2300033569336,85.9000015258789,50.52750015258789,160.4600067138672,46.86000061035156,68.54000091552734,84.80999755859375,93.80000305175781,176.5399932861328,68.47000122070312,178.52000427246094,70.94999694824219,289.239990234375,75.9000015258789,80.80000305175781,248.27000427246094,16.077499389648438,137.85000610351562,33.13999938964844,169.27999877929688,112.02999877929688,44.7599983215332,143.52999877929688,134.89483642578125,116.5,139.7899932861328,,123.9000015258789,175.92999267578125,109.47000122070312,75.31500244140625,189.89999389648438,91.08000183105469,48.33000183105469,132.52000427246094,58.349998474121094,44.5099983215332,122.55000305175781,112.87000274658203,104.05000305175781,71.27906799316406,341.9700012207031,199.19583129882812,143.57000732421875,136.1699981689453,66.76000213623047,100.12000274658203,80.26000213623047,300.92999267578125,32.5099983215332,110.19999694824219,216.60000610351562,117.9000015258789,198.27999877929688,65.52999877929688,57.599998474121094,92.73999786376953,68.75,45.900001525878906,6.900000095367432,91.22975158691406,,7.260000228881836,114.30000305175781,29.0,14.795000076293945,9.911999702453613,49.66885757446289,71.9000015258789,23.350000381469727,128.0,64.16000366210938,91.0,17.684999465942383,43.458805084228516,101.6500015258789,201.8000030517578,211.0,55.939998626708984,40.33919906616211,92.87999725341797,23.899999618530273,103.0,46.15999984741211,86.48603820800781,,37.150001525878906,80.31999969482422,140.32000732421875,36.64596176147461,34.75,698.0,23.725000381469727,77.4195785522461,74.76000213623047,110.0,167.1999969482422,22.43000030517578,5.0929999351501465,3.9718129634857178,42.61000061035156,68.69000244140625,5.703999996185303,15.753999710083008,95.29029846191406,119.5,588.2000122070312,7.826000213623047,26.200000762939453,10.784000396728516,2.1710000038146973,239.8000030517578,327.8999938964844,6.807000160217285,,122.25,32.310001373291016,78.31217956542969,69.94000244140625,49.52000045776367,86.72000122070312,11.428000450134277,145.10000610351562,60.70000076293945
2019-04-01,52.56999969482422,79.55999755859375,79.38999938964844,50.380001068115234,205.7899932861328,75.05999755859375,55.0,44.599998474121094,102.33999633789062,164.38999938964844,184.64488220214844,31.75,53.290000915527344,48.709999084472656,139.4199981689453,81.0,120.05999755859375,145.1999969482422,74.94999694824219,96.18000030517578,54.28499984741211,159.72999572753906,49.060001373291016,72.79000091552734,86.16000366210938,98.04000091552734,184.0800018310547,70.98999786376953,189.32000732421875,71.66000366210938,282.5,79.41999816894531,80.27999877929688,275.8699951171875,17.637500762939453,133.85000610351562,34.59000015258789,178.72000122070312,102.54000091552734,39.939998626708984,155.6300048828125,134.10133361816406,122.62999725341797,141.1999969482422,,128.3800048828125,180.25999450683594,113.13999938964844,76.98500061035156,197.57000732421875,88.80999755859375,48.61000061035156,145.9499969482422,57.06999969482422,38.9900016784668,128.0500030517578,117.5,106.4800033569336,67.83914947509766,359.70001220703125,208.76063537597656,151.61000061035156,146.60000610351562,70.37000274658203,107.5,77.41999816894531,282.0,34.279998779296875,123.79000091552734,229.10000610351562,121.87999725341797,214.8000030517578,72.48999786376953,59.34000015258789,97.44000244140625,75.9000015258789,48.060001373291016,8.01200008392334,100.17597961425781,,7.36899995803833,118.9000015258789,30.899999618530273,14.913999557495117,9.567999839782715,50.48735427856445,74.95999908447266,24.920000076293945,134.39999389648438,72.0,90.23999786376953,21.024999618530273,48.524147033691406,94.87999725341797,209.6999969482422,223.0,61.84000015258789,38.43050765991211,102.30000305175781,22.770000457763672,114.58000183105469,45.900001525878906,96.2218017578125,,38.02000045776367,85.69999694824219,155.0399932861328,35.25845718383789,41.939998626708984,725.5999755859375,21.459999084472656,80.97124481201172,79.26000213623047,114.19999694824219,185.5399932861328,23.7450008392334,5.418000221252441,4.323521137237549,47.45000076293945,72.08000183105469,5.638999938964844,15.218000411987305,106.17167663574219,120.75,627.2000122070312,8.097999572753906,26.969999313354492,11.355999946594238,2.3369998931884766,245.10000610351562,349.04998779296875,7.208000183105469,,129.89999389648438,36.439998626708984,77.0689697265625,75.45999908447266,49.54499816894531,90.0199966430664,12.329999923706055,159.39999389648438,62.18000030517578
2019-05-01,40.5,76.12999725341797,76.70999908447266,51.29999923706055,203.58999633789062,63.29999923706055,55.75,38.31999969482422,101.80000305175781,160.1199951171875,179.04586791992188,31.56999969482422,49.97999954223633,42.06999969482422,119.80999755859375,79.62999725341797,113.8499984741211,146.07000732421875,74.41000366210938,98.23999786376953,55.45750045776367,148.80999755859375,49.130001068115234,69.62000274658203,86.30000305175781,89.41000366210938,184.08999633789062,60.2400016784668,212.6699981689453,73.83999633789062,291.739990234375,69.58999633789062,70.7699966430664,278.20001220703125,15.295000076293945,130.72999572753906,31.81999969482422,160.82000732421875,98.9000015258789,39.4900016784668,139.63999938964844,121.40535736083984,121.55999755859375,131.14999389648438,,127.88999938964844,180.5500030517578,93.27999877929688,78.0199966430664,198.27000427246094,92.58000183105469,49.5525016784668,125.62000274658203,48.0,34.81999969482422,128.0,104.6500015258789,102.91000366210938,67.90697479248047,343.9200134277344,202.3462677001953,139.81666564941406,127.22000122070312,68.81999969482422,101.13999938964844,80.44999694824219,261.69000244140625,33.813331604003906,114.5999984741211,256.20001220703125,114.86000061035156,198.86000061035156,59.060001373291016,52.81999969482422,103.05000305175781,62.02000045776367,41.58000183105469,6.302000045776367,82.80017852783203,,6.086999893188477,123.75,26.3799991607666,15.109999656677246,9.348999977111816,45.32682418823242,65.27999877929688,24.479999542236328,134.1999969482422,66.55999755859375,81.77999877929688,16.083999633789062,38.6221923828125,86.45999908447266,193.60000610351562,216.10000610351562,55.779998779296875,38.12913513183594,95.30000305175781,22.360000610351562,110.41999816894531,44.459999084472656,91.4440689086914,,34.849998474121094,83.86000061035156,139.5,37.2326774597168,35.540000915527344,720.7999877929688,20.135000228881836,76.15599822998047,72.61000061035156,110.80000305175781,169.3000030517578,22.079999923706055,4.867499828338623,3.7873339653015137,40.875,71.4000015258789,5.570000171661377,13.579999923706055,100.93647766113281,127.5999984741211,594.7999877929688,8.314000129699707,24.049999237060547,9.694999694824219,1.833799958229065,240.39999389648438,338.6000061035156,6.3379998207092285,,117.69999694824219,32.415000915527344,71.84749603271484,70.80000305175781,46.63999938964844,88.45999908447266,10.187999725341797,142.10000610351562,62.540000915527344
2019-06-01,47.15999984741211,84.0999984741211,72.72000122070312,54.810001373291016,226.3699951171875,70.41000366210938,57.45000076293945,40.79999923706055,105.55999755859375,165.3300018310547,193.28884887695312,33.5,55.43000030517578,47.099998474121094,136.2899932861328,84.3499984741211,124.44000244140625,147.2899932861328,73.05999755859375,103.66999816894531,59.3224983215332,153.11000061035156,50.91999816894531,71.66999816894531,87.68000030517578,100.19999694824219,197.44000244140625,66.72000122070312,254.27999877929688,75.76000213623047,291.92999267578125,75.86000061035156,76.62999725341797,286.55999755859375,16.295000076293945,128.75999450683594,34.79999923706055,181.82000732421875,103.58000183105469,40.540000915527344,150.80999755859375,131.8355712890625,115.19000244140625,139.27999877929688,,133.27999877929688,200.8000030517578,100.91000366210938,77.50499725341797,207.66000366210938,97.38999938964844,51.21500015258789,141.30999755859375,55.099998474121094,37.20000076293945,131.1300048828125,116.70999908447266,109.6500015258789,66.8313980102539,366.260009765625,215.5061492919922,152.76333618164062,144.61000061035156,70.72000122070312,109.70999908447266,86.61000061035156,268.2300109863281,36.83000183105469,125.1500015258789,271.5,124.68000030517578,212.0,63.91999816894531,60.939998626708984,105.55000305175781,65.08999633789062,43.310001373291016,6.318999767303467,87.16452026367188,,6.78000020980835,124.4000015258789,28.899999618530273,15.211999893188477,9.550999641418457,47.59266662597656,69.04000091552734,25.0,142.1999969482422,71.16000366210938,86.0199966430664,15.550000190734863,40.69324493408203,91.95999908447266,209.5,220.6999969482422,57.13999938964844,39.836910247802734,107.6500015258789,21.670000076293945,120.76000213623047,46.720001220703125,94.29267883300781,,37.11000061035156,84.63999938964844,148.22000122070312,33.30009460449219,39.02000045776367,678.5999755859375,19.777999877929688,84.04480743408203,77.83999633789062,123.19999694824219,183.74000549316406,23.100000381469727,4.916999816894531,3.91048002243042,41.76499938964844,74.5,6.139999866485596,14.605999946594238,112.28755187988281,142.8000030517578,634.2000122070312,8.765999794006348,26.450000762939453,10.196000099182129,1.8819999694824219,250.5,374.29998779296875,6.388000011444092,,128.85000610351562,34.275001525878906,75.49755859375,79.76000213623047,49.275001525878906,90.05999755859375,10.826000213623047,151.14999389648438,64.0199966430664
2019-07-01,45.45000076293945,87.0999984741211,66.62000274658203,52.63999938964844,228.27000427246094,72.95999908447266,53.0,41.08000183105469,109.04000091552734,166.52000427246094,193.894775390625,35.93000030517578,54.810001373291016,45.72999954223633,131.6699981689453,83.7300033569336,123.11000061035156,152.83999633789062,75.44000244140625,107.33000183105469,65.11000061035156,162.60000610351562,52.630001068115234,71.73999786376953,84.95999908447266,96.8499984741211,201.72999572753906,64.87999725341797,222.77000427246094,75.86000061035156,302.2200012207031,76.3499984741211,74.36000061035156,277.29998779296875,15.399999618530273,132.00999450683594,32.630001068115234,185.94000244140625,97.12000274658203,40.9900016784668,154.22999572753906,141.72084045410156,111.19000244140625,130.22000122070312,,135.64999389648438,191.27999877929688,101.4000015258789,79.2699966430664,210.72000122070312,101.94000244140625,51.79249954223633,141.66000366210938,54.380001068115234,38.810001373291016,127.80999755859375,117.38999938964844,118.04000091552734,67.06394958496094,363.6499938964844,231.7407684326172,171.01333618164062,147.58999633789062,68.56999969482422,113.38999938964844,86.4000015258789,291.0299987792969,36.793331146240234,137.27000427246094,289.54998779296875,128.05999755859375,210.39999389648438,60.529998779296875,58.75,105.0,66.83000183105469,44.38999938964844,6.163000106811523,85.13870239257812,,7.039999961853027,126.30000305175781,29.510000228881836,14.880000114440918,9.053999900817871,45.45658874511719,62.900001525878906,22.649999618530273,141.6999969482422,65.62000274658203,93.23999786376953,17.020000457763672,39.004798889160156,92.44000244140625,226.5,217.8000030517578,59.68000030517578,38.4863166809082,103.4000015258789,24.459999084472656,111.72000122070312,50.25,89.23548889160156,,37.814998626708984,83.63999938964844,150.94000244140625,35.091957092285156,41.68000030517578,687.0,20.454999923706055,85.37667846679688,91.06999969482422,127.0999984741211,202.8000030517578,22.899999618530273,4.5995001792907715,3.7020421028137207,42.18000030517578,78.4000015258789,6.198999881744385,14.204000473022461,120.01802825927734,145.64999389648438,636.5999755859375,8.569999694824219,27.030000686645508,10.071999549865723,1.9603999853134155,242.0,375.29998779296875,5.815999984741211,,129.85000610351562,34.755001068115234,75.05000305175781,78.08000183105469,47.03499984741211,93.23999786376953,10.656000137329102,154.6999969482422,65.55999755859375
2019-08-01,46.52000045776367,85.31999969482422,65.73999786376953,50.18000030517578,225.9199981689453,61.72999954223633,49.099998474121094,38.04999923706055,110.2300033569336,169.83999633789062,194.75379943847656,36.88999938964844,58.9900016784668,43.130001068115234,119.0,84.48999786376953,117.72000122070312,156.27999877929688,79.77999877929688,112.48999786376953,65.94999694824219,158.16000366210938,55.040000915527344,74.1500015258789,88.9000015258789,93.73999786376953,206.30999755859375,59.59000015258789,219.30999755859375,80.12999725341797,321.260009765625,71.0999984741211,68.4800033569336,272.0899963378906,15.3100004196167,129.2100067138672,26.280000686645508,191.27000427246094,90.29000091552734,42.61000061035156,149.86000061035156,129.56979370117188,105.16000366210938,128.36000061035156,,141.11000061035156,188.91000366210938,112.19999694824219,81.43499755859375,217.97000122070312,107.88999938964844,54.77000045776367,135.9600067138672,48.97999954223633,35.91999816894531,136.72999572753906,110.79000091552734,120.2300033569336,71.52131652832031,366.760009765625,246.158935546875,175.5833282470703,132.86000061035156,74.33000183105469,110.62000274658203,107.04000091552734,273.6499938964844,38.086666107177734,145.4600067138672,269.70001220703125,125.33999633789062,200.5,60.18000030517578,67.33999633789062,114.5,60.810001373291016,43.83000183105469,5.158999919891357,74.6153335571289,,6.572000026702881,133.75,29.899999618530273,15.175999641418457,8.454999923706055,44.0791130065918,61.20000076293945,24.530000686645508,144.8000030517578,63.040000915527344,91.0999984741211,15.748000144958496,35.519775390625,97.26000213623047,248.3000030517578,217.89999389648438,57.060001373291016,35.28284454345703,107.30000305175781,25.90999984741211,108.5999984741211,53.79999923706055,81.98775482177734,,35.709999084472656,84.91999816894531,146.10000610351562,35.91653060913086,45.0,658.7999877929688,21.28499984741211,86.50365447998047,86.19999694824219,118.19999694824219,202.25,20.8700008392334,4.309000015258789,3.2966670989990234,41.03499984741211,81.45999908447266,6.593999862670898,13.680000305175781,131.3690948486328,143.1999969482422,621.0,9.35200023651123,28.1200008392334,8.696999549865723,1.9931999444961548,248.60000610351562,362.3999938964844,5.672999858856201,,132.14999389648438,32.81999969482422,77.69554901123047,76.16000366210938,45.38999938964844,99.5,10.0600004196167,148.4499969482422,65.5199966430664
2019-09-01,47.709999084472656,83.66999816894531,75.72000122070312,52.31999969482422,221.86000061035156,69.5199966430664,48.75,41.06999969482422,113.88999938964844,161.4199981689453,194.01748657226562,36.060001373291016,62.779998779296875,47.189998626708984,126.30999755859375,84.77999877929688,118.5999984741211,161.44000244140625,75.23999786376953,116.66999816894531,67.0250015258789,151.8699951171875,54.439998626708984,73.51000213623047,94.47000122070312,99.55999755859375,198.0399932861328,66.86000061035156,185.64999389648438,85.47000122070312,326.6499938964844,74.29000091552734,70.61000061035156,242.97000122070312,16.334999084472656,136.13999938964844,28.860000610351562,182.72999572753906,99.58999633789062,43.72999954223633,156.49000549316406,139.0248565673828,110.0199966430664,129.3800048828125,,142.0500030517578,193.72000122070312,109.95999908447266,78.1500015258789,214.7100067138672,108.62000274658203,58.247501373291016,146.25999450683594,50.90999984741211,37.79999923706055,137.10000610351562,118.51000213623047,124.37999725341797,74.30232238769531,356.6000061035156,231.7691650390625,183.2899932861328,144.41000366210938,79.4000015258789,114.25,106.91000366210938,297.1499938964844,39.560001373291016,141.82000732421875,285.6499938964844,119.19999694824219,213.85000610351562,64.12000274658203,64.69000244140625,108.19999694824219,64.58999633789062,44.400001525878906,5.322000026702881,80.01297760009766,,6.870999813079834,143.39999389648438,30.645000457763672,15.394000053405762,8.918999671936035,42.816429138183594,61.70000076293945,24.770000457763672,155.10000610351562,66.31999969482422,90.80000305175781,16.511999130249023,37.94432067871094,103.3499984741211,243.8000030517578,237.39999389648438,59.70000076293945,33.53042221069336,116.05000305175781,28.690000534057617,107.87999725341797,52.29999923706055,88.56841278076172,,36.095001220703125,89.16000366210938,156.05999755859375,36.9076042175293,41.880001068115234,604.4000244140625,22.954999923706055,89.20155334472656,87.41999816894531,104.0999984741211,227.25,23.43000030517578,4.7804999351501465,3.580812931060791,44.66999816894531,80.81999969482422,6.85099983215332,14.034000396728516,129.41201782226562,141.5500030517578,634.0,9.53600025177002,28.399999618530273,9.604000091552734,2.17549991607666,256.8999938964844,364.6499938964844,6.501999855041504,,144.4499969482422,36.0,84.59783935546875,80.5,47.8849983215332,98.81999969482422,10.819999694824219,157.6999969482422,66.9800033569336
2019-10-01,49.68000030517578,83.61000061035156,79.55000305175781,53.15999984741211,213.25999450683594,60.7400016784668,47.599998474121094,42.040000915527344,112.4800033569336,162.22999572753906,196.34913635253906,37.68000030517578,65.5199966430664,49.45000076293945,137.8000030517578,75.63999938964844,116.13999938964844,152.4199981689453,69.94000244140625,113.20999908447266,67.1675033569336,147.69000244140625,54.43000030517578,68.5999984741211,92.22000122070312,103.88999938964844,192.07000732421875,70.1500015258789,184.27000427246094,83.73999786376953,327.1300048828125,72.94000244140625,67.56999969482422,253.52000427246094,17.969999313354492,136.00999450683594,27.549999237060547,176.8000030517578,102.58000183105469,40.88999938964844,168.5800018310547,127.84894561767578,105.68000030517578,132.0399932861328,,132.8800048828125,198.35000610351562,111.61000061035156,80.34500122070312,196.6999969482422,108.9000015258789,59.584999084472656,156.80999755859375,53.849998474121094,41.470001220703125,137.1699981689453,125.12000274658203,124.51000213623047,79.25387573242188,336.9599914550781,244.07757568359375,190.77333068847656,151.3300018310547,79.87000274658203,115.80000305175781,106.91000366210938,308.8399963378906,39.086666107177734,143.83999633789062,276.8500061035156,128.4199981689453,219.0,68.2300033569336,69.58000183105469,106.1500015258789,68.70999908447266,45.0,5.36299991607666,81.49494934082031,,6.49399995803833,138.9499969482422,31.75,15.767999649047852,9.036999702453613,47.0386848449707,64.87999725341797,27.40999984741211,158.8000030517578,66.62000274658203,93.18000030517578,17.378000259399414,43.59188461303711,106.9000015258789,239.39999389648438,249.0,66.0,30.036741256713867,107.8499984741211,27.329999923706055,118.80000305175781,55.45000076293945,93.1928939819336,,38.095001220703125,86.27999877929688,170.6999969482422,37.82732009887695,38.849998474121094,629.4000244140625,22.325000762939453,89.4815902709961,72.04000091552734,108.80000305175781,235.0,23.684999465942383,4.7230000495910645,3.4442501068115234,46.810001373291016,74.36000061035156,6.940000057220459,13.569999694824219,133.8643798828125,143.4499969482422,645.0,9.208000183105469,27.950000762939453,10.128000259399414,2.246000051498413,261.79998779296875,382.5,6.556000232696533,28.367589950561523,141.85000610351562,36.470001220703125,82.17109680175781,83.26000213623047,47.1349983215332,100.5999984741211,11.368000030517578,169.89999389648438,66.0199966430664
2019-11-01,48.400001525878906,85.44999694824219,87.7300033569336,54.84000015258789,236.3300018310547,65.37999725341797,51.29999923706055,42.93000030517578,106.95999908447266,170.77999877929688,198.2666015625,37.7400016784668,67.81999969482422,55.029998779296875,144.72999572753906,76.8499984741211,117.12999725341797,151.47999572753906,70.23999786376953,107.05000305175781,64.26499938964844,148.22999572753906,53.400001525878906,67.81999969482422,86.88999938964844,111.4800033569336,186.6699981689453,73.86000061035156,169.3000030517578,82.63999938964844,312.17999267578125,74.76000213623047,68.12999725341797,259.6499938964844,17.760000228881836,132.07000732421875,27.489999771118164,181.74000549316406,104.37000274658203,44.529998779296875,174.3300018310547,128.53729248046875,105.08999633789062,137.49000549316406,,136.33999633789062,206.2100067138672,117.30999755859375,84.625,194.47999572753906,111.38999938964844,58.45500183105469,165.8300018310547,56.36000061035156,44.349998474121094,135.8300018310547,128.83999633789062,122.05999755859375,74.25387573242188,360.3699951171875,250.37843322753906,194.3766632080078,157.74000549316406,80.55000305175781,123.55999755859375,125.01000213623047,316.95001220703125,39.6966667175293,147.02999877929688,282.75,133.39999389648438,217.35000610351562,68.22000122070312,68.69999694824219,105.8499984741211,73.30000305175781,48.40999984741211,5.261000156402588,80.62480163574219,,6.544000148773193,139.25,33.84000015258789,15.236000061035156,9.498000144958496,49.549076080322266,66.55999755859375,29.170000076293945,168.5,67.0999984741211,95.87999725341797,19.38800048828125,42.58546829223633,106.0,245.89999389648438,260.6000061035156,67.18000030517578,43.375240325927734,96.63999938964844,26.90999984741211,123.4800033569336,56.20000076293945,105.5789566040039,,44.02000045776367,88.04000091552734,175.47999572753906,37.494319915771484,39.099998474121094,696.2000122070312,23.385000228881836,92.44928741455078,71.87000274658203,135.0,247.0,24.69499969482422,4.781499862670898,3.389625072479248,50.970001220703125,74.72000122070312,6.855999946594238,13.71399974822998,137.9742431640625,153.39999389648438,680.0,8.928000450134277,28.260000228881836,10.444000244140625,2.30049991607666,258.70001220703125,407.29998779296875,6.432000160217285,28.385942459106445,148.4499969482422,36.75,84.05082702636719,87.5999984741211,47.63999938964844,98.9800033569336,12.562000274658203,173.14999389648438,65.16000366210938
2019-12-01,47.63999938964844,86.86000061035156,88.54000091552734,52.900001525878906,234.99000549316406,73.04000091552734,54.20000076293945,46.349998474121094,111.86000061035156,170.5,208.5979461669922,39.47999954223633,67.5999984741211,50.58000183105469,147.67999267578125,78.19999694824219,120.51000213623047,155.66000366210938,70.3499984741211,105.1500015258789,67.2699966430664,153.5399932861328,55.349998474121094,68.83999633789062,90.47000122070312,115.26000213623047,192.99000549316406,76.26000213623047,166.0,85.06999969482422,300.8599853515625,78.0199966430664,69.77999877929688,268.29998779296875,18.475000381469727,128.72999572753906,25.979999542236328,176.35000610351562,106.2300033569336,45.11000061035156,179.6300048828125,128.1453094482422,104.12999725341797,145.8699951171875,,137.5500030517578,212.89999389648438,119.76000213623047,84.86499786376953,197.61000061035156,113.44999694824219,60.540000915527344,162.83999633789062,56.279998779296875,45.869998931884766,136.6699981689453,133.49000549316406,124.9000015258789,71.3469009399414,354.2300109863281,258.325439453125,194.51333618164062,165.74000549316406,85.54000091552734,121.83999633789062,128.2100067138672,338.5199890136719,39.61333465576172,150.3300018310547,289.79998779296875,130.47999572753906,218.39999389648438,67.3499984741211,72.80999755859375,106.6500015258789,73.13999938964844,48.47999954223633,5.517000198364258,78.35425567626953,,6.916999816894531,140.14999389648438,34.0099983215332,14.569999694824219,9.52400016784668,50.08808898925781,65.95999908447266,29.479999542236328,172.3000030517578,64.95999908447266,92.19999694824219,20.309999465942383,41.06337356567383,105.3499984741211,254.60000610351562,263.0,66.63999938964844,33.99922561645508,102.4000015258789,27.350000381469727,120.31999969482422,58.95000076293945,105.05610656738281,,42.81999969482422,93.80000305175781,176.24000549316406,38.0572509765625,45.18000030517578,731.0,22.295000076293945,94.81592559814453,72.70999908447266,143.60000610351562,263.70001220703125,25.110000610351562,4.982999801635742,3.5745840072631836,52.83000183105469,73.9000015258789,7.072000026702881,13.845999717712402,132.88583374023438,147.89999389648438,666.2000122070312,9.180000305175781,31.450000762939453,10.687999725341797,2.3485000133514404,264.0,414.20001220703125,7.239999771118164,30.523948669433594,137.64999389648438,36.5,89.13306427001953,91.5,49.20000076293945,99.0,13.020000457763672,173.25,65.0199966430664
2020-01-01,42.689998626708984,87.13999938964844,81.0199966430664,51.56999969482422,238.7100067138672,80.27999877929688,52.95000076293945,44.7599983215332,117.02999877929688,171.38999938964844,211.0599822998047,44.900001525878906,67.63999938964844,51.209999084472656,131.35000610351562,72.22000122070312,107.13999938964844,151.99000549316406,74.22000122070312,104.94999694824219,69.74250030517578,157.30999755859375,58.400001525878906,73.77999877929688,94.0,113.8499984741211,196.11000061035156,71.62999725341797,166.5,92.44000244140625,309.760009765625,73.04000091552734,62.119998931884766,286.1099853515625,17.440000534057617,125.0199966430664,25.299999237060547,175.44000244140625,93.56999969482422,47.2599983215332,174.97999572753906,137.4091796875,103.61000061035156,148.8699951171875,,143.24000549316406,203.1300048828125,116.23999786376953,81.68499755859375,213.97000122070312,115.44000244140625,67.05000305175781,168.86000061035156,47.4900016784668,42.93000030517578,142.02000427246094,119.83999633789062,124.62000274658203,75.97868347167969,381.6600036621094,277.8902587890625,185.663330078125,159.3300018310547,82.13999938964844,133.52999877929688,110.73999786376953,302.6700134277344,38.163333892822266,155.9499969482422,285.79998779296875,133.24000549316406,215.85000610351562,61.06999969482422,73.05000305175781,102.4000015258789,64.33999633789062,46.880001068115234,5.199999809265137,69.97906494140625,,8.284000396728516,147.0500030517578,31.575000762939453,14.605999946594238,10.239999771118164,46.0405158996582,69.69999694824219,27.09000015258789,175.5,61.279998779296875,91.94000244140625,19.576000213623047,34.771202087402344,115.9000015258789,274.3999938964844,266.29998779296875,61.13999938964844,33.66436767578125,96.72000122070312,31.34000015258789,117.81999969482422,62.150001525878906,100.63895416259766,,42.47999954223633,92.94000244140625,162.3800048828125,40.863975524902344,43.43000030517578,831.0,22.200000762939453,98.23441314697266,68.41999816894531,130.10000610351562,254.25,24.079999923706055,4.668499946594238,3.405916929244995,48.04499816894531,72.4000015258789,7.855000019073486,12.657999992370605,131.3690948486328,152.5,676.5999755859375,9.869999885559082,30.3700008392334,9.824999809265137,2.245500087738037,251.89999389648438,395.29998779296875,7.125,29.927509307861328,145.9499969482422,34.23500061035156,86.47756958007812,90.5199966430664,44.14500045776367,100.19999694824219,12.081999778747559,165.60000610351562,67.91999816894531
2020-02-01,39.54999923706055,77.02999877929688,85.70999908447266,42.849998474121094,219.61000061035156,81.8499984741211,46.599998474121094,37.650001525878906,103.25,154.74000549316406,182.4052734375,43.0099983215332,61.40999984741211,52.119998931884766,124.23999786376953,68.9000015258789,93.33999633789062,145.02999877929688,69.5199966430664,93.23999786376953,66.68499755859375,159.4199981689453,53.4900016784668,67.56999969482422,78.81999969482422,102.73999786376953,180.4499969482422,64.11000061035156,142.9199981689453,86.45999908447266,283.3599853515625,70.41999816894531,51.439998626708984,265.989990234375,17.110000610351562,116.33999633789062,21.760000228881836,159.69000244140625,87.23999786376953,41.599998474121094,167.77999877929688,124.42638397216797,102.98999786376953,134.47999572753906,,131.19000244140625,191.00999450683594,106.56999969482422,73.09500122070312,194.1699981689453,100.66999816894531,63.189998626708984,145.3000030517578,41.349998474121094,39.38999938964844,132.02999877929688,104.44999694824219,113.2300033569336,70.14534759521484,351.70001220703125,251.5704803466797,172.25,143.6999969482422,66.6500015258789,118.01000213623047,103.0,277.5400085449219,35.893333435058594,150.55999755859375,250.5500030517578,108.0999984741211,194.8000030517578,53.08000183105469,65.20999908447266,94.9000015258789,58.93000030517578,40.40999984741211,5.210999965667725,69.08172607421875,,7.879000186920166,142.0500030517578,27.1200008392334,14.755999565124512,10.430000305175781,42.337310791015625,69.31999969482422,23.940000534057617,161.0,53.84000015258789,83.68000030517578,18.79400062561035,31.223798751831055,109.05000305175781,220.6999969482422,230.6999969482422,56.279998779296875,37.05759048461914,82.31999969482422,31.15999984741211,111.55999755859375,59.20000076293945,84.01603698730469,,36.654998779296875,88.13999938964844,148.5800018310547,38.51710891723633,39.529998779296875,797.2000122070312,21.18000030517578,92.33658599853516,50.72999954223633,124.0,248.10000610351562,20.954999923706055,4.334499835968018,3.1883749961853027,43.78499984741211,63.720001220703125,7.576000213623047,11.157999992370605,120.45836639404297,141.5500030517578,630.0,10.319999694824219,28.1299991607666,8.609000205993652,2.198499917984009,241.0,370.8500061035156,7.099999904632568,29.211780548095703,124.0999984741211,31.600000381469727,83.47398376464844,90.5,38.380001068115234,90.9800033569336,11.538000106811523,152.3000030517578,66.31999969482422
2020-03-01,37.810001373291016,78.91000366210938,76.19000244140625,34.2400016784668,199.61000061035156,56.369998931884766,40.599998474121094,35.18000030517578,99.2300033569336,136.67999267578125,176.23101806640625,36.220001220703125,55.5099983215332,47.939998626708984,116.04000091552734,66.19999694824219,72.45999908447266,111.69000244140625,64.18000030517578,75.44999694824219,43.30500030517578,173.25,44.25,66.36000061035156,78.0,83.94000244140625,155.8300018310547,47.650001525878906,148.24000549316406,78.20999908447266,220.24000549316406,66.72000122070312,37.970001220703125,260.67999267578125,15.625,74.61000061035156,16.690000534057617,132.30999755859375,67.33000183105469,46.63999938964844,142.1199951171875,106.05162811279297,111.0,131.1300048828125,,127.87000274658203,173.0,86.05000305175781,70.6050033569336,165.35000610351562,90.18000030517578,60.154998779296875,135.07000732421875,36.02000045776367,29.760000228881836,120.0999984741211,83.5999984741211,110.0,48.3139533996582,311.80999755859375,231.83538818359375,153.17333984375,100.0,45.630001068115234,97.6500015258789,92.97000122070312,248.5,37.87333297729492,152.25,205.89999389648438,59.34000015258789,156.8800048828125,43.14500045776367,52.849998474121094,92.55999755859375,47.1150016784668,33.83000183105469,3.308500051498413,44.601966857910156,,5.968999862670898,125.0,24.774999618530273,11.814000129699707,9.440999984741211,33.86785125732422,60.20000076293945,18.725000381469727,131.0,39.09000015258789,73.19999694824219,13.430000305175781,22.889690399169922,93.62000274658203,133.35000610351562,184.10000610351562,38.68000030517578,40.863807678222656,64.05999755859375,23.959999084472656,102.80000305175781,54.75,69.83607482910156,,36.04499816894531,85.0,106.83999633789062,35.56767272949219,34.9900016784668,770.5999755859375,21.28499984741211,87.640869140625,40.470001220703125,123.0,242.4499969482422,15.788000106811523,2.9154999256134033,2.1255829334259033,27.510000228881836,58.63999938964844,6.339000225067139,9.220000267028809,96.17098999023438,141.5500030517578,628.7999877929688,8.984000205993652,23.65999984741211,4.781499862670898,1.4883999824523926,238.89999389648438,338.45001220703125,5.132999897003174,28.97320556640625,80.13999938964844,22.165000915527344,79.70457458496094,78.58000183105469,35.38999938964844,75.4000015258789,7.146999835968018,121.4000015258789,64.18000030517578
2020-04-01,42.380001068115234,92.08999633789062,82.19999694824219,37.2400016784668,225.5800018310547,61.43000030517578,44.849998474121094,37.13999938964844,101.97000122070312,146.69000244140625,193.68768310546875,35.90999984741211,62.20000076293945,49.47999954223633,116.37999725341797,70.9000015258789,92.0,108.01000213623047,69.98999786376953,65.80000305175781,55.45750045776367,186.44000244140625,45.88999938964844,70.2699966430664,78.80000305175781,93.6500015258789,193.5,57.029998779296875,178.05999755859375,80.69999694824219,244.10000610351562,71.61000061035156,46.470001220703125,275.0,18.110000610351562,83.2699966430664,18.84000015258789,130.6199951171875,79.27999877929688,46.849998474121094,162.5,120.03823852539062,114.91000366210938,150.0399932861328,,138.47999572753906,183.99000549316406,104.75,78.41999816894531,187.55999755859375,97.62999725341797,57.779998779296875,160.91000366210938,41.189998626708984,34.59000015258789,132.2899932861328,90.83000183105469,117.87000274658203,53.2170524597168,341.0299987792969,277.0860900878906,178.7899932861328,110.19999694824219,56.27000045776367,115.62999725341797,109.73999786376953,275.5799865722656,40.516666412353516,189.25999450683594,209.1999969482422,57.880001068115234,168.8800048828125,46.685001373291016,60.13999938964844,95.58000183105469,54.04999923706055,41.189998626708984,3.374000072479248,52.480899810791016,,6.7779998779296875,141.75,27.149999618530273,13.324999809265137,9.145999908447266,39.557411193847656,71.66000366210938,20.979999542236328,145.5,43.380001068115234,81.04000091552734,16.950000762939453,26.229156494140625,106.0999984741211,124.30000305175781,200.8000030517578,46.029998779296875,42.41531753540039,61.81999969482422,26.239999771118164,108.94000244140625,59.70000076293945,76.33560180664062,,40.20000076293945,92.31999969482422,128.22000122070312,35.71831512451172,44.4900016784668,901.2000122070312,22.15999984741211,87.22764587402344,41.880001068115234,137.5,270.6499938964844,16.195999145507812,2.986999988555908,1.952604055404663,28.674999237060547,63.2599983215332,6.236000061035156,8.71399974822998,110.23262023925781,143.39999389648438,667.7999877929688,9.140000343322754,23.25,5.007999897003174,1.4229999780654907,265.29998779296875,352.45001220703125,5.8470001220703125,31.73976707458496,84.22000122070312,24.209999084472656,88.70539855957031,83.45999908447266,32.849998474121094,74.69999694824219,7.0289998054504395,136.3000030517578,67.12000274658203
2020-05-01,47.5,94.91999816894531,92.66999816894531,36.470001220703125,241.64999389648438,76.5199966430664,51.04999923706055,39.310001373291016,102.77999877929688,146.49000549316406,189.39254760742188,40.20000076293945,65.93000030517578,54.689998626708984,120.12999725341797,81.12999725341797,91.69999694824219,121.94000244140625,75.06999969482422,58.95000076293945,61.9900016784668,206.25,46.68000030517578,72.33000183105469,75.05999755859375,97.25,212.5800018310547,61.02000045776367,180.24000549316406,83.69999694824219,242.77000427246094,76.37000274658203,45.470001220703125,307.510009765625,20.6299991607666,79.91000366210938,18.8700008392334,146.8300018310547,83.41000366210938,48.83000183105469,172.4600067138672,119.40726470947266,113.93000030517578,148.75,,141.44000244140625,202.33999633789062,130.35000610351562,87.58000183105469,186.32000732421875,98.58000183105469,63.88999938964844,188.35000610351562,42.2599983215332,39.13999938964844,131.5500030517578,101.66999816894531,115.91999816894531,53.5949592590332,393.79998779296875,307.4928894042969,197.9499969482422,125.44999694824219,55.15999984741211,120.9000015258789,122.33000183105469,309.6199951171875,41.35333251953125,216.0399932861328,237.1999969482422,56.70000076293945,162.82000732421875,48.64500045776367,60.720001220703125,94.26000213623047,52.599998474121094,47.40999984741211,3.500999927520752,60.12190246582031,,7.531000137329102,147.89999389648438,27.979999542236328,14.175000190734863,9.505999565124512,43.120872497558594,75.5999984741211,26.790000915527344,144.60000610351562,44.630001068115234,80.27999877929688,18.856000900268555,27.763729095458984,103.1500015258789,144.89999389648438,204.60000610351562,48.90999984741211,43.87752914428711,72.95999908447266,29.790000915527344,113.5,68.75,88.82081604003906,,46.46500015258789,98.4000015258789,132.5,41.05426025390625,60.84000015258789,1183.0,22.809999465942383,91.73553466796875,41.90999984741211,191.5,292.95001220703125,16.3799991607666,2.7929999828338623,1.952604055404663,32.255001068115234,61.560001373291016,6.901000022888184,8.123000144958496,113.2660903930664,151.89999389648438,747.7999877929688,9.687999725341797,25.049999237060547,5.806000232696533,1.55239999294281,261.8999938964844,375.0,6.080999851226807,34.226463317871094,85.86000061035156,29.06999969482422,87.0544204711914,89.23999786376953,33.625,83.04000091552734,7.665999889373779,142.39999389648438,71.68000030517578
2020-06-01,47.119998931884766,91.43000030517578,98.18000030517578,36.029998779296875,241.4600067138672,77.20999908447266,51.04999923706055,39.900001525878906,99.58000183105469,148.88999938964844,183.5174102783203,40.7599983215332,63.65999984741211,52.189998626708984,126.5,79.05999755859375,89.2300033569336,126.62000274658203,77.30000305175781,64.02999877929688,66.58999633789062,219.3699951171875,44.68000030517578,73.26000213623047,71.93000030517578,96.55999755859375,198.9499969482422,62.029998779296875,191.89999389648438,83.2699966430664,229.1699981689453,76.04000091552734,44.720001220703125,328.4700012207031,21.420000076293945,85.20999908447266,20.969999313354492,149.4600067138672,86.95999908447266,48.27000045776367,174.85000610351562,115.45889282226562,105.80999755859375,140.6300048828125,,141.35000610351562,212.11000061035156,135.1199951171875,89.70500183105469,184.47000122070312,91.69999694824219,60.04249954223633,189.7100067138672,41.40999984741211,37.9900016784668,132.25999450683594,106.05999755859375,119.56999969482422,57.6550407409668,388.260009765625,311.71240234375,192.61666870117188,139.3800048828125,54.65999984741211,123.5,119.93000030517578,314.1600036621094,39.926666259765625,227.1699981689453,233.60000610351562,63.52000045776367,181.75999450683594,49.880001068115234,65.79000091552734,101.0999984741211,56.81999969482422,46.77000045776367,3.9670000076293945,59.25175094604492,,8.46399974822998,161.0500030517578,32.54999923706055,14.944999694824219,10.015000343322754,44.039188385009766,76.30000305175781,28.149999618530273,153.39999389648438,47.540000915527344,82.87999725341797,20.875,30.063512802124023,103.30000305175781,154.14999389648438,231.39999389648438,51.15999984741211,42.794822692871094,77.19999694824219,31.110000610351562,124.31999969482422,69.05000305175781,94.4369125366211,,42.650001525878906,103.5,134.94000244140625,43.27426528930664,62.779998779296875,1295.5,24.260000228881836,96.46881866455078,43.8650016784668,198.3000030517578,326.8999938964844,18.61199951171875,3.063999891281128,2.0838959217071533,35.369998931884766,61.560001373291016,7.677999973297119,8.489999771118164,111.79828643798828,151.85000610351562,743.7999877929688,10.319999694824219,23.56999969482422,6.197999954223633,1.7036000490188599,285.70001220703125,390.5,6.1479997634887695,37.96109390258789,89.22000122070312,32.04999923706055,90.157470703125,98.87999725341797,33.974998474121094,82.0,8.187999725341797,143.3000030517578,69.5199966430664
2020-07-01,48.13999938964844,100.63999938964844,94.91000366210938,35.56999969482422,286.6300048828125,82.45999908447266,51.5,42.83000183105469,105.98999786376953,132.91000366210938,215.78463745117188,45.470001220703125,69.33999633789062,54.619998931884766,132.8800048828125,93.72000122070312,83.94000244140625,127.23999786376953,96.33000183105469,77.93000030517578,75.46749877929688,236.50999450683594,47.2400016784668,77.19999694824219,76.83000183105469,102.93000030517578,187.0800018310547,62.0099983215332,210.1199951171875,90.06999969482422,220.74000549316406,84.51000213623047,42.08000183105469,346.29998779296875,23.520000457763672,76.30000305175781,21.049999237060547,146.74000549316406,90.1500015258789,50.86000061035156,184.99000549316406,117.53346252441406,109.3499984741211,145.75999450683594,,152.0399932861328,245.11000061035156,148.91000366210938,97.44999694824219,194.27999877929688,96.4800033569336,70.17500305175781,193.6300048828125,41.95000076293945,42.849998474121094,137.66000366210938,107.6500015258789,131.1199951171875,58.187984466552734,432.45001220703125,331.3623352050781,215.97332763671875,153.32000732421875,52.849998474121094,138.10000610351562,125.87999725341797,341.5299987792969,43.133331298828125,268.8699951171875,233.89999389648438,62.0099983215332,176.22000122070312,46.810001373291016,56.2400016784668,101.1500015258789,54.70000076293945,52.119998931884766,4.348999977111816,56.12465286254883,,7.591000080108643,154.60000610351562,34.2599983215332,14.164999961853027,9.935999870300293,42.19257736206055,74.62000274658203,30.6299991607666,143.39999389648438,47.20000076293945,83.4000015258789,21.1299991607666,31.10735511779785,108.05000305175781,146.85000610351562,224.8000030517578,48.09000015258789,47.06983947753906,80.23999786376953,31.979999542236328,133.77999877929688,73.44999694824219,97.64611053466797,,43.95500183105469,106.05000305175781,125.0,43.74998092651367,61.2400016784668,1417.0,24.469999313354492,104.883544921875,46.119998931884766,195.39999389648438,299.70001220703125,16.86400032043457,2.63700008392334,1.7332420349121094,34.1150016784668,56.540000915527344,7.729000091552734,7.540999889373779,109.79227447509766,151.35000610351562,686.2000122070312,10.920000076293945,22.520000457763672,5.895999908447266,1.707200050354004,283.0,366.75,6.565999984741211,37.66746139526367,89.44000244140625,31.170000076293945,88.06887817382812,98.23999786376953,31.299999237060547,72.80000305175781,7.7210001945495605,132.6999969482422,66.86000061035156
2020-08-01,48.970001220703125,109.47000122070312,95.7699966430664,36.31999969482422,292.260009765625,91.01000213623047,55.29999923706055,44.7599983215332,99.81999969482422,139.08999633789062,186.20187377929688,46.400001525878906,73.16999816894531,50.7599983215332,142.30999755859375,98.30000305175781,83.93000030517578,125.0,95.83000183105469,79.41000366210938,83.30999755859375,223.5,49.529998779296875,79.26000213623047,71.33999633789062,109.83999633789062,197.0800018310547,69.47000122070312,213.44000244140625,85.70999908447266,216.50999450683594,88.38999938964844,39.939998626708984,350.3999938964844,24.43000030517578,79.23999786376953,21.059999465942383,149.35000610351562,94.44000244140625,50.97999954223633,197.5500030517578,117.88719177246094,120.18000030517578,153.41000366210938,,157.75999450683594,249.74000549316406,164.69000244140625,103.0999984741211,213.52000427246094,107.47000122070312,69.7925033569336,186.49000549316406,45.459999084472656,45.13999938964844,140.05999755859375,120.4000015258789,138.3300018310547,60.106590270996094,427.19000244140625,346.6603698730469,223.68333435058594,161.3000030517578,60.13999938964844,139.2100067138672,151.2100067138672,365.42999267578125,46.28333282470703,283.9599914550781,254.60000610351562,68.83999633789062,181.52000427246094,51.060001373291016,55.540000915527344,96.80000305175781,60.150001525878906,52.459999084472656,4.86299991607666,61.99816131591797,,8.024999618530273,158.39999389648438,38.119998931884766,14.75,9.90999984741211,38.72893142700195,71.05999755859375,30.559999465942383,142.60000610351562,53.220001220703125,85.55999755859375,23.15999984741211,35.469871520996094,113.6500015258789,155.25,241.6999969482422,51.29999923706055,47.51631546020508,77.54000091552734,33.29999923706055,138.0399932861328,77.94999694824219,104.26282501220703,,38.099998474121094,115.55000305175781,139.33999633789062,47.571563720703125,73.13999938964844,1413.0,25.219999313354492,104.47032165527344,48.80500030517578,193.6999969482422,314.29998779296875,17.076000213623047,2.453000068664551,1.7851829528808594,36.564998626708984,55.099998474121094,7.589000225067139,7.800000190734863,109.69441986083984,163.1999969482422,719.4000244140625,10.550000190734863,23.549999237060547,6.803999900817871,1.8051999807357788,276.8999938964844,392.79998779296875,6.750999927520752,38.46577453613281,97.0199966430664,33.97999954223633,84.40887451171875,103.75,33.099998474121094,78.58000183105469,8.25,150.1999969482422,68.80000305175781
2020-09-01,52.79999923706055,108.83000183105469,87.58999633789062,36.349998474121094,297.8599853515625,89.27999877929688,55.25,46.4900016784668,95.58999633789062,139.49000549316406,178.46295166015625,45.27000045776367,75.31999969482422,46.95000076293945,149.14999389648438,102.19000244140625,72.0,116.12000274658203,93.70999908447266,77.97000122070312,83.2074966430664,210.1699981689453,49.369998931884766,77.1500015258789,77.80000305175781,108.33999633789062,199.83999633789062,65.56999969482422,210.27999877929688,83.55000305175781,200.7899932861328,90.5199966430664,34.33000183105469,334.8800048828125,22.545000076293945,73.44000244140625,20.350000381469727,138.42999267578125,95.16999816894531,48.88999938964844,193.2100067138672,116.3193130493164,115.5199966430664,148.8800048828125,,147.66000366210938,238.1300048828125,165.86000061035156,97.05000305175781,219.49000549316406,103.91999816894531,69.38999938964844,191.82000732421875,44.86000061035156,45.77000045776367,138.60000610351562,122.08000183105469,138.99000549316406,58.86627960205078,395.1099853515625,341.1542053222656,232.24667358398438,162.1999969482422,62.220001220703125,128.22000122070312,157.4199981689453,356.7699890136719,46.63666534423828,274.8999938964844,276.1000061035156,62.06999969482422,163.6199951171875,51.97999954223633,53.310001373291016,97.0,61.9900016784668,54.29999923706055,4.192999839782715,62.86831283569336,,7.190000057220459,149.8000030517578,38.900001525878906,14.289999961853027,9.428000450134277,38.75887680053711,72.0199966430664,30.010000228881836,132.1999969482422,52.31999969482422,89.31999969482422,24.114999771118164,38.289493560791016,124.55000305175781,142.0,216.60000610351562,50.900001525878906,49.447330474853516,76.76000213623047,31.979999542236328,132.75999450683594,74.5,107.87999725341797,,38.29999923706055,118.0,137.39999389648438,46.44570541381836,79.9000015258789,1572.5,25.25,101.80315399169922,46.224998474121094,225.0,314.70001220703125,15.776000022888184,2.371999979019165,1.5329500436782837,30.975000381469727,55.220001220703125,7.418000221252441,6.688000202178955,113.65750885009766,156.64999389648438,736.2000122070312,10.510000228881836,23.799999237060547,6.057000160217285,1.6030000448226929,277.6000061035156,399.3999938964844,6.486999988555908,36.107540130615234,84.44000244140625,36.0099983215332,84.86637115478516,106.05000305175781,29.200000762939453,71.5199966430664,7.045000076293945,149.1999969482422,72.83999633789062
2020-10-01,51.689998626708984,105.11000061035156,85.0999984741211,33.95000076293945,276.239990234375,93.20999908447266,52.150001525878906,46.2400016784668,91.66999816894531,157.9600067138672,177.2741241455078,43.5099983215332,69.70999908447266,45.790000915527344,157.0500030517578,88.43000030517578,69.5,129.91000366210938,88.38999938964844,70.73999786376953,78.63749694824219,207.25,48.060001373291016,78.88999938964844,78.48999786376953,110.70999908447266,183.58999633789062,64.79000091552734,232.8699951171875,87.2699966430664,204.58999633789062,88.37000274658203,32.619998931884766,306.5,21.614999771118164,68.77999877929688,18.75,131.3300018310547,90.43000030517578,48.689998626708984,195.8800048828125,106.74951934814453,112.19999694824219,137.11000061035156,,132.58999633789062,220.33999633789062,158.10000610351562,90.25499725341797,213.0,100.56999969482422,73.20999908447266,193.42999267578125,47.7599983215332,49.7599983215332,133.2899932861328,129.72000122070312,137.10000610351562,56.06589126586914,371.3399963378906,305.3263854980469,229.32666015625,166.1999969482422,55.310001373291016,126.66000366210938,152.22000122070312,350.0199890136719,46.25,272.07000732421875,255.0,62.59000015258789,151.05999755859375,47.06999969482422,40.36000061035156,89.9000015258789,58.68000030517578,54.880001068115234,4.045000076293945,62.05254364013672,,7.901000022888184,126.3499984741211,38.040000915527344,13.069999694824219,8.95199966430664,31.781679153442383,65.58000183105469,28.56999969482422,124.69999694824219,49.119998931884766,83.5199966430664,23.899999618530273,36.929588317871094,127.1500015258789,146.5500030517578,200.8000030517578,46.0,45.50716781616211,62.70000076293945,31.790000915527344,91.48999786376953,69.1500015258789,100.69999694824219,18.799999237060547,36.85499954223633,105.8499984741211,125.0999984741211,43.46455383300781,80.18000030517578,1447.5,23.59000015258789,94.29000854492188,44.560001373291016,214.39999389648438,312.0,13.800000190734863,2.4619998931884766,1.6395169496536255,29.854999542236328,47.400001525878906,6.834000110626221,6.011000156402588,103.92102813720703,153.14999389648438,799.0,10.125,21.190000534057617,5.859000205993652,1.419600009918213,277.70001220703125,402.29998779296875,6.460000038146973,39.3558464050293,90.5199966430664,33.5,76.94962310791016,104.19999694824219,25.81999969482422,67.81999969482422,6.401000022888184,133.60000610351562,69.58000183105469
2020-11-01,56.310001373291016,108.22000122070312,104.58000183105469,43.93000030517578,280.1400146484375,135.97000122070312,56.650001525878906,49.77000045776367,95.88999938964844,173.8800048828125,180.11964416503906,45.029998779296875,80.66000366210938,54.59000015258789,173.58999633789062,93.97000122070312,87.18000030517578,147.8300018310547,87.7699966430664,76.3499984741211,88.82499694824219,202.9600067138672,51.599998474121094,85.63999938964844,76.25,122.02999877929688,222.14999389648438,76.81999969482422,225.61000061035156,87.51000213623047,245.8800048828125,89.37000274658203,38.130001068115234,333.760009765625,24.725000381469727,87.22000122070312,21.989999771118164,149.35000610351562,98.37000274658203,47.18000030517578,211.08999633789062,118.08795166015625,117.19999694824219,144.67999267578125,,139.30999755859375,256.4200134277344,155.82000732421875,93.48999786376953,217.44000244140625,113.69999694824219,73.58999633789062,203.80999755859375,53.70000076293945,51.81999969482422,144.22999572753906,146.77000427246094,138.8699951171875,58.11046600341797,427.0,332.8098449707031,249.2100067138672,184.30999755859375,71.29000091552734,143.41000366210938,179.52999877929688,418.29998779296875,50.93000030517578,275.1600036621094,267.29998779296875,87.7300033569336,197.66000366210938,61.33000183105469,48.27000045776367,93.73999786376953,73.04000091552734,64.05999755859375,5.210000038146973,77.63365936279297,,9.343000411987305,139.75,40.5,15.114999771118164,9.076000213623047,37.431312561035156,70.5,28.709999084472656,140.3000030517578,59.540000915527344,90.23999786376953,29.520000457763672,46.952144622802734,133.85000610351562,197.9499969482422,233.60000610351562,53.29999923706055,45.10533905029297,74.55999755859375,34.77000045776367,101.9800033569336,64.0999984741211,112.0,24.899999618530273,38.54999923706055,105.0,141.33999633789062,45.57355880737305,84.80000305175781,1602.0,23.989999771118164,103.4184799194336,55.880001068115234,239.1999969482422,363.8500061035156,19.711999893188477,3.930000066757202,2.4175000190734863,42.96500015258789,53.86000061035156,8.369999885559082,8.303000450134277,118.74591827392578,176.8000030517578,817.4000244140625,11.444999694824219,27.850000381469727,8.175000190734863,1.9254000186920166,306.79998779296875,482.8999938964844,7.151000022888184,41.677371978759766,122.30000305175781,39.81999969482422,84.24974060058594,116.6500015258789,35.82500076293945,85.5,8.642999649047852,155.5,70.30000305175781
2020-12-01,54.81999969482422,109.48999786376953,107.1500015258789,44.470001220703125,273.2200012207031,147.52000427246094,58.849998474121094,50.40999984741211,95.43000030517578,176.1999969482422,191.9159393310547,47.40999984741211,79.43000030517578,53.560001373291016,182.02000427246094,93.87000274658203,84.44999694824219,153.9199981689453,87.2300033569336,87.37000274658203,88.36499786376953,201.9199981689453,54.84000015258789,85.51000213623047,72.2699966430664,126.25,216.36000061035156,80.37000274658203,245.60000610351562,86.51000213623047,237.4199981689453,95.11000061035156,41.220001220703125,332.5,24.415000915527344,85.12000274658203,24.989999771118164,148.82000732421875,100.43000030517578,46.61000061035156,203.8800048828125,120.34416961669922,115.5999984741211,157.3800048828125,,134.8300018310547,263.510009765625,160.50999450683594,95.5999984741211,214.5800018310547,117.13999938964844,77.1500015258789,200.9499969482422,53.189998626708984,53.09000015258789,148.3000030517578,144.22000122070312,139.13999938964844,60.24224853515625,431.0899963378906,311.0028381347656,244.97000122070312,178.55999755859375,74.26000213623047,151.38999938964844,176.52999877929688,408.3399963378906,48.04999923706055,283.30999755859375,297.8999938964844,89.77999877929688,200.6999969482422,64.72000122070312,48.154998779296875,94.44000244140625,72.2300033569336,63.34000015258789,5.265999794006348,82.42628479003906,,8.949000358581543,139.25,40.5,14.954999923706055,9.064000129699707,37.77069091796875,68.19999694824219,29.280000686645508,130.3000030517578,61.220001220703125,92.30000305175781,31.389999389648438,48.06668472290039,140.35000610351562,213.39999389648438,242.8000030517578,56.400001525878906,47.38237380981445,86.58000183105469,34.56999969482422,107.22000122070312,67.05000305175781,117.5199966430664,30.0,41.97999954223633,108.4000015258789,152.4199981689453,47.38127899169922,91.05999755859375,1905.0,23.110000610351562,100.864013671875,57.0099983215332,242.0,397.54998779296875,19.511999130249023,4.034999847412109,2.5380001068115234,43.10499954223633,53.7599983215332,8.276000022888184,8.54800033569336,124.81287384033203,188.64999389648438,879.5999755859375,11.699999809265137,26.040000915527344,7.640999794006348,1.912600040435791,310.79998779296875,510.8999938964844,6.671999931335449,40.539546966552734,115.94999694824219,37.5,78.27239990234375,118.30000305175781,35.29999923706055,81.36000061035156,7.6479997634887695,170.10000610351562,69.05999755859375
2021-01-01,54.29999923706055,123.58999633789062,102.4800033569336,45.18000030517578,266.760009765625,162.66000366210938,54.70000076293945,50.0099983215332,89.0,165.1199951171875,200.7899932861328,43.09000015258789,71.66999816894531,53.72999954223633,182.83999633789062,85.55999755859375,85.19999694824219,145.6699981689453,84.43000030517578,84.08999633789062,79.52999877929688,209.4600067138672,48.150001525878906,78.0,70.77999877929688,116.48999786376953,204.50999450683594,79.3499984741211,243.10000610351562,87.5,239.61000061035156,89.5199966430664,44.84000015258789,302.3399963378906,22.795000076293945,87.55999755859375,26.290000915527344,146.67999267578125,93.87999725341797,46.86000061035156,194.2100067138672,113.87189483642578,116.41000366210938,163.1300048828125,,132.10000610351562,245.39999389648438,166.85000610351562,89.54000091552734,207.83999633789062,111.33000183105469,80.87000274658203,178.99000549316406,48.72999954223633,54.459999084472656,136.57000732421875,134.7100067138672,128.2100067138672,57.22868347167969,392.9100036621094,299.9053955078125,230.60000610351562,173.49000549316406,71.51000213623047,156.47999572753906,181.1699981689453,364.3900146484375,46.83000183105469,299.489990234375,262.0,83.19999694824219,186.52000427246094,63.83000183105469,49.915000915527344,90.33999633789062,70.01000213623047,64.73999786376953,5.480000019073486,78.68736267089844,,8.369000434875488,132.60000610351562,40.810001373291016,14.699999809265137,8.729999542236328,36.7026481628418,66.80000305175781,28.540000915527344,128.0,61.02000045776367,85.5,33.125,48.341163635253906,137.6999969482422,192.0,218.8000030517578,57.5,49.860321044921875,87.33999633789062,35.459999084472656,104.80000305175781,63.79999923706055,127.94000244140625,30.579999923706055,46.279998779296875,102.69999694824219,156.44000244140625,43.71826934814453,94.72000122070312,1719.5,23.59000015258789,101.42749786376953,51.97999954223633,241.1999969482422,439.45001220703125,18.299999237060547,3.7669999599456787,2.4149999618530273,39.779998779296875,54.959999084472656,8.190999984741211,8.35200023651123,114.48927307128906,172.25,842.5999755859375,11.1850004196167,24.489999771118164,7.375,1.8051999807357788,290.1000061035156,498.29998779296875,6.709000110626221,43.96219253540039,104.0999984741211,41.08000183105469,76.73081970214844,120.94999694824219,34.89500045776367,76.58000183105469,7.557000160217285,174.5,68.44000244140625
2021-02-01,59.369998931884766,119.77999877929688,107.73999786376953,47.88999938964844,255.6199951171875,157.2100067138672,54.70000076293945,56.58000183105469,84.61000061035156,174.02000427246094,184.9593505859375,45.900001525878906,71.58000183105469,51.52000045776367,215.8800048828125,90.8499984741211,100.0,162.5800018310547,78.75,97.87000274658203,81.08499908447266,181.0500030517578,48.9900016784668,75.19999694824219,65.6500015258789,123.26000213623047,209.36000061035156,85.9000015258789,242.10000610351562,79.4800033569336,254.7899932861328,91.83999633789062,54.369998931884766,303.9100036621094,23.184999465942383,101.16999816894531,26.170000076293945,163.47000122070312,105.3499984741211,46.369998931884766,202.17999267578125,113.6998062133789,112.0,158.4600067138672,,128.3300018310547,244.27000427246094,159.75,84.27999877929688,206.13999938964844,116.97000122070312,73.4800033569336,192.41000366210938,59.81999969482422,55.93000030517578,129.19000244140625,134.82000732421875,123.52999877929688,58.39147186279297,377.6199951171875,311.598876953125,226.77999877929688,174.83999633789062,79.62999725341797,162.13999938964844,183.44000244140625,372.7099914550781,43.30666732788086,280.6499938964844,288.8999938964844,95.91000366210938,199.8000030517578,67.7300033569336,50.119998931884766,81.9000015258789,71.5,64.26000213623047,5.429999828338623,80.82874298095703,,10.21399974822998,135.5500030517578,41.060001373291016,15.029999732971191,8.449999809265137,35.37508773803711,57.36000061035156,28.6200008392334,140.3000030517578,65.4800033569336,81.58000183105469,36.0,55.103267669677734,134.5500030517578,197.0,243.0,66.37999725341797,45.763893127441406,82.62000274658203,31.34000015258789,102.05999755859375,62.45000076293945,127.9800033569336,31.25,45.83000183105469,96.72000122070312,173.02000427246094,41.815406799316406,85.0199966430664,1916.0,21.84000015258789,93.68895721435547,47.459999084472656,277.6000061035156,465.3500061035156,20.799999237060547,4.603000164031982,2.8975000381469727,49.275001525878906,56.459999084472656,7.843999862670898,9.482000350952148,132.10299682617188,161.5,923.2000122070312,10.425000190734863,27.309999465942383,9.038999557495117,2.134000062942505,302.79998779296875,525.0,7.507999897003174,44.989906311035156,113.25,44.41999816894531,75.38815307617188,122.8499984741211,38.375,86.04000091552734,8.539999961853027,193.6999969482422,65.68000030517578
2021-03-01,67.61000061035156,119.83999633789062,108.22000122070312,51.18000030517578,281.3399963378906,146.11000061035156,58.400001525878906,57.0,98.8499984741211,188.47000122070312,186.4933319091797,45.709999084472656,68.97000122070312,60.75,231.8699951171875,95.43000030517578,104.79000091552734,157.97000122070312,87.3499984741211,103.08999633789062,85.32749938964844,192.8800048828125,52.709999084472656,78.83000183105469,74.80000305175781,137.1300048828125,214.07000732421875,90.22000122070312,220.91000366210938,86.58999633789062,271.8399963378906,107.69000244140625,55.83000183105469,308.5899963378906,25.139999389648438,101.44999694824219,29.600000381469727,181.55999755859375,115.58999633789062,47.779998779296875,221.52000427246094,127.39962005615234,126.52999877929688,164.35000610351562,,139.0500030517578,280.1400146484375,190.17999267578125,89.16000366210938,224.13999938964844,118.12999725341797,75.61000061035156,198.67999267578125,80.2699966430664,62.31999969482422,141.4499969482422,150.25999450683594,135.42999267578125,61.531009674072266,403.3399963378906,333.841064453125,246.00332641601562,199.6699981689453,78.73999786376953,171.60000610351562,198.07000732421875,400.92999267578125,45.276668548583984,281.7799987792969,266.20001220703125,96.54000091552734,217.0500030517578,70.83999633789062,53.959999084472656,90.0999984741211,88.47000122070312,72.80000305175781,5.228000164031982,76.61395263671875,,10.187999725341797,141.6999969482422,46.720001220703125,17.170000076293945,9.923999786376953,37.91043472290039,62.720001220703125,34.95000076293945,155.8000030517578,77.45999908447266,95.86000061035156,36.154998779296875,63.221126556396484,145.8000030517578,200.6999969482422,262.6000061035156,90.41999816894531,46.06526565551758,86.4000015258789,33.41999816894531,104.41999816894531,64.69999694824219,140.0,30.610000610351562,46.20000076293945,103.4000015258789,238.60000610351562,44.162269592285156,83.63999938964844,1903.5,23.75,104.65814971923828,53.75,234.39999389648438,517.0,22.885000228881836,4.426000118255615,2.8970000743865967,51.880001068115234,58.5,8.493000030517578,10.494000434875488,135.87039184570312,178.35000610351562,944.0,10.984999656677246,28.100000381469727,10.432000160217285,2.310499906539917,326.79998779296875,568.0999755859375,8.41100025177002,43.49422073364258,116.05000305175781,50.31999969482422,83.79224395751953,130.25,39.775001525878906,87.36000061035156,9.012999534606934,309.20001220703125,74.12000274658203
2021-04-01,67.75,120.08000183105469,111.5,53.72999954223633,288.4800109863281,168.1699981689453,58.75,63.130001068115234,103.58999633789062,186.99000549316406,190.83448791503906,53.18000030517578,76.27999877929688,60.34000015258789,228.11000061035156,97.08000183105469,103.06999969482422,171.58999633789062,85.73999786376953,112.68000030517578,86.28500366210938,182.5,53.97999954223633,80.69999694824219,77.41000366210938,149.19000244140625,224.1199951171875,90.48999786376953,214.02000427246094,86.22000122070312,290.5199890136719,109.86000061035156,57.2400016784668,336.2200012207031,26.139999389648438,112.83999633789062,30.0,190.22999572753906,124.97000122070312,46.20000076293945,230.4600067138672,135.64053344726562,130.99000549316406,162.72999572753906,,133.32000732421875,285.8399963378906,196.25,90.36000061035156,236.0800018310547,130.9199981689453,77.51000213623047,211.41000366210938,82.26000213623047,64.51000213623047,144.16000366210938,171.24000549316406,133.4199981689453,67.00581359863281,446.44000244140625,369.3377380371094,273.8699951171875,206.77000427246094,84.7300033569336,179.1999969482422,207.25999450683594,433.5400085449219,46.63666534423828,328.5199890136719,256.8500061035156,99.94000244140625,216.39999389648438,67.08000183105469,53.81999969482422,93.9000015258789,83.4000015258789,74.68000030517578,5.491000175476074,76.57316589355469,,11.605999946594238,143.3000030517578,48.95500183105469,16.0,10.026000022888184,40.80512237548828,66.16000366210938,36.5099983215332,153.8000030517578,76.22000122070312,95.55999755859375,33.564998626708984,61.59090042114258,146.14999389648438,209.89999389648438,240.64999389648438,87.58000183105469,45.23928451538086,86.69999694824219,31.540000915527344,116.76000213623047,69.13999938964844,138.82000732421875,27.799999237060547,47.47999954223633,107.4000015258789,216.6999969482422,43.32183837890625,86.54000091552734,2041.5,22.389999389648438,105.27423095703125,58.83000183105469,240.39999389648438,541.2000122070312,23.524999618530273,4.670499801635742,3.2149999141693115,53.38999938964844,58.630001068115234,8.267000198364258,9.930000305175781,135.43003845214844,178.14999389648438,1044.0,11.234999656677246,29.6200008392334,10.630000114440918,2.321000099182129,341.6499938964844,626.2000122070312,8.61400032043457,41.39750289916992,124.18000030517578,52.5,86.79583740234375,133.02000427246094,36.82500076293945,91.4000015258789,8.562000274658203,264.20001220703125,75.26000213623047
2021-05-01,71.06999969482422,116.6500015258789,113.19999694824219,56.68000030517578,299.6600036621094,167.0800018310547,59.0,66.52999877929688,99.16999816894531,196.02000427246094,185.52691650390625,52.52000045776367,80.36000061035156,56.06999969482422,241.0800018310547,97.0199966430664,103.79000091552734,169.99000549316406,85.7300033569336,121.70999908447266,88.38500213623047,176.72999572753906,55.290000915527344,83.77999877929688,77.23999786376953,150.5,215.0800018310547,95.69000244140625,201.1300048828125,81.19000244140625,295.2900085449219,125.69000244140625,58.369998931884766,334.3599853515625,26.520000457763672,114.33999633789062,34.209999084472656,189.91000366210938,131.1199951171875,48.540000915527344,231.75999450683594,137.41873168945312,133.2899932861328,169.25,,130.6300048828125,300.6000061035156,194.8300018310547,89.05999755859375,233.88999938964844,126.58999633789062,73.22000122070312,221.69000244140625,102.54000091552734,68.97000122070312,147.94000244140625,179.72000122070312,134.85000610351562,66.27906799316406,450.010009765625,359.0066223144531,283.5299987792969,216.8000030517578,81.0,191.35000610351562,226.9199981689453,462.1600036621094,47.34333419799805,347.510009765625,298.3500061035156,106.66000366210938,215.4499969482422,66.66000366210938,51.47999954223633,96.83999633789062,86.69999694824219,77.13999938964844,6.5980000495910645,82.1883544921875,,12.192000389099121,133.6999969482422,55.79999923706055,16.993999481201172,9.88700008392334,44.06414031982422,65.36000061035156,35.869998931884766,143.10000610351562,74.66000366210938,93.81999969482422,33.26499938964844,63.35420227050781,147.5500030517578,211.0,236.14999389648438,92.5,44.971397399902344,84.9000015258789,30.850000381469727,113.5199966430664,66.41999816894531,132.63999938964844,26.0,45.97999954223633,108.5,228.39999389648438,40.54682922363281,87.41999816894531,1890.4000244140625,23.625,104.49285888671875,61.560001373291016,225.6999969482422,547.2000122070312,22.579999923706055,5.136000156402588,3.4240000247955322,55.849998474121094,58.29999923706055,8.055999755859375,10.055999755859375,138.83535766601562,172.9499969482422,1152.5,10.994999885559082,31.690000534057617,11.34000015258789,2.4165000915527344,368.29998779296875,652.0,8.74899959564209,38.956687927246094,122.36000061035156,54.81999969482422,86.49746704101562,129.39999389648438,37.904998779296875,92.91999816894531,10.5,291.6000061035156,78.44000244140625
2021-06-01,72.05999755859375,115.93000030517578,112.63999938964844,53.65999984741211,287.67999267578125,168.4600067138672,57.29999923706055,60.599998474121094,96.11000061035156,198.6199951171875,186.5240020751953,53.13999938964844,74.94000244140625,57.09000015258789,217.6300048828125,93.66999816894531,104.73999786376953,158.94000244140625,85.22000122070312,116.62000274658203,95.5,179.91000366210938,54.11000061035156,81.3499984741211,71.72000122070312,150.60000610351562,205.97000122070312,96.23999786376953,193.35000610351562,80.23999786376953,300.010009765625,126.5999984741211,63.08000183105469,335.6099853515625,26.0,117.16999816894531,31.989999771118164,188.25999450683594,126.47000122070312,47.75,223.55999755859375,140.14340209960938,129.57000732421875,164.74000549316406,,133.77999877929688,289.1000061035156,193.97000122070312,88.31999969482422,230.99000549316406,124.12999725341797,73.27999877929688,219.50999450683594,95.93000030517578,67.48999786376953,148.1699981689453,169.77000427246094,134.92999267578125,64.67053985595703,470.20001220703125,388.31597900390625,272.45001220703125,204.99000549316406,77.75,197.97000122070312,241.74000549316406,438.0,47.00666809082031,359.1000061035156,313.8999938964844,108.44000244140625,210.3000030517578,66.44000244140625,51.209999084472656,101.75,89.30999755859375,78.41999816894531,5.98199987411499,84.28215026855469,,10.986000061035156,147.1999969482422,57.36000061035156,17.812000274658203,9.753999710083008,43.9144172668457,70.04000091552734,34.15999984741211,141.10000610351562,72.33999633789062,89.04000091552734,33.81999969482422,62.630584716796875,161.6999969482422,208.89999389648438,230.9499969482422,90.36000061035156,45.496009826660156,83.30000305175781,30.559999465942383,118.83999633789062,71.12000274658203,133.6199951171875,25.420000076293945,51.68000030517578,117.5,211.1999969482422,43.2266960144043,101.94999694824219,2060.5,25.06999969482422,110.93914031982422,60.810001373291016,255.10000610351562,579.4000244140625,21.385000228881836,5.228000164031982,3.2195000648498535,52.869998931884766,59.369998931884766,7.831999778747559,10.270000457763672,152.30007934570312,174.0,1228.5,10.279999732971191,29.709999084472656,11.140000343322754,2.3294999599456787,375.79998779296875,661.2999877929688,9.39799976348877,37.837215423583984,116.91999816894531,55.540000915527344,87.87991333007812,132.67999267578125,38.154998779296875,89.98999786376953,9.949999809265137,276.79998779296875,84.72000122070312
2021-07-01,70.33000183105469,120.9800033569336,116.30000305175781,55.0,291.0299987792969,206.0399932861328,57.79999923706055,59.720001220703125,98.58999633789062,209.6300048828125,196.15737915039062,54.400001525878906,70.91999816894531,59.380001068115234,206.75,89.16999816894531,101.80999755859375,168.74000549316406,86.58000183105469,117.87999725341797,98.54499816894531,180.88999938964844,57.029998779296875,79.5,73.7699966430664,167.1199951171875,220.8300018310547,100.88999938964844,184.88999938964844,86.2699966430664,328.1000061035156,128.25,57.56999969482422,357.2799987792969,27.385000228881836,117.52999877929688,29.549999237060547,196.02999877929688,126.91999816894531,46.380001068115234,226.6699981689453,134.76100158691406,131.11000061035156,172.1999969482422,,135.72000122070312,307.3900146484375,192.69000244140625,84.16999816894531,242.7100067138672,131.30999755859375,77.9000015258789,226.1300048828125,104.0199966430664,73.66999816894531,156.9499969482422,163.52000427246094,142.22999572753906,68.11046600341797,491.3399963378906,405.60076904296875,291.0299987792969,197.0500030517578,74.19999694824219,204.16000366210938,261.04998779296875,444.5799865722656,47.516666412353516,411.7300109863281,306.1000061035156,115.69999694824219,210.0,66.22000122070312,50.290000915527344,100.1500015258789,83.87999725341797,84.19999694824219,5.440000057220459,77.90558624267578,,10.657999992370605,140.75,57.11000061035156,17.506000518798828,10.371999740600586,44.23881912231445,66.54000091552734,37.38999938964844,141.89999389648438,74.77999877929688,85.4800033569336,32.1349983215332,62.613948822021484,172.64999389648438,211.10000610351562,227.89999389648438,91.27999877929688,50.44074249267578,80.95999908447266,30.010000228881836,120.83999633789062,72.22000122070312,131.5800018310547,22.940000534057617,55.68000030517578,124.30000305175781,205.5,44.542842864990234,93.76000213623047,2289.5,26.19499969482422,110.12772369384766,53.400001525878906,257.29998779296875,639.0,21.8799991607666,5.410999774932861,3.0875000953674316,51.45000076293945,62.060001373291016,7.78000020980835,10.02400016784668,155.7445526123047,183.85000610351562,1289.0,10.15999984741211,28.59000015258789,10.845999717712402,2.3315000534057617,385.8999938964844,673.9000244140625,9.899999618530273,34.341163635253906,110.30000305175781,60.25,86.40795135498047,141.3000030517578,36.70000076293945,89.20999908447266,10.107999801635742,280.0,96.08000183105469
2021-08-01,72.72000122070312,126.37000274658203,120.77999877929688,56.68000030517578,269.510009765625,236.74000549316406,64.25,60.0,97.51000213623047,209.0399932861328,193.05108642578125,58.04999923706055,70.22000122070312,52.4900016784668,210.8699951171875,90.05999755859375,96.7699966430664,183.9199981689453,83.66000366210938,123.4000015258789,98.94249725341797,168.0500030517578,56.310001373291016,77.94999694824219,75.44999694824219,174.36000061035156,225.36000061035156,105.5,177.08999633789062,90.7300033569336,330.739990234375,124.63999938964844,54.52000045776367,380.2200012207031,27.924999237060547,121.7699966430664,32.439998626708984,200.30999755859375,122.19000244140625,45.540000915527344,232.86000061035156,134.1682586669922,123.66999816894531,173.1300048828125,,137.80999755859375,314.5899963378906,203.88999938964844,86.29000091552734,237.4600067138672,133.47999572753906,83.98999786376953,238.60000610351562,117.55999755859375,77.16000366210938,156.38999938964844,159.5500030517578,142.38999938964844,69.98062133789062,483.2799987792969,419.886474609375,303.6700134277344,193.27000427246094,79.6500015258789,223.8699951171875,246.97999572753906,433.70001220703125,49.366668701171875,451.6199951171875,300.45001220703125,115.69999694824219,198.97999572753906,65.5199966430664,47.14500045776367,102.75,80.37000274658203,85.44000244140625,5.309999942779541,77.37533569335938,,10.527999877929688,146.10000610351562,59.58000183105469,18.007999420166016,11.178000450134277,43.96931457519531,65.04000091552734,39.11000061035156,155.9499969482422,73.5999984741211,82.73999786376953,36.064998626708984,59.403404235839844,201.1999969482422,194.35000610351562,247.4499969482422,85.76000213623047,52.31594467163086,82.83999633789062,33.09000015258789,127.45999908447266,71.19999694824219,140.83999633789062,24.579999923706055,58.900001525878906,120.5999984741211,201.3000030517578,45.31984329223633,93.80000305175781,2734.5,28.56999969482422,114.06461334228516,51.9900016784668,285.79998779296875,704.5,23.780000686645508,5.546999931335449,3.127500057220459,53.72999954223633,61.869998931884766,7.7170000076293945,10.454000473022461,162.6921844482422,183.6999969482422,1244.5,10.494999885559082,28.90999984741211,11.699999809265137,2.3975000381469727,396.29998779296875,626.7999877929688,9.937000274658203,34.36410140991211,106.26000213623047,61.38999938964844,87.14392852783203,151.3000030517578,37.345001220703125,90.88999938964844,10.567999839782715,283.20001220703125,97.41999816894531
2021-09-01,61.06999969482422,118.12999725341797,107.87000274658203,52.130001068115234,256.1099853515625,218.97000122070312,57.95000076293945,60.0099983215332,88.19999694824219,199.9199981689453,188.5411834716797,55.45000076293945,67.01000213623047,49.459999084472656,191.97000122070312,87.0,101.44999694824219,173.47999572753906,82.56999969482422,114.22000122070312,95.16500091552734,165.61000061035156,52.470001220703125,75.58000183105469,72.58999633789062,155.5,208.6199951171875,94.19999694824219,178.4199981689453,81.76000213623047,319.739990234375,119.12999725341797,58.81999969482422,394.7799987792969,25.80500030517578,117.98999786376953,29.719999313354492,196.02999877929688,121.2300033569336,41.0,206.6300048828125,132.8202667236328,120.02999877929688,161.5,,132.44000244140625,293.3800048828125,202.86000061035156,81.02999877929688,241.11000061035156,125.3499984741211,78.5199966430664,238.14999389648438,98.48999786376953,72.62999725341797,150.41000366210938,143.00999450683594,139.8000030517578,62.848838806152344,446.1300048828125,401.977294921875,279.7300109863281,175.30999755859375,78.5,196.6999969482422,228.77000427246094,393.05999755859375,46.459999084472656,424.5400085449219,271.79998779296875,115.0999984741211,194.83999633789062,65.8499984741211,47.005001068115234,93.45999908447266,82.76000213623047,80.58000183105469,5.755000114440918,72.06014251708984,,11.038000106811523,140.5,54.47999954223633,17.395999908447266,10.567999839782715,41.45892333984375,60.86000061035156,39.59000015258789,151.35000610351562,64.77999877929688,80.18000030517578,35.525001525878906,63.81166458129883,187.64999389648438,195.39999389648438,236.89999389648438,85.94000244140625,49.9942626953125,84.77999877929688,30.549999237060547,116.87999725341797,59.959999084472656,141.9199981689453,23.229999542236328,56.18000030517578,113.6500015258789,193.63999938964844,41.1494026184082,79.31999969482422,2415.0,28.735000610351562,104.11720275878906,49.14500045776367,259.5,645.9000244140625,24.084999084472656,5.7170000076293945,3.1364998817443848,55.439998626708984,59.04999923706055,6.651000022888184,11.545999526977539,161.94850158691406,180.9499969482422,1196.5,8.684000015258789,31.81999969482422,12.567999839782715,2.4535000324249268,356.8500061035156,620.0999755859375,11.241999626159668,31.65259552001953,109.66000366210938,58.2400016784668,82.62860107421875,143.89999389648438,41.334999084472656,90.1500015258789,11.5,268.0,91.58000183105469
2021-10-01,73.06999969482422,128.88999938964844,114.66999816894531,53.66999816894531,299.80999755859375,250.47000122070312,60.349998474121094,64.23999786376953,92.12000274658203,224.49000549316406,183.76284790039062,63.11000061035156,67.88999938964844,47.810001373291016,204.00999450683594,96.98999786376953,114.48999786376953,195.3800048828125,87.36000061035156,121.44000244140625,108.2750015258789,163.00999450683594,56.369998931884766,76.19000244140625,75.4000015258789,169.0800018310547,222.22000122070312,97.01000213623047,205.80999755859375,84.9000015258789,339.92999267578125,123.26000213623047,64.47000122070312,443.8900146484375,28.540000915527344,120.3499984741211,31.489999771118164,202.75,131.11000061035156,42.31999969482422,227.8699951171875,119.59847259521484,122.86000061035156,162.8800048828125,,129.49000549316406,319.20001220703125,233.82000732421875,80.2300033569336,245.5500030517578,119.86000061035156,85.33000183105469,254.2100067138672,111.6500015258789,73.97000122070312,161.60000610351562,160.57000732421875,142.99000549316406,69.21511840820312,487.8699951171875,448.5903625488281,316.6099853515625,179.72999572753906,76.9000015258789,216.8800048828125,259.6199951171875,463.1099853515625,49.80666732788086,429.8800048828125,283.29998779296875,110.5999984741211,201.14999389648438,62.279998779296875,48.66999816894531,91.9000015258789,87.23999786376953,82.23999786376953,6.315999984741211,77.17634582519531,,11.145999908447266,143.60000610351562,53.52000045776367,16.077999114990234,10.965999603271484,39.19308090209961,57.459999084472656,42.59000015258789,158.0,65.13999938964844,77.37999725341797,40.39500045776367,71.31402587890625,204.1999969482422,192.35000610351562,256.20001220703125,89.81999969482422,53.11960220336914,83.83999633789062,33.27000045776367,125.31999969482422,60.20000076293945,140.27999877929688,24.81999969482422,57.459999084472656,119.55000305175781,193.82000732421875,41.593406677246094,81.58000183105469,2610.5,28.1299991607666,108.36964416503906,52.77000045776367,258.8999938964844,700.5,25.15999984741211,6.061999797821045,3.2764999866485596,57.900001525878906,56.349998474121094,7.236000061035156,12.404000282287598,175.06094360351562,205.0,1370.5,10.21500015258789,31.239999771118164,13.119999885559082,2.4574999809265137,394.95001220703125,677.2000122070312,10.574000358581543,34.96512985229492,116.04000091552734,59.560001373291016,85.96039581298828,148.89999389648438,43.369998931884766,92.37000274658203,11.423999786376953,280.79998779296875,90.63999938964844
2021-11-01,79.05000305175781,125.7699966430664,115.27999877929688,54.13999938964844,287.44000244140625,266.489990234375,56.599998474121094,62.209999084472656,90.31999969482422,230.88999938964844,181.88372802734375,64.41000366210938,70.36000061035156,46.22999954223633,193.35000610351562,95.08999633789062,112.87000274658203,179.47000122070312,89.37999725341797,113.9000015258789,105.54750061035156,162.85000610351562,52.45000076293945,75.0199966430664,77.63999938964844,163.85000610351562,221.47000122070312,87.83999633789062,185.80999755859375,82.2699966430664,339.44000244140625,121.62000274658203,59.84000015258789,468.57000732421875,29.584999084472656,122.66999816894531,32.400001525878906,188.97000122070312,127.73999786376953,41.400001525878906,232.14999389648438,117.0999984741211,126.47000122070312,155.92999267578125,,130.30999755859375,318.1400146484375,244.58999633789062,85.81999969482422,244.60000610351562,106.69999694824219,86.77999877929688,254.19000244140625,106.26000213623047,73.69000244140625,159.77999877929688,154.1699981689453,144.5800018310547,67.91999816894531,464.1499938964844,431.1542053222656,331.239990234375,174.75999450683594,70.04000091552734,199.9499969482422,243.83999633789062,481.4100036621094,46.87666702270508,442.6600036621094,255.5500030517578,98.72000122070312,192.44000244140625,57.880001068115234,44.52000045776367,88.22000122070312,84.9800033569336,75.69999694824219,6.235000133514404,71.9917221069336,,10.65999984741211,138.60000610351562,52.16999816894531,15.588000297546387,10.894000053405762,33.43364715576172,52.779998779296875,44.72999954223633,154.64999389648438,59.13999938964844,69.69999694824219,39.93000030517578,69.03504180908203,218.89999389648438,164.9499969482422,238.35000610351562,74.18000030517578,54.69343566894531,78.62000274658203,34.150001525878906,113.18000030517578,58.599998474121094,141.27999877929688,23.440000534057617,64.31999969482422,124.5,161.66000366210938,41.44246292114258,80.26000213623047,2447.5,29.649999618530273,109.55672454833984,49.255001068115234,247.0,699.5999755859375,24.350000381469727,4.702499866485596,2.75,55.08000183105469,51.9900016784668,6.706999778747559,11.642000198364258,173.22128295898438,231.6999969482422,1653.0,9.904000282287598,27.860000610351562,12.208000183105469,2.115499973297119,397.5,686.5999755859375,10.472000122070312,32.53807830810547,98.77999877929688,56.18000030517578,83.40435791015625,156.22000122070312,40.61000061035156,83.66000366210938,10.6899995803833,246.39999389648438,99.26000213623047
2021-12-01,85.8499984741211,140.74000549316406,135.39999389648438,58.38999938964844,304.260009765625,233.77000427246094,60.04999923706055,67.58999633789062,104.7699966430664,246.5800018310547,192.88233947753906,70.27999877929688,72.86000061035156,51.4900016784668,206.74000549316406,107.62999725341797,117.3499984741211,193.30999755859375,102.5,113.93000030517578,110.7925033569336,174.36000061035156,59.209999084472656,85.33999633789062,85.31999969482422,181.60000610351562,234.58999633789062,92.97000122070312,192.66000366210938,90.9800033569336,352.2300109863281,134.2899932861328,61.189998626708984,486.010009765625,32.029998779296875,136.32000732421875,33.4900016784668,208.47000122070312,140.1999969482422,48.810001373291016,246.8000030517578,133.66000366210938,135.82000732421875,171.07000732421875,,142.9199981689453,346.42999267578125,258.4800109863281,96.61000061035156,268.07000732421875,103.44999694824219,93.36000061035156,255.27000427246094,114.1500015258789,73.02999877929688,173.7100067138672,172.44000244140625,163.5800018310547,71.58999633789062,491.8599853515625,446.4805908203125,352.1600036621094,188.6199951171875,78.55000305175781,196.63999938964844,231.44000244140625,518.239990234375,48.22999954223633,469.010009765625,253.1999969482422,112.36000061035156,207.64999389648438,61.779998779296875,47.0,90.37999725341797,88.48999786376953,79.58000183105469,6.689000129699707,70.78298950195312,,11.017999649047852,147.10000610351562,56.540000915527344,16.299999237060547,12.192000389099121,35.33515930175781,57.13999938964844,48.09000015258789,167.14999389648438,59.52000045776367,71.13999938964844,40.7599983215332,67.58999633789062,227.0,179.39999389648438,260.5,83.44000244140625,54.682273864746094,83.05999755859375,35.720001220703125,124.9000015258789,61.41999816894531,152.67999267578125,22.489999771118164,65.81999969482422,130.3000030517578,177.47999572753906,41.01958084106445,71.13999938964844,2311.5,30.135000228881836,115.19158172607422,53.16999816894531,315.29998779296875,706.7000122070312,26.184999465942383,5.25,2.940500020980835,60.77000045776367,54.59000015258789,7.046000003814697,12.220000267028809,183.2219696044922,227.5,1536.0,10.40999984741211,28.530000686645508,12.241999626159668,2.2739999294281006,416.95001220703125,727.0,10.78600025177002,33.73554611206055,107.66000366210938,61.869998931884766,88.09871673583984,172.4600067138672,44.630001068115234,92.91000366210938,13.543999671936035,258.3999938964844,103.5999984741211
2022-01-01,76.41999816894531,127.45999908447266,136.88999938964844,62.81999969482422,282.1199951171875,220.74000549316406,60.04999923706055,75.0,107.22000122070312,206.1699981689453,194.9225311279297,66.27999877929688,67.43000030517578,51.56999969482422,201.55999755859375,104.6500015258789,131.3300018310547,197.27999877929688,102.6500015258789,117.83000183105469,97.88249969482422,167.86000061035156,61.0099983215332,82.44999694824219,86.44999694824219,169.91000366210938,189.4499969482422,91.94999694824219,184.10000610351562,89.48999786376953,332.5,114.4800033569336,75.95999908447266,421.8900146484375,28.34000015258789,127.48999786376953,31.969999313354492,212.10000610351562,133.22999572753906,47.470001220703125,233.9199981689453,133.57000732421875,140.5800018310547,172.2899932861328,,137.64999389648438,318.67999267578125,237.35000610351562,100.30999755859375,259.45001220703125,103.48999786376953,78.12000274658203,232.5399932861328,101.4000015258789,63.70000076293945,173.52000427246094,156.1999969482422,160.4499969482422,69.41000366210938,437.1600036621094,392.8287658691406,286.510009765625,174.64999389648438,78.1500015258789,154.42999267578125,220.42999267578125,495.1099853515625,46.60333251953125,393.2200012207031,242.25,112.12000274658203,227.35000610351562,67.5199966430664,53.84000015258789,88.08000183105469,92.94999694824219,75.66000366210938,7.586999893188477,64.57209014892578,31.3799991607666,12.253999710083008,157.1999969482422,52.9900016784668,16.672000885009766,12.220000267028809,36.49303436279297,60.060001373291016,41.75,178.0,61.2599983215332,72.45999908447266,36.334999084472656,69.93000030517578,193.89999389648438,187.0500030517578,279.04998779296875,82.4000015258789,48.83342361450195,92.0999984741211,37.310001373291016,110.4000015258789,52.58000183105469,139.8800048828125,19.760000228881836,56.7599983215332,105.94999694824219,183.32000732421875,42.609615325927734,69.9800033569336,1789.0,28.7549991607666,113.7340316772461,55.720001220703125,234.3000030517578,594.2000122070312,27.954999923706055,5.633999824523926,3.0945000648498535,63.0,55.25,6.781000137329102,13.307999610900879,163.24017333984375,202.89999389648438,1318.5,10.15999984741211,26.739999771118164,13.062000274658203,2.619499921798706,376.8500061035156,722.5999755859375,10.501999855041504,33.69425582885742,106.62000274658203,59.650001525878906,92.24605560302734,149.36000061035156,50.220001220703125,96.66000366210938,13.989999771118164,254.1999969482422,90.23999786376953
2022-02-01,68.58000183105469,120.62000274658203,147.77000427246094,61.09000015258789,236.3000030517578,195.88999938964844,58.150001525878906,78.44999694824219,109.80999755859375,204.44000244140625,208.0687255859375,67.61000061035156,65.2300033569336,54.0099983215332,187.5800018310547,96.68000030517578,144.0,203.63999938964844,97.8499984741211,122.79000091552734,93.83000183105469,145.7899932861328,62.2400016784668,76.94999694824219,85.7699966430664,156.86000061035156,176.25999450683594,92.91999816894531,175.10000610351562,81.80000305175781,317.1700134277344,103.36000061035156,78.41999816894531,406.0899963378906,25.729999542236328,117.58000183105469,29.729999542236328,234.4499969482422,122.16000366210938,47.63999938964844,216.33999633789062,122.51000213623047,134.75,164.57000732421875,,130.14999389648438,293.239990234375,221.05999755859375,95.16999816894531,244.77000427246094,104.98999786376953,78.2699966430664,226.49000549316406,131.6199951171875,57.90999984741211,163.74000549316406,133.4499969482422,155.88999938964844,66.08999633789062,448.2200012207031,355.4399108886719,263.1300048828125,162.6999969482422,87.0999984741211,144.55999755859375,199.77000427246094,477.05999755859375,45.0533332824707,387.0799865722656,212.0500030517578,114.9000015258789,203.3000030517578,59.25,51.5099983215332,90.41999816894531,86.55999755859375,74.87999725341797,7.533999919891357,58.383995056152344,27.18000030517578,11.260000228881836,152.6999969482422,45.15999984741211,16.030000686645508,12.118000030517578,31.207733154296875,57.31999969482422,39.06999969482422,164.8000030517578,58.13999938964844,70.83999633789062,30.7450008392334,70.16999816894531,177.5500030517578,216.1999969482422,247.14999389648438,90.87999725341797,50.00542449951172,133.60000610351562,41.4900016784668,101.31999969482422,52.20000076293945,126.66000366210938,21.43000030517578,57.47999954223633,106.5,178.0399932861328,40.1738166809082,59.58000183105469,1864.4000244140625,27.479999542236328,111.72051239013672,55.13999938964844,256.1000061035156,598.9000244140625,24.274999618530273,5.289999961853027,2.984499931335449,52.5099983215332,54.310001373291016,6.598999977111816,13.831999778747559,153.35690307617188,192.75,1242.0,10.180000305175781,23.600000381469727,10.498000144958496,2.2934999465942383,355.0,659.9000244140625,9.947999954223633,25.42668342590332,114.69999694824219,55.95000076293945,92.96215057373047,139.77999877929688,45.59000015258789,94.5199966430664,11.387999534606934,235.1999969482422,90.81999969482422
2022-03-01,63.88999938964844,118.36000061035156,162.11000061035156,64.38999938964844,249.91000366210938,221.14999389648438,56.650001525878906,90.26000213623047,119.48999786376953,227.5399932861328,204.01902770996094,72.2699966430664,67.0199966430664,56.70000076293945,222.82000732421875,107.70999908447266,162.8300018310547,213.89999389648438,99.37999725341797,135.9600067138672,106.34750366210938,139.02999877929688,62.0,75.83000183105469,94.68000030517578,156.89999389648438,176.55999755859375,98.05000305175781,176.1300048828125,88.19000244140625,345.4800109863281,103.16000366210938,82.58999633789062,434.1499938964844,29.700000762939453,122.06999969482422,27.920000076293945,241.17999267578125,126.0199966430664,51.540000915527344,209.39999389648438,130.02000427246094,135.41000366210938,177.22999572753906,,123.16000366210938,319.42999267578125,202.19000244140625,99.80000305175781,247.27999877929688,110.94999694824219,84.70999908447266,227.0800018310547,148.64999389648438,54.209999084472656,167.3800048828125,131.07000732421875,152.8000030517578,69.30000305175781,472.2300109863281,388.060546875,249.6199951171875,139.7899932861328,81.6500015258789,151.19000244140625,212.22000122070312,515.7899780273438,49.63999938964844,410.7099914550781,211.89999389648438,110.36000061035156,216.5500030517578,51.7599983215332,62.099998474121094,95.19999694824219,78.5999984741211,73.33999633789062,6.927000045776367,49.717620849609375,25.229999542236328,11.510000228881836,163.0,43.54999923706055,16.93199920654297,10.541999816894531,33.2839241027832,60.7599983215332,37.310001373291016,154.35000610351562,51.65999984741211,60.68000030517578,30.985000610351562,63.810001373291016,189.85000610351562,210.6999969482422,243.0,87.9000015258789,49.70405197143555,192.10000610351562,39.529998779296875,101.12000274658203,52.0,125.66000366210938,20.719999313354492,56.2400016784668,108.8499984741211,157.0,35.784297943115234,46.0,1809.0,29.114999771118164,119.3989486694336,54.2599983215332,282.5,610.0,26.565000534057617,5.210000038146973,3.0999999046325684,51.93000030517578,50.029998779296875,6.067999839782715,13.293999671936035,162.7313232421875,198.6999969482422,1291.5,9.920000076293945,19.780000686645508,9.51099967956543,2.0834999084472656,363.8500061035156,649.4000244140625,9.380000114440918,22.28619956970215,107.26000213623047,54.27000045776367,92.00736236572266,152.16000366210938,46.029998779296875,92.98999786376953,9.854999542236328,226.1999969482422,96.58000183105469
2022-04-01,58.43000030517578,113.5,146.8800048828125,57.279998779296875,234.07000732421875,192.8300018310547,59.29999923706055,89.55999755859375,113.4000015258789,218.17999267578125,194.33175659179688,61.97999954223633,67.44000244140625,58.04999923706055,210.5399932861328,106.1500015258789,156.6699981689453,206.4499969482422,97.55999755859375,122.66000366210938,99.31500244140625,143.47000122070312,64.61000061035156,77.05000305175781,92.73999786376953,133.3000030517578,169.33999633789062,90.18000030517578,160.27999877929688,87.4000015258789,329.2699890136719,99.06999969482422,85.25,403.489990234375,27.655000686645508,117.05999755859375,24.59000015258789,236.52999877929688,130.0500030517578,52.38999938964844,197.11000061035156,132.2100067138672,136.92999267578125,180.4600067138672,,138.8300018310547,311.9599914550781,197.72999572753906,100.56999969482422,249.16000366210938,104.36000061035156,71.0199966430664,215.69000244140625,154.77999877929688,50.75,171.7100067138672,127.98999786376953,160.5500030517578,69.36000061035156,469.9200134277344,356.19677734375,274.9599914550781,120.1500015258789,85.4800033569336,123.04000091552734,228.64999389648438,500.0299987792969,50.996665954589844,315.05999755859375,193.72000122070312,105.54000091552734,216.1999969482422,50.40999984741211,62.900001525878906,95.81999969482422,78.51000213623047,73.94000244140625,6.2820000648498535,50.18894958496094,25.799999237060547,9.62600040435791,166.1999969482422,40.91999816894531,17.56999969482422,9.930000305175781,33.73809051513672,59.439998626708984,37.16999816894531,148.89999389648438,55.2599983215332,61.36000061035156,27.450000762939453,67.0999984741211,176.9499969482422,193.64999389648438,227.3000030517578,79.54000091552734,49.15711975097656,214.8000030517578,39.59000015258789,97.55999755859375,60.599998474121094,117.77999877929688,18.43000030517578,51.2599983215332,113.44999694824219,148.94000244140625,32.13905334472656,37.83000183105469,1623.0,28.09000015258789,124.2223892211914,55.400001525878906,273.8999938964844,548.0,25.459999084472656,5.059000015258789,2.816499948501587,49.70500183105469,57.63999938964844,6.2179999351501465,13.390000343322754,160.28497314453125,203.0,1186.5,11.010000228881836,20.100000381469727,9.100000381469727,1.954800009727478,348.8999938964844,619.5,9.579999923706055,21.37548065185547,103.18000030517578,56.33000183105469,100.63025665283203,137.6999969482422,47.224998474121094,92.83999633789062,8.904999732971191,209.1999969482422,96.58000183105469
2022-05-01,60.119998931884766,117.45999908447266,147.3699951171875,60.56999969482422,246.16000366210938,260.4200134277344,65.5,90.81999969482422,116.30999755859375,222.94000244140625,201.1006317138672,59.369998931884766,66.12000274658203,56.31999969482422,215.85000610351562,108.51000213623047,174.66000366210938,211.2899932861328,90.05999755859375,127.86000061035156,99.5824966430664,145.36000061035156,63.380001068115234,78.80999755859375,99.26000213623047,133.91000366210938,163.91000366210938,88.66000366210938,167.75,92.31999969482422,283.8500061035156,108.83999633789062,96.0,381.7799987792969,26.780000686645508,114.97000122070312,27.079999923706055,224.91000366210938,136.72999572753906,48.66999816894531,208.07000732421875,138.83999633789062,125.37000274658203,179.52999877929688,,133.02000427246094,324.67999267578125,195.3000030517578,92.72000122070312,252.2100067138672,100.1500015258789,75.69000244140625,217.8800048828125,132.4600067138672,50.16999816894531,167.75,126.48999786376953,147.8800048828125,68.22000122070312,442.44000244140625,330.6338806152344,268.0400085449219,118.69000244140625,84.18000030517578,127.08999633789062,161.8800048828125,487.07000732421875,42.87666702270508,310.3800048828125,184.4600067138672,108.77999877929688,195.02000427246094,51.290000915527344,66.58000183105469,96.5199966430664,80.62999725341797,71.95999908447266,8.07800006866455,54.187644958496094,29.030000686645508,10.37399959564209,156.25,38.505001068115234,19.124000549316406,9.484000205993652,31.8799991607666,56.63999938964844,37.150001525878906,142.39999389648438,54.099998474121094,63.70000076293945,28.940000534057617,66.19999694824219,175.0,183.85000610351562,227.6999969482422,76.13999938964844,47.784202575683594,188.3000030517578,41.0,92.79000091552734,57.65999984741211,122.44000244140625,17.934999465942383,55.880001068115234,102.75,154.67999267578125,35.23876953125,37.849998474121094,1447.199951171875,25.704999923706055,122.34410095214844,52.16999816894531,290.5,536.0,23.510000228881836,5.078999996185303,3.0144999027252197,53.11000061035156,54.72999954223633,6.044000148773193,14.197999954223633,146.83004760742188,181.39999389648438,1110.0,11.03499984741211,22.389999389648438,10.52400016784668,2.0304999351501465,328.54998779296875,597.2000122070312,9.472999572753906,22.15085220336914,96.25,55.099998474121094,99.37999725341797,129.0399932861328,55.59000015258789,89.68000030517578,10.899999618530273,209.39999389648438,92.13999938964844
2022-06-01,54.68000030517578,108.6500015258789,153.16000366210938,55.33000183105469,240.47999572753906,208.97999572753906,62.150001525878906,77.5999984741211,112.0999984741211,210.0399932861328,193.81289672851562,58.34000015258789,70.16000366210938,52.27000045776367,178.75999450683594,101.37000274658203,144.77999877929688,196.5800018310547,92.66000366210938,118.9800033569336,93.38249969482422,140.97999572753906,62.90999984741211,80.13999938964844,95.0999984741211,121.31999969482422,153.75999450683594,79.54000091552734,192.19000244140625,84.47000122070312,261.510009765625,97.45999908447266,85.63999938964844,384.57000732421875,24.959999084472656,95.73999786376953,23.309999465942383,221.25,133.0,47.36000061035156,182.25,141.19000244140625,128.00999450683594,177.50999450683594,,135.14999389648438,287.5299987792969,174.6699981689453,83.25,246.8800048828125,89.75,77.45999908447266,202.44000244140625,104.41000366210938,45.77000045776367,166.66000366210938,114.33999633789062,143.7899932861328,68.26000213623047,394.6499938964844,318.8836364746094,223.91000366210938,104.86000061035156,84.70999908447266,113.61000061035156,141.22999572753906,454.42999267578125,40.526668548583984,302.3699951171875,168.75999450683594,92.44999694824219,182.1199951171875,41.525001525878906,56.720001220703125,97.4800033569336,73.45999908447266,62.099998474121094,6.685999870300293,50.55384826660156,24.90999984741211,8.317999839782715,159.60000610351562,35.7400016784668,18.945999145507812,8.008000373840332,28.899999618530273,47.630001068115234,32.88999938964844,138.5,45.84000015258789,58.779998779296875,23.09000015258789,55.220001220703125,161.0,173.6999969482422,224.1999969482422,63.119998931884766,49.89380645751953,220.3000030517578,35.08000183105469,86.93000030517578,48.9900016784668,97.08999633789062,13.984999656677246,48.4900016784668,103.8499984741211,127.41999816894531,29.224817276000977,24.959999084472656,1388.0,24.860000610351562,105.8843002319336,51.36000061035156,357.5,455.8500061035156,21.65999984741211,4.33050012588501,2.687999963760376,45.3650016784668,53.2599983215332,5.21999979019165,11.32800006866455,139.83348083496094,175.1999969482422,1067.0,9.895999908447266,21.59000015258789,9.430999755859375,1.7799999713897705,329.29998779296875,581.7000122070312,8.395999908447266,28.665809631347656,94.20999908447266,40.94499969482422,96.33999633789062,112.9000015258789,50.369998931884766,84.95999908447266,9.0649995803833,173.89999389648438,92.55999755859375
2022-07-01,63.27000045776367,108.83999633789062,143.50999450683594,57.29999923706055,248.22999572753906,244.30999755859375,64.75,82.7699966430664,121.38999938964844,241.1199951171875,192.06761169433594,65.0999984741211,74.22000122070312,59.560001373291016,198.25,110.69999694824219,163.77999877929688,188.63999938964844,87.97000122070312,97.33999633789062,106.37249755859375,141.83999633789062,64.16999816894531,78.73999786376953,99.2699966430664,133.67999267578125,165.1699981689453,90.06999969482422,203.36000061035156,88.22000122070312,286.5299987792969,106.25,96.93000030517578,429.67999267578125,25.68000030517578,105.61000061035156,27.450000762939453,226.6699981689453,152.8699951171875,49.34000015258789,207.75999450683594,130.7899932861328,132.32000732421875,174.52000427246094,,131.7899932861328,302.0,191.52999877929688,87.3499984741211,263.3699951171875,92.5199966430664,84.48999786376953,230.99000549316406,135.8000030517578,48.88999938964844,174.9600067138672,129.2899932861328,138.91000366210938,73.98999786376953,436.6700134277344,356.6036071777344,241.94000244140625,97.33000183105469,84.9000015258789,123.47000122070312,163.3800048828125,543.530029296875,44.016666412353516,343.55999755859375,167.8000030517578,104.87999725341797,177.32000732421875,43.415000915527344,57.0,100.6500015258789,79.4800033569336,68.36000061035156,6.677999973297119,52.62161636352539,26.59000015258789,8.526000022888184,170.5,38.900001525878906,18.506000518798828,8.770000457763672,24.950000762939453,36.15999984741211,36.369998931884766,138.3000030517578,49.5,62.279998779296875,26.549999237060547,57.220001220703125,185.6999969482422,188.10000610351562,221.10000610351562,70.4000015258789,54.537166595458984,178.85000610351562,40.18000030517578,90.68000030517578,55.65999984741211,108.54000091552734,16.184999465942383,50.02000045776367,113.5999984741211,137.3000030517578,32.27652359008789,27.350000381469727,1745.0,26.885000228881836,110.84297180175781,52.27000045776367,357.20001220703125,555.4000244140625,22.450000762939453,4.416999816894531,2.440000057220459,46.0,53.810001373291016,4.908999919891357,11.715999603271484,149.1785430908203,206.1999969482422,1334.0,10.430000305175781,23.690000534057617,9.491000175476074,1.728600025177002,368.1000061035156,675.0,9.61400032043457,29.184253692626953,106.9800033569336,45.32500076293945,97.20999908447266,134.5399932861328,49.7599983215332,93.37999725341797,9.579999923706055,192.1999969482422,106.0
2022-08-01,56.45000076293945,102.6500015258789,134.4600067138672,59.41999816894531,252.4499969482422,267.9599914550781,60.04999923706055,87.88999938964844,113.37999725341797,244.41000366210938,198.44338989257812,63.040000915527344,72.69999694824219,70.72000122070312,184.7100067138672,114.1500015258789,158.05999755859375,189.0500030517578,83.70999908447266,96.95999908447266,101.70999908447266,144.33999633789062,61.709999084472656,78.20999908447266,97.73999786376953,124.95999908447266,163.8300018310547,81.73999786376953,214.92999267578125,89.69000244140625,265.05999755859375,102.88999938964844,95.58999633789062,433.3399963378906,25.165000915527344,101.2699966430664,26.06999969482422,228.92999267578125,156.00999450683594,50.279998779296875,194.8300018310547,128.4499969482422,139.99000549316406,161.33999633789062,,127.5199966430664,282.8599853515625,194.13999938964844,84.06999969482422,252.27999877929688,87.91999816894531,85.05999755859375,227.1699981689453,132.94000244140625,44.5,172.27000427246094,126.9800033569336,137.94000244140625,68.27999877929688,402.5799865722656,333.1882629394531,232.10000610351562,88.0999984741211,82.22000122070312,120.0,160.33999633789062,554.9400024414062,44.18333435058594,296.69000244140625,148.27999877929688,97.88999938964844,168.5800018310547,42.06999969482422,52.599998474121094,100.5999984741211,73.47000122070312,65.41999816894531,6.630000114440918,43.69676971435547,25.524999618530273,8.322999954223633,168.4499969482422,36.39500045776367,18.788000106811523,8.510000228881836,24.65999984741211,34.189998626708984,34.689998626708984,146.89999389648438,45.099998474121094,64.23999786376953,24.299999237060547,56.119998931884766,171.39999389648438,175.9499969482422,238.1999969482422,70.4800033569336,50.507713317871094,158.39999389648438,38.08000183105469,84.94000244140625,57.540000915527344,101.08000183105469,14.675000190734863,48.72999954223633,104.3499984741211,142.13999938964844,26.83911895751953,23.110000610351562,1545.0,27.399999618530273,103.47107696533203,48.345001220703125,373.5,484.6499938964844,23.524999618530273,4.491499900817871,2.4170000553131104,46.48500061035156,52.5099983215332,4.695499897003174,11.807999610900879,146.04721069335938,193.1999969482422,1282.5,10.385000228881836,21.549999237060547,8.765999794006348,1.7230000495910645,343.25,647.5,9.267999649047852,28.330886840820312,101.9000015258789,40.349998474121094,82.18000030517578,118.77999877929688,50.689998626708984,92.25,9.79800033569336,184.1999969482422,97.44000244140625
2022-09-01,48.58000183105469,96.76000213623047,134.2100067138672,56.20000076293945,232.72999572753906,264.44000244140625,53.650001525878906,80.44999694824219,101.8499984741211,226.19000244140625,175.18081665039062,60.47999954223633,66.56999969482422,66.68000030517578,164.0800018310547,96.30999755859375,143.6699981689453,181.8800048828125,71.44000244140625,89.56999969482422,97.04750061035156,128.38999938964844,56.02000045776367,70.25,85.76000213623047,116.58000183105469,144.4199981689453,73.22000122070312,222.30999755859375,77.95999908447266,242.22999572753906,88.30999755859375,87.30999755859375,400.1099853515625,23.020000457763672,90.12000274658203,21.520000457763672,212.1699981689453,149.32000732421875,45.439998626708984,180.64999389648438,118.80999755859375,137.41000366210938,163.36000061035156,,112.54000091552734,269.5899963378906,187.80999755859375,71.2699966430664,230.74000549316406,80.75,78.41000366210938,212.27000427246094,106.98999786376953,40.630001068115234,163.25999450683594,110.69000244140625,126.25,58.20000076293945,359.6400146484375,288.8836364746094,204.75,75.20999908447266,70.70999908447266,105.01000213623047,148.38999938964844,489.19000244140625,43.233333587646484,246.0800018310547,118.87999725341797,88.88999938964844,161.8000030517578,39.599998474121094,47.415000915527344,100.94999694824219,69.98999786376953,62.380001068115234,7.3420000076293945,34.93156814575195,23.350000381469727,7.645999908447266,168.25,31.114999771118164,17.492000579833984,7.895999908447266,21.950000762939453,29.030000686645508,33.34000015258789,154.1999969482422,40.849998474121094,61.02000045776367,22.709999084472656,52.349998474121094,166.8000030517578,154.25,247.5,58.15999984741211,47.97395324707031,158.1999969482422,37.790000915527344,84.12000274658203,51.720001220703125,101.19999694824219,11.385000228881836,44.279998779296875,100.44999694824219,126.4000015258789,22.077659606933594,20.229999542236328,1301.800048828125,26.135000228881836,97.15702056884766,46.744998931884766,368.5,433.6000061035156,22.475000381469727,4.620500087738037,2.3975000381469727,43.60499954223633,48.56999969482422,4.223999977111816,10.90999984741211,137.33819580078125,191.6999969482422,1217.0,9.581999778747559,21.280000686645508,8.857999801635742,1.7028000354766846,330.25,610.4000244140625,8.800000190734863,24.761423110961914,94.01000213623047,37.04999923706055,78.4000015258789,116.94000244140625,48.275001525878906,83.16999816894531,10.458000183105469,168.64999389648438,99.91999816894531
2022-10-01,54.779998779296875,98.94000244140625,146.39999389648438,65.11000061035156,250.39999389648438,279.8699951171875,57.900001525878906,96.9800033569336,106.55000305175781,241.6999969482422,185.51100158691406,58.790000915527344,68.0,75.9000015258789,216.4600067138672,97.72000122070312,180.89999389648438,214.88999938964844,74.12999725341797,103.31999969482422,106.88749694824219,146.0399932861328,59.849998474121094,73.83999633789062,87.95999908447266,130.69000244140625,157.07000732421875,86.5999984741211,257.010009765625,76.27999877929688,222.24000549316406,97.8499984741211,110.80999755859375,425.489990234375,24.165000915527344,98.9800033569336,23.450000762939453,249.8000030517578,177.86000061035156,46.45000076293945,213.52999877929688,138.2899932861328,150.66000366210938,173.97000122070312,,124.45999908447266,297.3500061035156,194.9499969482422,78.63999938964844,272.6600036621094,87.33999633789062,77.5,225.0,131.3800048828125,42.95000076293945,181.5800018310547,114.18000030517578,134.6699981689453,62.27000045776367,414.5400085449219,303.92620849609375,225.02999877929688,78.48999786376953,86.55999755859375,106.16000366210938,164.25,584.3499755859375,47.44333267211914,230.10000610351562,98.9800033569336,109.58000183105469,182.1999969482422,45.435001373291016,53.220001220703125,97.18000030517578,79.5199966430664,61.439998626708984,8.095999717712402,39.895729064941406,27.0,9.65999984741211,164.64999389648438,35.90999984741211,19.163999557495117,8.47599983215332,23.299999237060547,27.979999542236328,35.400001525878906,164.8000030517578,46.650001525878906,63.779998779296875,24.639999389648438,58.599998474121094,165.0,181.25,267.3999938964844,56.599998474121094,48.77761459350586,164.5,38.9900016784668,97.66999816894531,51.880001068115234,110.63999938964844,11.8149995803833,46.58000183105469,103.3499984741211,129.33999633789062,22.26652717590332,23.329999923706055,1452.5999755859375,28.25,109.3388442993164,50.599998474121094,394.79998779296875,478.0,25.0,5.209000110626221,2.621999979019165,47.494998931884766,50.34000015258789,4.519000053405762,13.253999710083008,156.9090118408203,199.5,1310.5,10.274999618530273,22.940000534057617,9.954000473022461,1.9290000200271606,318.1000061035156,639.0,9.675999641418457,20.205541610717773,112.72000122070312,41.400001525878906,87.33000183105469,128.25999450683594,55.099998474121094,93.18000030517578,12.54800033569336,173.0,107.55000305175781
2022-11-01,60.7400016784668,107.58000183105469,161.17999267578125,71.93000030517578,310.1600036621094,277.989990234375,61.75,97.5,120.19999694824219,264.1400146484375,196.0220184326172,59.59000015258789,73.0199966430664,80.16999816894531,236.41000366210938,100.22000122070312,183.30999755859375,219.58999633789062,81.87000274658203,110.95999908447266,115.44499969482422,148.64999389648438,63.61000061035156,77.4800033569336,98.04000091552734,141.9499969482422,149.8300018310547,95.7699966430664,282.3900146484375,82.86000061035156,220.3800048828125,116.05999755859375,111.33999633789062,461.2900085449219,25.7549991607666,111.0999984741211,26.809999465942383,252.38999938964844,183.3300018310547,47.0,227.47000122070312,148.89999389648438,154.00999450683594,178.0,,135.6300048828125,336.4800109863281,212.5500030517578,85.18000030517578,272.7900085449219,79.04000091552734,84.69999694824219,236.49000549316406,149.9499969482422,45.77000045776367,185.50999450683594,135.22000122070312,149.16000366210938,63.06999969482422,438.8900146484375,333.77484130859375,249.17999267578125,81.72000122070312,86.51000213623047,124.91000366210938,167.07000732421875,603.0599975585938,50.80666732788086,234.66000366210938,122.26000213623047,109.19999694824219,204.35000610351562,48.51499938964844,55.380001068115234,103.94999694824219,86.30999755859375,59.97999954223633,8.005999565124512,43.54472732543945,31.3700008392334,10.121999740600586,175.89999389648438,37.83000183105469,19.4060001373291,9.12399959564209,26.559999465942383,29.719999313354492,38.880001068115234,181.60000610351562,52.119998931884766,68.44000244140625,31.520000457763672,64.4000015258789,173.8000030517578,200.39999389648438,301.20001220703125,58.34000015258789,52.81822967529297,194.39999389648438,42.0,104.45999908447266,51.959999084472656,131.22000122070312,15.8100004196167,50.65999984741211,108.94999694824219,139.89999389648438,23.350032806396484,29.739999771118164,1463.800048828125,27.815000534057617,114.23140716552734,56.04999923706055,390.0,561.0999755859375,27.020000457763672,5.611999988555908,2.8505001068115234,53.43000030517578,50.08000183105469,5.133999824523926,14.324000358581543,173.4952850341797,211.89999389648438,1542.5,10.779999732971191,24.860000610351562,11.59000015258789,2.121999979019165,354.79998779296875,737.2999877929688,10.01200008392334,28.670398712158203,117.41999816894531,43.744998931884766,86.4800033569336,138.9199981689453,60.310001373291016,96.62000274658203,13.02400016784668,183.0500030517578,105.19999694824219
2022-12-01,57.2400016784668,109.79000091552734,161.61000061035156,71.94000244140625,308.260009765625,216.86000061035156,59.54999923706055,92.8499984741211,112.06999969482422,238.86000061035156,199.92138671875,56.970001220703125,65.68000030517578,76.87000274658203,239.55999755859375,91.55999755859375,179.49000549316406,220.60000610351562,80.61000061035156,102.38999938964844,112.90499877929688,140.3300018310547,63.61000061035156,78.79000091552734,95.30999755859375,135.41000366210938,145.55999755859375,96.05999755859375,248.72000122070312,83.83999633789062,211.9199981689453,103.91999816894531,110.30000305175781,401.2099914550781,23.65999984741211,101.04000091552734,26.3799991607666,248.11000061035156,173.50999450683594,45.54999923706055,220.3000030517578,140.88999938964844,158.4600067138672,176.64999389648438,,135.75,326.17999267578125,199.24000549316406,82.88999938964844,263.5299987792969,77.72000122070312,83.5999984741211,237.72000122070312,131.80999755859375,44.97999954223633,180.66000366210938,125.73999786376953,151.55999755859375,63.43000030517578,432.0899963378906,316.8779602050781,237.3300018310547,75.12000274658203,76.44999694824219,109.05999755859375,149.0399932861328,556.25,47.26333236694336,235.35000610351562,127.45999908447266,111.0199966430664,200.89999389648438,46.38999938964844,48.32500076293945,107.19999694824219,83.37999725341797,59.720001220703125,8.836000442504883,42.55645751953125,28.94499969482422,10.588000297546387,161.39999389648438,35.18000030517578,18.63800048828125,9.333999633789062,26.25,30.56999969482422,38.20000076293945,185.5,53.279998779296875,65.0199966430664,28.43000030517578,61.400001525878906,180.89999389648438,202.1999969482422,304.0,51.2400016784668,52.47220993041992,186.0500030517578,41.59000015258789,96.38999938964844,46.93000030517578,129.63999938964844,17.575000762939453,46.72999954223633,101.6500015258789,116.41999816894531,21.888792037963867,33.11000061035156,1288.4000244140625,26.84000015258789,109.4214859008789,56.27000045776367,348.29998779296875,503.79998779296875,26.05500030517578,5.633999824523926,2.802500009536743,53.25,49.22999954223633,5.03000020980835,13.28600025177002,165.569091796875,200.1999969482422,1445.0,10.930000305175781,24.850000381469727,11.387999534606934,2.078000068664551,333.6000061035156,679.9000244140625,10.029999732971191,29.569644927978516,116.91999816894531,45.650001525878906,89.83999633789062,130.72000122070312,58.650001525878906,93.29000091552734,13.272000312805176,147.64999389648438,97.76000213623047
2023-01-01,67.69999694824219,110.55000305175781,147.75,73.5,320.510009765625,281.45001220703125,60.29999923706055,82.8499984741211,117.54000091552734,225.80999755859375,198.28616333007812,58.560001373291016,66.58000183105469,77.25,252.2899932861328,100.16999816894531,174.02000427246094,227.49000549316406,80.86000061035156,113.1500015258789,110.93499755859375,144.69000244140625,61.31999969482422,74.52999877929688,95.30999755859375,151.8300018310547,154.8300018310547,90.22000122070312,244.35000610351562,82.33000183105469,226.07000732421875,108.1500015258789,116.01000213623047,422.94000244140625,25.274999618530273,111.52999877929688,31.200000762939453,233.05999755859375,167.82000732421875,45.310001373291016,236.0399932861328,134.72999572753906,152.8000030517578,163.4199981689453,,130.00999450683594,330.94000244140625,208.25,75.12000274658203,267.3999938964844,83.69000244140625,74.62999725341797,243.3000030517578,169.02000427246094,55.380001068115234,171.02000427246094,130.33999633789062,142.3800048828125,67.83000183105469,426.75,354.7209167480469,236.58999633789062,89.30999755859375,77.45999908447266,116.47000122070312,172.13999938964844,589.47998046875,47.956668853759766,265.6000061035156,147.3800048828125,114.83999633789062,219.1999969482422,52.400001525878906,57.0,111.5999984741211,93.2300033569336,68.36000061035156,10.46500015258789,48.8965950012207,30.770000457763672,12.208000183105469,164.25,39.380001068115234,20.450000762939453,9.986000061035156,26.530000686645508,34.38999938964844,41.349998474121094,186.1999969482422,62.79999923706055,65.4000015258789,32.915000915527344,68.1500015258789,191.0500030517578,228.8000030517578,331.0,54.7599983215332,49.83799743652344,214.0,40.79999923706055,108.37999725341797,53.380001068115234,142.89999389648438,19.1200008392334,49.06999969482422,97.4800033569336,126.94000244140625,25.715852737426758,42.59000015258789,1377.5999755859375,27.385000228881836,120.71074676513672,55.09000015258789,347.0,602.5999755859375,28.614999771118164,6.4629998207092285,3.203000068664551,62.900001525878906,50.310001373291016,5.390999794006348,14.13599967956543,164.2969970703125,228.89999389648438,1714.5,10.744999885559082,28.6200008392334,13.251999855041504,2.4100000858306885,378.04998779296875,800.0,10.732000350952148,33.86859893798828,131.8000030517578,52.54999923706055,89.66999816894531,148.32000732421875,56.97999954223633,103.63999938964844,17.884000778198242,160.5500030517578,100.1500015258789
2023-02-01,65.62999725341797,101.72000122070312,153.89999389648438,68.1500015258789,285.9800109863281,254.30999755859375,55.70000076293945,79.5999984741211,112.80999755859375,219.82000732421875,184.3946533203125,56.06999969482422,64.87000274658203,75.70999908447266,239.5500030517578,99.95999908447266,160.77000427246094,211.02000427246094,83.77999877929688,120.69999694824219,109.61750030517578,155.44000244140625,59.5099983215332,73.30000305175781,89.3499984741211,149.89999389648438,159.3699951171875,82.70999908447266,235.38999938964844,75.36000061035156,228.05999755859375,104.55999755859375,109.91000366210938,414.54998779296875,25.780000686645508,106.77999877929688,29.469999313354492,227.91000366210938,176.86000061035156,44.380001068115234,233.16000366210938,129.3000030517578,147.88999938964844,153.25999450683594,,125.05000305175781,348.3699951171875,205.75,74.31999969482422,263.9100036621094,82.80000305175781,71.02999877929688,219.63999938964844,167.44000244140625,55.939998626708984,173.52999877929688,132.05999755859375,137.55999755859375,63.95000076293945,430.20001220703125,322.8003845214844,221.35000610351562,85.61000061035156,74.56999969482422,112.27999877929688,168.5,668.4299926757812,47.37666702270508,317.0299987792969,141.66000366210938,124.0199966430664,222.14999389648438,48.474998474121094,56.290000915527344,113.0,97.75,71.4000015258789,11.524999618530273,51.69416046142578,30.014999389648438,11.800000190734863,165.0,40.119998931884766,21.235000610351562,10.345000267028809,26.030000686645508,36.91999816894531,41.619998931884766,183.6999969482422,65.12000274658203,68.81999969482422,33.51499938964844,72.6500015258789,179.35000610351562,228.5,326.1000061035156,53.7599983215332,48.62134552001953,240.60000610351562,40.2400016784668,107.4800033569336,51.91999816894531,144.6999969482422,18.969999313354492,49.380001068115234,96.80000305175781,129.16000366210938,23.707887649536133,37.599998474121094,1345.199951171875,30.014999389648438,124.42974853515625,57.22999954223633,342.20001220703125,584.0,29.850000381469727,7.373000144958496,3.7225000858306885,66.1500015258789,53.2400016784668,5.316999912261963,13.366000175476074,160.87210083007812,245.3000030517578,1715.5,10.864999771118164,29.09000015258789,13.265999794006348,2.561500072479248,375.1000061035156,789.0,11.973999977111816,31.161680221557617,133.9600067138672,56.33000183105469,88.88999938964844,152.1199951171875,58.56999969482422,107.83999633789062,19.347999572753906,168.8000030517578,109.44999694824219
2023-03-01,69.1500015258789,101.26000213623047,159.3699951171875,64.5199966430664,287.2099914550781,221.0399932861328,56.900001525878906,79.66000366210938,112.36000061035156,222.6300048828125,194.60691833496094,57.41999816894531,64.2699966430664,75.5,228.83999633789062,99.37000274658203,163.16000366210938,194.17999267578125,88.41000366210938,112.08000183105469,115.66999816894531,158.24000549316406,62.029998779296875,75.1500015258789,95.66999816894531,151.94000244140625,165.52999877929688,87.13999938964844,231.66000366210938,78.26000213623047,209.13999938964844,110.12000274658203,109.66000366210938,415.0899963378906,26.969999313354492,98.83000183105469,26.940000534057617,228.2100067138672,167.30999755859375,39.880001068115234,243.4499969482422,131.08999633789062,157.3699951171875,155.0,,134.22000122070312,355.44000244140625,199.97000122070312,83.20999908447266,279.6099853515625,80.62000274658203,77.08000183105469,222.25999450683594,154.47000122070312,55.27000045776367,182.3000030517578,133.5800018310547,148.69000244140625,63.31999969482422,440.69000244140625,326.1778564453125,224.77000427246094,80.58000183105469,77.2300033569336,112.9000015258789,165.6300048828125,688.8099975585938,49.150001525878906,346.4700012207031,162.77999877929688,123.27999877929688,212.8000030517578,48.36000061035156,58.720001220703125,119.94999694824219,100.94000244140625,69.19999694824219,9.70199966430664,52.3935546875,31.110000610351562,9.355999946594238,179.4499969482422,43.09000015258789,22.350000381469727,11.5,24.850000381469727,39.099998474121094,41.95000076293945,180.35000610351562,67.26000213623047,72.05999755859375,37.68000030517578,70.77999877929688,171.5500030517578,230.60000610351562,322.5,52.91999816894531,46.77962875366211,273.6000061035156,39.63999938964844,116.05999755859375,54.70000076293945,149.25999450683594,20.239999771118164,53.02000045776367,100.19999694824219,125.63999938964844,17.236677169799805,38.540000915527344,1459.199951171875,31.489999771118164,127.43801879882812,61.33000183105469,340.70001220703125,625.2000122070312,28.165000915527344,6.571000099182129,3.4260001182556152,55.209999084472656,57.310001373291016,5.626999855041504,12.906000137329102,162.43777465820312,249.3000030517578,1864.0,11.484999656677246,30.899999618530273,10.930000305175781,2.367500066757202,411.25,844.4000244140625,9.843000411987305,33.00605773925781,136.5399932861328,52.31999969482422,100.23999786376953,153.67999267578125,54.36000061035156,105.72000122070312,17.40999984741211,158.0,116.3499984741211
2023-04-01,68.29000091552734,110.47000122070312,151.1199951171875,69.8499984741211,294.3599853515625,185.4600067138672,54.849998474121094,78.08000183105469,114.13999938964844,220.0,207.79087829589844,64.38999938964844,65.08999633789062,82.0999984741211,218.8000030517578,100.87000274658203,168.5800018310547,201.55999755859375,97.12000274658203,106.44000244140625,113.94249725341797,165.6199951171875,64.1500015258789,79.80000305175781,98.47000122070312,146.16000366210938,167.83999633789062,83.26000213623047,217.3300018310547,77.61000061035156,219.72999572753906,113.83999633789062,118.33999633789062,411.69000244140625,26.920000076293945,98.88999938964844,26.8799991607666,218.33999633789062,168.30999755859375,40.439998626708984,241.94000244140625,126.41000366210938,154.41000366210938,163.6999969482422,,144.88999938964844,369.45001220703125,207.8300018310547,87.8499984741211,295.75,90.94999694824219,76.62999725341797,216.30999755859375,148.17999267578125,58.08000183105469,190.88999938964844,140.25999450683594,156.3800048828125,62.84000015258789,454.7799987792969,343.0274353027344,237.5399932861328,86.33999633789062,76.73999786376953,112.33000183105469,157.75,695.5700073242188,50.323333740234375,361.239990234375,159.44000244140625,127.13999938964844,227.4499969482422,46.849998474121094,59.7599983215332,126.5999984741211,101.44000244140625,73.77999877929688,10.0649995803833,48.212406158447266,29.940000534057617,9.942999839782715,172.89999389648438,43.52000045776367,21.8799991607666,12.005000114440918,26.219999313354492,44.040000915527344,42.540000915527344,193.60000610351562,68.55999755859375,73.27999877929688,32.904998779296875,70.58000183105469,162.5500030517578,237.6999969482422,340.5,50.47999954223633,45.21696090698242,265.5,42.54999923706055,122.86000061035156,56.5,148.89999389648438,22.18000030517578,56.41999816894531,109.44999694824219,123.68000030517578,19.5080623626709,37.16999816894531,1452.0,31.219999313354492,134.8594970703125,59.099998474121094,348.70001220703125,573.5,29.56999969482422,6.650000095367432,3.186500072479248,58.59000015258789,59.9900016784668,6.198999881744385,13.746000289916992,175.5502166748047,252.3000030517578,1966.800048828125,11.779999732971191,31.15999984741211,11.199999809265137,2.384500026702881,432.75,871.0,10.050000190734863,31.13874053955078,140.94000244140625,52.41999816894531,100.0,157.82000732421875,57.939998626708984,112.19999694824219,17.940000534057617,151.9499969482422,120.1500015258789
2023-05-01,63.939998626708984,102.0,137.9600067138672,64.20999908447266,269.1400146484375,193.52999877929688,48.20000076293945,70.6500015258789,115.27999877929688,208.99000549316406,190.06289672851562,62.33000183105469,61.77000045776367,82.30000305175781,205.75,94.54000091552734,150.6199951171875,185.8000030517578,92.44999694824219,96.5,118.03500366210938,158.17999267578125,59.65999984741211,74.37999725341797,93.30000305175781,133.3300018310547,165.0500030517578,77.68000030517578,214.10000610351562,69.2300033569336,216.05999755859375,110.30999755859375,102.18000030517578,384.8900146484375,26.924999237060547,88.19999694824219,24.010000228881836,204.17999267578125,148.92999267578125,38.25,218.72999572753906,128.58999633789062,146.58999633789062,155.05999755859375,,134.27999877929688,353.6600036621094,201.1300048828125,85.7300033569336,285.1099853515625,82.76000213623047,73.45999908447266,217.92999267578125,132.05999755859375,55.470001220703125,182.35000610351562,131.2899932861328,142.5,59.439998626708984,454.2200012207031,347.61590576171875,227.77999877929688,74.97000122070312,69.94999694824219,107.16000366210938,130.92999267578125,649.02001953125,48.956668853759766,334.6300048828125,151.5,122.54000091552734,199.97999572753906,44.415000915527344,52.13999938964844,119.1500015258789,101.91999816894531,73.37999725341797,9.399999618530273,47.34577178955078,28.299999237060547,9.47599983215332,161.5,42.04999923706055,20.7450008392334,11.3100004196167,25.59000015258789,39.95000076293945,39.290000915527344,200.1999969482422,66.87999725341797,74.54000091552734,34.72999954223633,69.7699966430664,162.75,215.8000030517578,334.0,51.900001525878906,47.11448669433594,236.39999389648438,39.119998931884766,122.18000030517578,60.0,153.33999633789062,23.739999771118164,52.900001525878906,99.9800033569336,116.58000183105469,17.15999984741211,27.040000915527344,1526.800048828125,29.65999984741211,129.4545440673828,49.90999984741211,364.6000061035156,671.5,26.415000915527344,6.119999885559082,3.0450000762939453,54.0099983215332,55.34000015258789,5.857999801635742,12.449999809265137,164.82540893554688,266.6000061035156,1901.800048828125,11.399999618530273,31.290000915527344,11.508000373840332,2.1554999351501465,399.0,813.9000244140625,9.177000045776367,28.248302459716797,135.44000244140625,51.79999923706055,94.87999725341797,161.33999633789062,53.08000183105469,106.31999969482422,17.913999557495117,140.39999389648438,106.80000305175781
2023-06-01,72.77999877929688,109.0199966430664,134.72999572753906,69.80000305175781,299.5299987792969,223.08999633789062,49.900001525878906,75.55999755859375,116.33999633789062,219.7899932861328,207.55503845214844,68.83999633789062,66.77999877929688,94.56999969482422,246.0500030517578,94.3499984741211,157.35000610351562,192.55999755859375,100.2300033569336,97.31999969482422,124.2699966430664,159.0399932861328,60.220001220703125,77.04000091552734,90.4000015258789,147.64999389648438,186.69000244140625,90.38999938964844,210.00999450683594,70.91999816894531,234.3000030517578,121.12999725341797,107.25,400.6499938964844,29.4950008392334,96.7699966430664,26.709999084472656,215.14999389648438,169.22999572753906,40.220001220703125,250.16000366210938,133.80999755859375,147.6699981689453,165.52000427246094,26.420000076293945,138.05999755859375,381.0799865722656,225.6999969482422,87.2300033569336,298.4100036621094,88.0999984741211,74.19999694824219,248.17999267578125,163.97999572753906,64.5999984741211,185.22000122070312,148.3000030517578,151.74000549316406,59.790000915527344,480.79998779296875,379.2715148925781,265.5199890136719,93.70999908447266,74.19999694824219,112.0199966430664,131.89999389648438,788.5900268554688,52.393333435058594,382.4700012207031,177.77999877929688,132.36000061035156,213.1999969482422,44.470001220703125,50.66999816894531,121.25,112.5199966430664,71.4000015258789,10.149999618530273,52.530391693115234,33.0,9.618000030517578,169.10000610351562,44.72999954223633,19.97599983215332,11.680000305175781,25.3700008392334,43.77000045776367,38.310001373291016,194.35000610351562,75.19999694824219,73.26000213623047,37.78499984741211,73.66999816894531,151.5500030517578,237.39999389648438,343.6000061035156,55.15999984741211,45.920162200927734,250.8000030517578,39.869998931884766,125.13999938964844,58.08000183105469,152.5399932861328,16.18000030517578,51.86000061035156,96.0199966430664,122.94000244140625,17.895000457763672,26.360000610351562,1585.800048828125,31.260000228881836,135.70248413085938,51.83000183105469,355.3999938964844,663.0,27.024999618530273,7.0320000648498535,3.384999990463257,57.720001220703125,56.13999938964844,6.168000221252441,13.182000160217285,168.89613342285156,299.5,1990.0,11.949999809265137,35.459999084472656,12.338000297546387,2.4000000953674316,427.1000061035156,863.0,9.965999603271484,30.79005241394043,143.4600067138672,55.72999954223633,98.19999694824219,166.4600067138672,52.54999923706055,106.37999725341797,21.264999389648438,152.89999389648438,116.30000305175781
2023-07-01,72.62999725341797,111.33000183105469,149.5800018310547,72.33999633789062,305.3299865722656,212.27999877929688,51.29999923706055,84.95999908447266,121.70999908447266,247.25999450683594,219.04087829589844,70.44999694824219,70.5999984741211,91.47000122070312,265.1700134277344,100.18000030517578,163.66000366210938,204.41000366210938,95.66999816894531,107.58000183105469,125.51000213623047,151.47999572753906,61.93000030517578,76.26000213623047,94.86000061035156,145.97000122070312,183.13999938964844,91.3499984741211,221.9600067138672,72.33000183105469,243.5500030517578,127.30000305175781,107.23999786376953,435.0400085449219,29.30500030517578,101.5199966430664,29.239999771118164,223.5800018310547,155.72000122070312,40.880001068115234,263.32000732421875,144.17999267578125,150.64999389648438,167.52999877929688,23.68000030517578,129.10000610351562,390.6700134277344,234.27000427246094,89.4800033569336,293.20001220703125,87.76000213623047,73.30000305175781,251.61000061035156,172.08999633789062,69.5,187.4600067138672,143.89999389648438,156.3000030517578,60.970001220703125,493.04998779296875,373.2355651855469,276.5,99.2699966430664,76.30999755859375,123.26000213623047,136.47000122070312,738.489990234375,53.28666687011719,368.0400085449219,184.0,133.97999572753906,217.39999389648438,48.77000045776367,53.13999938964844,117.80000305175781,110.86000061035156,70.4800033569336,10.875,55.20632553100586,34.150001525878906,10.079999923706055,174.3000030517578,46.720001220703125,19.841999053955078,11.505000114440918,28.530000686645508,47.220001220703125,38.59000015258789,194.14999389648438,73.69999694824219,70.18000030517578,40.0,72.63999938964844,159.8000030517578,212.3000030517578,342.6000061035156,53.779998779296875,47.60560989379883,257.3999938964844,39.130001068115234,124.4000015258789,60.18000030517578,154.97999572753906,15.390000343322754,52.81999969482422,99.37999725341797,120.55999755859375,21.239999771118164,31.399999618530273,1689.800048828125,31.385000228881836,135.00827026367188,52.04999923706055,457.0,652.2000122070312,27.969999313354492,7.210000038146973,3.683500051498413,60.02000045776367,55.529998779296875,6.271999835968018,13.883999824523926,179.01425170898438,291.3999938964844,2016.5,11.354999542236328,34.810001373291016,13.279999732971191,2.628999948501587,423.20001220703125,848.0999755859375,10.305999755859375,33.04734802246094,150.9600067138672,61.47999954223633,97.08999633789062,162.0399932861328,55.2599983215332,106.77999877929688,23.0,145.4499969482422,114.19999694824219
2023-08-01,72.5,102.9000015258789,146.9600067138672,74.56999969482422,295.489990234375,198.7100067138672,48.70000076293945,79.30000305175781,115.94999694824219,254.61000061035156,219.69338989257812,74.0999984741211,66.12999725341797,87.33000183105469,281.1300048828125,90.43000030517578,161.10000610351562,200.8699951171875,96.7699966430664,105.79000091552734,126.0425033569336,156.4499969482422,59.83000183105469,73.47000122070312,88.95999908447266,148.3000030517578,183.80999755859375,98.25,278.7300109863281,63.81999969482422,238.38999938964844,116.70999908447266,111.19000244140625,436.4100036621094,28.790000915527344,97.94000244140625,26.739999771118164,226.63999938964844,153.72999572753906,38.59000015258789,247.35000610351562,146.8300018310547,144.9499969482422,161.67999267578125,23.049999237060547,128.8300018310547,387.0400085449219,230.47999572753906,82.08000183105469,281.1499938964844,81.5,66.80000305175781,244.13999938964844,172.10000610351562,70.26000213623047,177.9199981689453,141.75999450683594,154.33999633789062,56.040000915527344,499.05999755859375,369.78240966796875,271.7200012207031,94.37999725341797,69.6500015258789,112.2300033569336,126.55000305175781,714.1400146484375,54.20333480834961,406.8999938964844,184.4199981689453,135.3800048828125,224.35000610351562,46.790000915527344,50.540000915527344,120.80000305175781,97.16999816894531,74.73999786376953,10.149999618530273,52.165489196777344,32.4900016784668,10.052000045776367,163.85000610351562,43.084999084472656,19.742000579833984,11.380000114440918,29.610000610351562,44.54999923706055,36.400001525878906,196.25,74.27999877929688,70.72000122070312,33.01499938964844,67.54000091552734,166.0,215.8000030517578,358.20001220703125,49.56999969482422,47.0921630859375,251.3000030517578,38.060001373291016,128.82000732421875,63.619998931884766,138.8800048828125,13.15999984741211,46.25,96.16000366210938,113.04000091552734,22.110000610351562,28.729999542236328,772.5,30.174999237060547,137.9008331298828,52.5,464.79998779296875,607.9000244140625,27.774999618530273,7.265999794006348,3.6019999980926514,59.709999084472656,53.83000183105469,6.210000038146973,14.284000396728516,170.16824340820312,293.0,1900.800048828125,10.960000038146973,35.36000061035156,13.100000381469727,2.4719998836517334,405.79998779296875,782.2000122070312,10.118000030517578,29.262248992919922,148.3000030517578,60.15999984741211,98.63999938964844,158.5800018310547,58.06999969482422,102.95999908447266,22.565000534057617,131.89999389648438,111.19999694824219
2023-09-01,66.12999725341797,96.8499984741211,149.05999755859375,76.75,283.3999938964844,170.0399932861328,45.79999923706055,75.41999816894531,105.93000030517578,240.5800018310547,203.24685668945312,69.83999633789062,57.689998626708984,86.81999969482422,273.0,86.12999725341797,168.6199951171875,208.17999267578125,91.62999725341797,102.29000091552734,120.25250244140625,131.05999755859375,55.97999954223633,71.11000061035156,85.52999877929688,139.50999450683594,169.39999389648438,96.56999969482422,293.7900085449219,58.150001525878906,212.08999633789062,114.62999725341797,117.58000183105469,437.260009765625,27.31999969482422,90.62999725341797,24.579999923706055,220.97000122070312,144.3800048828125,38.029998779296875,230.30999755859375,140.3000030517578,122.91000366210938,155.75,20.079999923706055,120.8499984741211,372.3500061035156,207.83999633789062,75.63999938964844,263.44000244140625,78.36000061035156,57.290000915527344,223.1699981689453,156.35000610351562,64.75,169.44000244140625,129.8000030517578,145.86000061035156,49.939998626708984,484.2799987792969,345.704833984375,255.0500030517578,83.58000183105469,66.05000305175781,104.87000274658203,110.56999969482422,691.8400268554688,53.310001373291016,375.2099914550781,166.6199951171875,126.9800033569336,225.6999969482422,42.95000076293945,45.45000076293945,122.1500015258789,96.37999725341797,73.4800033569336,10.789999961853027,50.751502990722656,32.81999969482422,10.449999809265137,163.6999969482422,38.53499984741211,19.868000030517578,11.199999809265137,29.459999084472656,40.84000015258789,34.959999084472656,207.89999389648438,73.5199966430664,67.45999908447266,31.354999542236328,65.88999938964844,158.14999389648438,171.75,369.1000061035156,46.650001525878906,42.7166862487793,243.89999389648438,35.150001525878906,122.81999969482422,65.66000366210938,135.66000366210938,12.380000114440918,48.0,90.31999969482422,108.94000244140625,22.809999465942383,21.1299991607666,705.7000122070312,28.520000457763672,132.0991668701172,52.5099983215332,460.6000061035156,559.0999755859375,28.18000030517578,7.710000038146973,3.618499994277954,60.43000030517578,52.2599983215332,5.820000171661377,15.255999565124512,161.6157989501953,279.70001220703125,1729.800048828125,10.595000267028809,35.290000915527344,12.550000190734863,2.440000057220459,393.20001220703125,716.4000244140625,10.411999702453613,27.920000076293945,148.63999938964844,56.880001068115234,101.4800033569336,156.97999572753906,62.310001373291016,105.0199966430664,22.729999542236328,124.69999694824219,114.6500015258789
2023-10-01,69.76000213623047,94.55000305175781,141.17999267578125,78.11000061035156,282.44000244140625,126.77999877929688,44.45000076293945,71.56999969482422,107.66000366210938,218.22000122070312,198.72640991210938,69.41999816894531,56.15999984741211,91.0,226.0500030517578,81.83000183105469,145.72999572753906,214.6199951171875,90.94000244140625,99.66999816894531,126.77999877929688,117.69999694824219,56.4900016784668,75.12000274658203,87.79000091552734,129.9499969482422,167.74000549316406,88.97000122070312,276.19000244140625,53.790000915527344,213.9199981689453,109.25,105.8499984741211,431.8900146484375,29.170000076293945,91.19000244140625,22.790000915527344,241.30999755859375,128.86000061035156,32.54999923706055,224.1199951171875,144.63999938964844,113.83999633789062,148.33999633789062,18.600000381469727,119.63999938964844,382.1600036621094,190.57000732421875,63.900001525878906,262.1700134277344,70.55999755859375,58.29999923706055,212.58999633789062,147.7899932861328,58.119998931884766,163.27999877929688,122.7699966430664,150.02999877929688,47.380001068115234,488.57000732421875,330.4730224609375,238.2100067138672,85.05000305175781,66.48999786376953,90.5,110.79000091552734,729.8300170898438,54.470001220703125,318.2900085449219,167.1999969482422,126.27999877929688,220.89999389648438,43.53499984741211,40.65999984741211,124.05000305175781,87.62999725341797,70.12000274658203,10.149999618530273,46.70719528198242,29.6200008392334,10.355999946594238,155.1999969482422,36.7599983215332,20.475000381469727,11.220000267028809,24.239999771118164,31.31999969482422,32.22999954223633,208.3000030517578,68.4800033569336,68.08000183105469,27.475000381469727,55.43000030517578,142.35000610351562,177.0,378.5,42.150001525878906,39.20068359375,270.3999938964844,36.130001068115234,126.73999786376953,58.02000045776367,124.95999908447266,8.369999885559082,46.31999969482422,96.19999694824219,99.83000183105469,21.700000762939453,21.989999771118164,633.9000244140625,28.0,133.6198272705078,53.630001068115234,444.1000061035156,565.2999877929688,27.954999923706055,7.421999931335449,3.4660000801086426,54.290000915527344,56.150001525878906,5.98799991607666,15.428000450134277,166.9781951904297,285.5,1759.5999755859375,10.5,32.54999923706055,12.027999877929688,2.4565000534057617,396.1499938964844,674.5,9.939000129699707,26.43000030517578,147.02000427246094,51.400001525878906,85.69999694824219,144.97999572753906,63.20000076293945,104.4800033569336,23.625,108.80000305175781,121.0999984741211
2023-11-01,75.36000061035156,104.29000091552734,142.38999938964844,82.70999908447266,270.54998779296875,121.2699966430664,47.400001525878906,73.7300033569336,113.80999755859375,229.9199981689453,185.6761016845703,74.73999786376953,58.7400016784668,107.08000183105469,250.72000122070312,82.05000305175781,143.60000610351562,229.42999267578125,96.62999725341797,102.79000091552734,138.3125,143.35000610351562,58.439998626708984,78.7699966430664,90.11000061035156,141.16000366210938,191.72999572753906,88.9000015258789,295.6400146484375,59.40999984741211,213.4600067138672,120.33999633789062,102.73999786376953,453.4599914550781,29.985000610351562,95.58999633789062,24.799999237060547,246.97000122070312,132.77999877929688,30.59000015258789,242.2100067138672,158.55999755859375,109.7300033569336,154.66000366210938,20.440000534057617,123.7300033569336,413.7699890136719,198.8300018310547,64.83000183105469,281.8399963378906,79.2699966430664,58.5099983215332,235.33999633789062,169.97000122070312,64.54000091552734,168.2899932861328,141.99000549316406,153.52000427246094,53.959999084472656,538.25,393.4058532714844,278.79998779296875,90.9000015258789,72.16999816894531,100.12999725341797,133.80999755859375,786.1900024414062,51.89666748046875,350.760009765625,192.13999938964844,136.1999969482422,230.60000610351562,42.685001373291016,31.360000610351562,128.6999969482422,95.58999633789062,79.27999877929688,11.244999885559082,53.989990234375,29.829999923706055,11.425999641418457,174.3000030517578,43.040000915527344,21.975000381469727,11.9350004196167,29.09000015258789,37.630001068115234,33.720001220703125,219.0,74.80000305175781,72.19999694824219,35.54999923706055,59.58000183105469,160.14999389648438,187.75,390.79998779296875,44.86000061035156,42.02465057373047,276.0,39.369998931884766,145.47999572753906,64.0,154.0,10.880000114440918,52.939998626708984,103.19999694824219,106.41999816894531,25.520000457763672,21.860000610351562,1071.0,26.559999465942383,143.63636779785156,57.61000061035156,407.3999938964844,623.0,28.594999313354492,8.505999565124512,3.8010001182556152,57.77000045776367,58.970001220703125,6.486000061035156,15.168000221252441,171.362060546875,330.6000061035156,1904.199951171875,11.345000267028809,37.83000183105469,12.878000259399414,2.6414999961853027,431.04998779296875,702.7000122070312,10.307999610900879,30.399999618530273,161.02000427246094,59.810001373291016,85.45999908447266,168.6199951171875,62.2599983215332,112.30000305175781,24.985000610351562,119.0,126.30000305175781
2023-12-01,82.44000244140625,110.06999969482422,154.97000122070312,82.5,273.79998779296875,144.47999572753906,48.20000076293945,72.22000122070312,115.9000015258789,232.97000122070312,191.69024658203125,71.11000061035156,57.099998474121094,100.80000305175781,295.6700134277344,86.38999938964844,149.16000366210938,226.0,94.55999755859375,103.45999908447266,150.6649932861328,142.58999633789062,58.93000030517578,79.70999908447266,90.97000122070312,153.80999755859375,198.35000610351562,97.33000183105469,334.9200134277344,61.720001220703125,247.94000244140625,127.19999694824219,99.9800033569336,477.04998779296875,32.3849983215332,103.05000305175781,29.790000915527344,259.6700134277344,138.5,32.11000061035156,261.94000244140625,163.5500030517578,126.37999725341797,156.74000549316406,21.530000686645508,121.51000213623047,410.7099914550781,222.5500030517578,68.41999816894531,296.510009765625,82.37999725341797,60.7400016784668,264.1600036621094,174.0399932861328,72.70999908447266,169.83999633789062,149.5500030517578,146.5399932861328,57.41999816894531,545.1699829101562,416.7644348144531,311.8999938964844,98.0999984741211,73.12999725341797,107.69000244140625,142.4199981689453,828.6900024414062,52.54999923706055,352.1199951171875,184.16000366210938,139.77999877929688,241.9499969482422,48.779998779296875,33.630001068115234,135.6999969482422,100.77999877929688,83.22000122070312,10.760000228881836,58.4752197265625,34.02000045776367,12.36400032043457,186.5,44.85499954223633,21.75,12.149999618530273,28.06999969482422,37.959999084472656,37.689998626708984,216.3000030517578,80.94000244140625,72.86000061035156,37.79999923706055,62.54999923706055,144.10000610351562,195.25,375.1000061035156,46.31999969482422,43.97798538208008,287.0,41.18000030517578,139.47999572753906,64.16000366210938,169.9199981689453,12.0,52.599998474121094,99.63999938964844,111.80000305175781,28.540000915527344,21.450000762939453,1166.5999755859375,26.014999389648438,145.55372619628906,58.41999816894531,343.5,681.7000122070312,29.489999771118164,8.22599983215332,3.7795000076293945,62.59000015258789,58.68000030517578,6.730000019073486,15.347999572753906,177.7030029296875,305.20001220703125,1918.800048828125,11.869999885559082,39.43000030517578,13.526000022888184,2.6435000896453857,450.6499938964844,733.5999755859375,11.263999938964844,26.985000610351562,159.4600067138672,66.66000366210938,89.76000213623047,181.77999877929688,61.599998474121094,113.69999694824219,24.565000534057617,118.44999694824219,128.6999969482422
2024-01-01,77.61000061035156,113.1500015258789,164.39999389648438,84.33999633789062,255.7100067138672,114.73999786376953,47.150001525878906,55.58000183105469,113.94000244140625,245.77999877929688,187.74371337890625,77.55999755859375,54.900001525878906,109.19000244140625,300.30999755859375,84.08999633789062,147.42999267578125,245.0,99.8499984741211,110.80000305175781,151.1425018310547,145.25,59.4900016784668,84.19999694824219,90.9000015258789,149.77999877929688,198.22000122070312,91.7300033569336,345.8299865722656,54.220001220703125,233.27000427246094,126.33000183105469,102.80999755859375,475.9200134277344,34.1150016784668,101.7300033569336,26.6299991607666,264.989990234375,140.22999572753906,30.3700008392334,260.8999938964844,183.66000366210938,131.5500030517578,158.89999389648438,20.760000228881836,120.97000122070312,404.8299865722656,212.83999633789062,68.16000366210938,292.7200012207031,87.54000091552734,58.630001068115234,251.72000122070312,186.92999267578125,73.16999816894531,168.52999877929688,141.0399932861328,157.13999938964844,54.38999938964844,537.0,424.17218017578125,304.3800048828125,93.30000305175781,80.93000030517578,108.44999694824219,139.0800018310547,895.6400146484375,55.08333206176758,373.0299987792969,176.1199951171875,147.8000030517578,247.8000030517578,44.459999084472656,28.899999618530273,135.85000610351562,96.77999877929688,82.26000213623047,10.680000305175781,57.9278678894043,33.2599983215332,12.034000396728516,184.75,44.52000045776367,22.7450008392334,12.5600004196167,26.1200008392334,36.0,37.20000076293945,222.1999969482422,85.87999725341797,71.0999984741211,33.744998931884766,62.849998474121094,152.39999389648438,213.6999969482422,394.20001220703125,46.5,43.74676513671875,324.79998779296875,34.33000183105469,160.8000030517578,68.41999816894531,166.67999267578125,13.96500015258789,51.86000061035156,95.94000244140625,119.83999633789062,29.049999237060547,18.68000030517578,1171.199951171875,26.010000228881836,143.5371856689453,57.5099983215332,348.79998779296875,798.2000122070312,31.15999984741211,8.675999641418457,3.7355000972747803,62.54999923706055,61.7400016784668,6.341000080108643,14.814000129699707,178.3879852294922,323.70001220703125,1957.800048828125,11.175000190734863,39.709999084472656,13.1899995803833,2.86299991607666,444.70001220703125,773.5999755859375,11.428000450134277,27.530000686645508,173.4199981689453,65.83999633789062,93.36000061035156,182.89999389648438,60.099998474121094,117.08000183105469,27.15999984741211,131.60000610351562,136.5
2024-02-01,82.9000015258789,118.63999938964844,176.0500030517578,80.73999786376953,234.0399932861328,137.85000610351562,45.29999923706055,53.11000061035156,112.91000366210938,251.1300048828125,185.18081665039062,84.20999908447266,60.22999954223633,111.9800033569336,333.9599914550781,74.08000183105469,152.00999450683594,251.6699981689453,100.12000274658203,114.0,157.15249633789062,153.30999755859375,60.02000045776367,86.5199966430664,87.20999908447266,165.3800048828125,224.83999633789062,106.8499984741211,406.8800048828125,58.70000076293945,231.39999389648438,119.5999984741211,104.5199966430664,462.5799865722656,36.505001068115234,100.8499984741211,27.450000762939453,273.25,149.25999450683594,35.31999969482422,262.1499938964844,185.02999877929688,120.16999816894531,161.3800048828125,19.0,121.16999816894531,448.82000732421875,240.6699981689453,68.86000061035156,292.2799987792969,83.36000061035156,55.189998626708984,265.6499938964844,192.3000030517578,77.79000091552734,165.33999633789062,141.60000610351562,158.94000244140625,52.11000061035156,544.72998046875,405.2790832519531,332.0299987792969,89.29000091552734,80.97000122070312,113.3499984741211,152.9199981689453,973.4600219726562,58.61000061035156,358.3599853515625,187.1199951171875,152.94000244140625,253.85000610351562,47.07500076293945,28.09000015258789,132.5500030517578,109.22000122070312,84.37999725341797,10.694999694824219,56.316226959228516,37.779998779296875,12.362000465393066,193.60000610351562,42.90999984741211,21.985000610351562,11.8100004196167,25.8799991607666,35.380001068115234,37.27000045776367,237.3000030517578,89.69999694824219,69.55999755859375,33.095001220703125,73.63999938964844,157.8000030517578,222.3000030517578,430.3999938964844,49.380001068115234,42.913082122802734,424.0,31.0,172.8800048828125,67.19999694824219,182.94000244140625,14.204999923706055,55.5,94.55999755859375,125.33999633789062,25.799999237060547,19.520000457763672,1460.0,27.520000457763672,155.2892608642578,55.720001220703125,343.20001220703125,870.5,32.880001068115234,9.185999870300293,3.8454999923706055,55.380001068115234,59.02000045776367,5.882999897003174,14.248000144958496,191.9505615234375,389.8999938964844,2313.0,10.619999885559082,41.0099983215332,12.6899995803833,2.937999963760376,441.70001220703125,842.7999877929688,11.239999771118164,26.989999771118164,193.6999969482422,71.19999694824219,87.88999938964844,209.8000030517578,58.9900016784668,118.4000015258789,30.90999984741211,145.25,145.85000610351562
2024-03-01,89.45999908447266,113.66000366210938,182.10000610351562,85.86000061035156,242.27000427246094,131.74000549316406,47.54999923706055,62.810001373291016,118.87000274658203,249.74000549316406,194.53616333007812,87.54000091552734,51.619998931884766,111.9000015258789,366.42999267578125,76.13999938964844,157.74000549316406,259.1300048828125,104.30999755859375,124.16999816894531,171.75750732421875,153.11000061035156,61.18000030517578,90.05000305175781,90.80999755859375,177.19000244140625,230.89999389648438,113.41999816894531,401.57000732421875,59.77000045776367,244.80999755859375,121.56999969482422,116.23999786376953,454.3900146484375,38.56999969482422,102.12000274658203,28.110000610351562,282.489990234375,154.92999267578125,34.88999938964844,268.3299865722656,190.9600067138672,125.87000274658203,158.19000244140625,21.459999084472656,129.35000610351562,464.32000732421875,254.72999572753906,76.80999755859375,281.95001220703125,87.1500015258789,63.90999984741211,274.5400085449219,197.89999389648438,85.44000244140625,175.00999450683594,144.89999389648438,162.25,54.099998474121094,560.8400268554688,402.5071105957031,347.3299865722656,97.93000030517578,81.18000030517578,121.91999816894531,177.2100067138672,1017.2999877929688,60.16999816894531,395.7099914550781,207.0,170.72000122070312,277.79998779296875,52.93000030517578,28.43000030517578,134.9499969482422,106.95999908447266,78.08000183105469,12.729999542236328,50.857933044433594,46.959999084472656,14.581999778747559,189.64999389648438,39.915000915527344,22.5,12.885000228881836,25.0,35.650001525878906,39.189998626708984,253.6999969482422,101.94999694824219,74.5,31.514999389648438,73.80999755859375,163.60000610351562,235.1999969482422,452.29998779296875,49.119998931884766,42.913082122802734,521.0,31.459999084472656,180.4600067138672,69.86000061035156,176.9600067138672,17.0049991607666,56.720001220703125,110.94999694824219,122.83999633789062,27.399999618530273,26.489999771118164,1568.0,27.719999313354492,159.3719024658203,56.459999084472656,366.1000061035156,892.2000122070312,34.814998626708984,11.039999961853027,4.521500110626221,65.86000061035156,59.88999938964844,6.11899995803833,14.64799976348877,205.1999969482422,404.0,2366.0,11.494999885559082,46.66999816894531,15.246000289916992,3.36299991607666,438.6499938964844,833.7000122070312,10.470000267028809,29.075000762939453,210.0500030517578,71.93000030517578,90.95999908447266,209.64999389648438,63.470001220703125,118.76000213623047,35.17499923706055,141.60000610351562,145.1999969482422
2024-04-01,82.83999633789062,105.97000122070312,162.63999938964844,83.6500015258789,236.33999633789062,120.30999755859375,44.70000076293945,58.65999984741211,117.9000015258789,241.88999938964844,184.4339599609375,81.54000091552734,47.849998474121094,103.04000091552734,334.57000732421875,71.0,161.27000427246094,248.63999938964844,107.88999938964844,115.69000244140625,164.5850067138672,147.8699951171875,61.77000045776367,91.91999816894531,94.4000015258789,179.3000030517578,226.14999389648438,107.77999877929688,382.6600036621094,60.619998931884766,246.25,111.30999755859375,118.2699966430664,416.8900146484375,33.970001220703125,104.16999816894531,22.84000015258789,287.0899963378906,157.2100067138672,35.560001373291016,244.11000061035156,166.1999969482422,114.8499984741211,144.58999633789062,18.81999969482422,136.52999877929688,440.9599914550781,227.99000549316406,76.05999755859375,273.0400085449219,80.23999786376953,66.97000122070312,258.19000244140625,168.52999877929688,79.08999633789062,175.91000366210938,129.0,163.1999969482422,53.540000915527344,511.4599914550781,393.4058532714844,299.6099853515625,91.4000015258789,74.31999969482422,109.56999969482422,160.97999572753906,921.3499755859375,59.349998474121094,357.4800109863281,226.39999389648438,154.67999267578125,266.6000061035156,49.154998779296875,27.350000381469727,140.5500030517578,102.44999694824219,74.86000061035156,13.960000038146973,46.251068115234375,42.310001373291016,15.010000228881836,181.14999389648438,39.2599983215332,21.489999771118164,12.399999618530273,27.969999313354492,39.599998474121094,37.900001525878906,232.39999389648438,94.63999938964844,74.45999908447266,32.720001220703125,70.94000244140625,148.9499969482422,226.60000610351562,412.20001220703125,47.93000030517578,42.31217956542969,517.2000122070312,32.630001068115234,169.6999969482422,69.0999984741211,175.89999389648438,19.299999237060547,52.099998474121094,100.69999694824219,115.1500015258789,27.18000030517578,24.65999984741211,1130.199951171875,28.440000534057617,151.96694946289062,56.15999984741211,350.79998779296875,832.7000122070312,32.439998626708984,10.175000190734863,4.572999954223633,67.61000061035156,58.65999984741211,6.181000232696533,15.13599967956543,196.49098205566406,387.20001220703125,2251.0,11.510000228881836,42.849998474121094,14.862000465393066,3.5260000228881836,439.6499938964844,774.4000244140625,11.005000114440918,31.510000228881836,204.1999969482422,74.66000366210938,93.08000183105469,215.10000610351562,68.58999633789062,110.25,34.58000183105469,132.8000030517578,140.75
2024-05-01,83.63999938964844,102.19000244140625,161.24000549316406,89.87000274658203,266.70001220703125,122.58999633789062,50.849998474121094,62.439998626708984,115.91999816894531,244.9199981689453,182.36634826660156,89.51000213623047,45.86000061035156,99.2699966430664,338.5199890136719,86.37000274658203,162.3000030517578,270.82000732421875,107.01000213623047,117.58000183105469,169.49249267578125,131.55999755859375,62.93000030517578,92.95999908447266,94.55000305175781,183.82000732421875,232.1999969482422,112.16000366210938,362.42999267578125,59.22999954223633,259.7900085449219,120.9000015258789,117.26000213623047,404.260009765625,32.9900016784668,100.94999694824219,23.600000381469727,299.7699890136719,144.13999938964844,30.979999542236328,242.75,166.85000610351562,111.63999938964844,146.6699981689453,19.299999237060547,133.3000030517578,435.5199890136719,221.2899932861328,72.22000122070312,258.8900146484375,81.37000274658203,80.0199966430664,234.72000122070312,168.85000610351562,81.37999725341797,172.89999389648438,131.41000366210938,164.5399932861328,53.060001373291016,532.760009765625,404.45599365234375,303.79998779296875,87.16999816894531,72.81999969482422,117.83000183105469,156.16000366210938,921.4600219726562,65.76000213623047,331.4100036621094,231.5,155.89999389648438,268.29998779296875,48.40999984741211,28.239999771118164,144.35000610351562,93.18000030517578,65.9800033569336,15.539999961853027,47.31536102294922,39.16999816894531,15.22599983215332,182.89999389648438,38.65999984741211,22.290000915527344,12.279999732971191,29.280000686645508,39.18000030517578,38.279998779296875,228.1999969482422,95.72000122070312,83.12000274658203,36.82500076293945,66.4000015258789,166.5,228.5,457.8999938964844,50.52000045776367,42.626163482666016,527.7999877929688,34.84000015258789,165.9600067138672,69.19999694824219,176.25999450683594,24.81999969482422,53.380001068115234,109.3499984741211,115.0,28.799999237060547,24.25,1184.800048828125,28.540000915527344,149.14048767089844,57.619998931884766,340.70001220703125,870.7999877929688,33.04999923706055,9.9399995803833,4.834499835968018,67.69999694824219,59.119998931884766,6.656000137329102,14.496000289916992,205.3000030517578,377.3999938964844,2176.0,12.100000381469727,43.560001373291016,16.36400032043457,3.6059999465942383,452.1000061035156,734.9000244140625,11.295000076293945,33.380001068115234,214.10000610351562,80.58000183105469,89.76000213623047,227.4499969482422,67.01000213623047,114.44999694824219,36.3849983215332,131.10000610351562,146.0500030517578
2024-06-01,81.77999877929688,103.91000366210938,171.52000427246094,89.30999755859375,258.04998779296875,95.5199966430664,48.900001525878906,60.45000076293945,116.6500015258789,238.69000244140625,183.73428344726562,89.41000366210938,43.189998626708984,98.31999969482422,333.1000061035156,88.12000274658203,156.4199981689453,255.0800018310547,103.68000030517578,118.0999984741211,175.06500244140625,136.47000122070312,63.650001525878906,97.04000091552734,89.41999816894531,180.4499969482422,238.0,110.16000366210938,362.3999938964844,56.709999084472656,272.20001220703125,124.79000091552734,115.12000274658203,408.2699890136719,31.420000076293945,100.97000122070312,22.350000381469727,290.1400146484375,138.32000732421875,30.489999771118164,236.9600067138672,172.9499969482422,109.04000091552734,146.16000366210938,18.18000030517578,138.1999969482422,438.80999755859375,220.4600067138672,70.94000244140625,254.83999633789062,78.70999908447266,70.80999755859375,231.94000244140625,158.0800018310547,76.66999816894531,164.92999267578125,125.88999938964844,164.9199981689453,52.81999969482422,563.6599731445312,421.94891357421875,298.42999267578125,79.88999938964844,71.38999938964844,115.30999755859375,148.0399932861328,902.239990234375,67.70999908447266,329.3900146484375,223.0,128.25999450683594,259.5,45.185001373291016,26.3799991607666,136.5500030517578,88.37999725341797,62.959999084472656,14.1850004196167,40.21501541137695,37.16999816894531,14.907999992370605,191.10000610351562,37.790000915527344,23.479999542236328,12.255000114440918,27.8799991607666,35.7599983215332,38.900001525878906,236.6999969482422,96.81999969482422,83.22000122070312,34.30500030517578,64.56999969482422,154.75,238.8000030517578,467.0,42.209999084472656,41.738346099853516,475.70001220703125,31.950000762939453,189.52000427246094,71.19999694824219,173.72000122070312,24.309999465942383,53.79999923706055,114.30000305175781,105.4000015258789,26.549999237060547,21.889999389648438,1113.199951171875,27.59000015258789,146.61817932128906,54.119998931884766,408.6000061035156,964.2000122070312,30.56999969482422,9.35200023651123,4.33050012588501,59.529998779296875,57.08000183105469,6.49399995803833,14.354000091552734,201.1999969482422,380.70001220703125,2140.0,12.114999771118164,46.36000061035156,15.961999893188477,3.4709999561309814,410.04998779296875,713.5999755859375,11.114999771118164,33.2599983215332,197.39999389648438,72.62000274658203,89.94000244140625,224.3000030517578,62.33000183105469,98.37999725341797,34.60499954223633,112.0999984741211,154.8000030517578
2024-07-01,85.04000091552734,105.94000244140625,185.32000732421875,95.37999725341797,263.8500061035156,93.66999816894531,52.650001525878906,62.0099983215332,127.87999725341797,262.6199951171875,189.5125732421875,99.43000030517578,45.15999984741211,100.83000183105469,346.20001220703125,89.05000305175781,160.47000122070312,275.6600036621094,98.01000213623047,130.6199951171875,190.98500061035156,131.92999267578125,66.73999786376953,99.19000244140625,97.5199966430664,184.25999450683594,230.69000244140625,117.11000061035156,441.1499938964844,64.91000366210938,278.3599853515625,124.81999969482422,118.58999633789062,413.0899963378906,35.375,111.6500015258789,22.8700008392334,298.7099914550781,147.11000061035156,32.11000061035156,247.27999877929688,192.13999938964844,117.94999694824219,157.85000610351562,18.489999771118164,135.0500030517578,453.5,245.50999450683594,77.01000213623047,265.3999938964844,80.31999969482422,76.38999938964844,250.3300018310547,162.94000244140625,87.87000274658203,172.6699981689453,126.9800033569336,160.75999450683594,57.43000030517578,544.75,458.5903625488281,350.79998779296875,105.62000274658203,76.6500015258789,114.20999908447266,150.41000366210938,976.8099975585938,68.63999938964844,306.1700134277344,231.3000030517578,139.9600067138672,260.79998779296875,43.099998474121094,27.4950008392334,134.1999969482422,85.81999969482422,65.81999969482422,15.09000015258789,43.10380935668945,35.7400016784668,14.435999870300293,189.39999389648438,41.25,24.170000076293945,12.96500015258789,33.189998626708984,35.880001068115234,40.84000015258789,229.6999969482422,96.4800033569336,79.0999984741211,32.04999923706055,61.15999984741211,165.8000030517578,261.70001220703125,455.6000061035156,41.33000183105469,44.69413375854492,503.79998779296875,34.4900016784668,195.02000427246094,73.19999694824219,169.4199981689453,26.90999984741211,49.630001068115234,116.75,103.19999694824219,28.40999984741211,23.709999084472656,1130.5999755859375,29.780000686645508,153.4363555908203,54.959999084472656,471.1000061035156,850.5,32.4900016784668,9.704000473022461,4.454999923706055,63.459999084472656,60.15999984741211,6.593999862670898,14.79800033569336,211.6999969482422,380.3999938964844,2023.0,12.180000305175781,44.86000061035156,16.75,3.750499963760376,400.6499938964844,653.0,10.819999694824219,32.1150016784668,203.10000610351562,79.44000244140625,95.33000183105469,222.85000610351562,62.47999954223633,105.5999984741211,37.95500183105469,109.0999984741211,155.10000610351562
2024-08-01,83.72000122070312,113.2699966430664,196.30999755859375,110.36000061035156,278.8500061035156,90.25,57.20000076293945,60.9900016784668,130.74000549316406,275.9100036621094,190.5738983154297,105.12999725341797,45.59000015258789,112.72000122070312,356.1000061035156,103.51000213623047,147.9499969482422,284.17999267578125,101.87999725341797,137.02999877929688,201.27999877929688,158.30999755859375,72.47000122070312,106.5,101.55999755859375,186.02999877929688,253.17999267578125,105.38999938964844,508.2300109863281,67.52999877929688,301.7900085449219,123.41000366210938,117.94000244140625,422.8399963378906,34.13999938964844,115.0,20.239999771118164,299.3599853515625,143.25999450683594,32.54999923706055,253.17999267578125,202.1300048828125,114.68000030517578,165.86000061035156,21.950000762939453,144.66000366210938,478.25,248.5,80.02999877929688,288.6600036621094,88.58000183105469,80.51000213623047,256.55999755859375,151.91000366210938,88.69000244140625,172.8800048828125,129.72999572753906,171.5399932861328,62.11000061035156,554.4099731445312,485.56292724609375,369.3699951171875,102.36000061035156,77.97000122070312,106.04000091552734,153.6199951171875,984.9199829101562,77.2300033569336,313.6300048828125,232.0,138.82000732421875,280.8999938964844,45.849998474121094,27.864999771118164,130.75,83.81999969482422,67.22000122070312,13.380000114440918,46.43352127075195,34.65999984741211,14.748000144958496,202.89999389648438,39.20000076293945,25.709999084472656,12.8100004196167,33.369998931884766,34.86000061035156,42.400001525878906,256.29998779296875,95.66000366210938,82.76000213623047,33.0,62.34000015258789,175.85000610351562,270.0,489.29998779296875,40.66999816894531,44.89984893798828,542.0,32.630001068115234,197.72000122070312,69.0999984741211,169.9199981689453,26.049999237060547,52.58000183105469,119.05000305175781,96.18000030517578,31.18000030517578,23.440000534057617,1329.0,31.059999465942383,153.38182067871094,55.29999923706055,468.1000061035156,812.0,34.400001525878906,9.59000015258789,4.495999813079834,62.58000183105469,62.79999923706055,6.863999843597412,14.673999786376953,214.1999969482422,447.20001220703125,2169.0,12.819999694824219,48.97999954223633,16.393999099731445,3.7644999027252197,396.6000061035156,674.2999877929688,10.680000305175781,33.529998779296875,197.9499969482422,79.08000183105469,101.19999694824219,229.6999969482422,62.189998626708984,108.1500015258789,37.380001068115234,101.0,154.14999389648438
2024-09-01,89.83000183105469,114.01000213623047,197.47999572753906,111.80000305175781,297.739990234375,94.70999908447266,56.650001525878906,59.7400016784668,138.7100067138672,276.7300109863281,189.5440216064453,103.5999984741211,49.20000076293945,110.5199966430664,391.1199951171875,110.37000274658203,147.27000427246094,288.3900146484375,104.72000122070312,136.1199951171875,205.8800048828125,162.91000366210938,71.86000061035156,103.80999755859375,104.12999725341797,191.74000549316406,255.3300018310547,109.37000274658203,539.8200073242188,68.05000305175781,295.4200134277344,131.39999389648438,117.22000122070312,459.8500061035156,35.709999084472656,114.97000122070312,20.149999618530273,302.20001220703125,139.67999267578125,31.700000762939453,262.07000732421875,221.0800018310547,121.0999984741211,162.05999755859375,23.1299991607666,142.27999877929688,476.8599853515625,270.8500061035156,82.30000305175781,304.510009765625,90.02999877929688,84.52999877929688,262.6300048828125,150.33999633789062,97.79000091552734,170.0500030517578,132.4600067138672,173.1999969482422,63.41999816894531,556.4400024414062,488.7606506347656,381.6700134277344,110.12999725341797,78.05999755859375,108.93000030517578,155.86000061035156,1038.81005859375,80.75,300.1600036621094,237.89999389648438,131.22000122070312,295.0,47.55500030517578,30.325000762939453,135.14999389648438,79.18000030517578,66.9800033569336,16.524999618530273,44.198509216308594,33.630001068115234,15.498000144958496,210.6999969482422,40.029998779296875,26.389999389648438,13.354999542236328,34.22999954223633,38.189998626708984,43.959999084472656,256.1000061035156,97.5999984741211,84.4000015258789,31.459999084472656,58.040000915527344,158.0,280.0,494.29998779296875,41.08000183105469,43.817142486572266,486.3999938964844,32.68000030517578,204.39999389648438,77.25,181.33999633789062,33.06999969482422,53.86000061035156,124.0999984741211,95.16000366210938,32.72999954223633,29.6200008392334,1402.5999755859375,31.030000686645508,157.50909423828125,59.380001068115234,485.6000061035156,745.5999755859375,34.529998779296875,9.708000183105469,4.600500106811523,61.54999923706055,65.33999633789062,7.175000190734863,13.682000160217285,212.60000610351562,419.70001220703125,2206.0,13.890000343322754,53.13999938964844,16.27400016784668,3.8375000953674316,402.04998779296875,688.5,10.59000015258789,39.2599983215332,211.10000610351562,81.72000122070312,102.9000015258789,236.1999969482422,58.5,104.94999694824219,39.3650016784668,100.30000305175781,151.3000030517578
2024-10-01,75.0999984741211,113.37000274658203,203.8699951171875,104.79000091552734,310.5299987792969,94.7300033569336,55.650001525878906,55.209999084472656,138.77999877929688,289.239990234375,183.6399383544922,104.63999938964844,44.029998779296875,108.5199966430664,376.20001220703125,103.04000091552734,148.82000732421875,282.44000244140625,99.91000366210938,140.8300018310547,205.80999755859375,158.5500030517578,65.30999755859375,93.70999908447266,101.68000030517578,189.3300018310547,245.72999572753906,108.2699966430664,448.8399963378906,65.8499984741211,283.8599853515625,119.0,116.77999877929688,454.05999755859375,39.09000015258789,110.83999633789062,20.770000457763672,291.6099853515625,114.69999694824219,30.549999237060547,261.1300048828125,206.72000122070312,113.51000213623047,159.86000061035156,22.93000030517578,134.17999267578125,456.1499938964844,261.8299865722656,78.23999786376953,292.1099853515625,89.25,79.25,247.88999938964844,141.83999633789062,99.12000274658203,166.0800018310547,124.51000213623047,165.17999267578125,59.369998931884766,537.72998046875,454.45599365234375,358.7699890136719,92.94000244140625,74.94999694824219,109.86000061035156,150.0399932861328,1109.22998046875,81.94999694824219,307.92999267578125,219.39999389648438,140.16000366210938,289.3999938964844,44.64500045776367,24.795000076293945,124.0,72.31999969482422,59.84000015258789,16.329999923706055,43.52952575683594,38.0099983215332,15.62399959564209,213.6999969482422,36.93000030517578,27.81999969482422,12.414999961853027,33.52000045776367,35.90999984741211,45.279998779296875,241.5,101.19999694824219,79.58000183105469,29.024999618530273,55.70000076293945,152.0,300.70001220703125,470.20001220703125,38.130001068115234,42.27969741821289,473.20001220703125,29.770000457763672,214.8000030517578,79.1500015258789,178.39999389648438,37.529998779296875,47.970001220703125,110.5999984741211,88.94000244140625,30.15999984741211,27.6200008392334,1406.4000244140625,30.309999465942383,149.69090270996094,54.97999954223633,541.5999755859375,621.2000122070312,34.52000045776367,9.149999618530273,4.492000102996826,62.75,65.69999694824219,6.96999979019165,14.01200008392334,215.39999389648438,439.79998779296875,2074.0,13.645000457763672,52.29999923706055,15.673999786376953,3.937000036239624,344.25,609.7999877929688,10.765000343322754,38.744998931884766,207.8000030517578,82.9800033569336,97.11000061035156,237.1999969482422,57.400001525878906,102.69999694824219,40.68000030517578,91.5,154.6999969482422
2024-11-01,74.48999786376953,118.7699966430664,182.92999267578125,114.0,334.3299865722656,107.69999694824219,53.20000076293945,54.599998474121094,151.32000732421875,306.92999267578125,174.44969177246094,113.0999984741211,42.08000183105469,122.23999786376953,406.1099853515625,105.58000183105469,161.92999267578125,288.7300109863281,110.12999725341797,159.8300018310547,225.7899932861328,167.1699981689453,64.08000183105469,96.62999725341797,100.58999633789062,205.89999389648438,248.77000427246094,132.60000610351562,440.55999755859375,64.48999786376953,310.4599914550781,121.63999938964844,117.95999908447266,490.6700134277344,41.779998779296875,116.6500015258789,22.760000228881836,284.010009765625,126.7300033569336,32.43000030517578,277.5199890136719,227.41000366210938,117.79000091552734,155.00999450683594,24.079999923706055,139.35000610351562,460.989990234375,272.42999267578125,78.41000366210938,296.010009765625,86.54000091552734,78.66999816894531,260.989990234375,154.69000244140625,108.98999786376953,163.4499969482422,124.37000274658203,179.25999450683594,57.88999938964844,566.4400024414062,494.3330078125,397.3999938964844,89.44999694824219,77.11000061035156,123.83999633789062,132.30999755859375,1205.3399658203125,92.5,325.67999267578125,223.10000610351562,147.55999755859375,292.20001220703125,42.41999816894531,19.38800048828125,122.6500015258789,70.0199966430664,61.0,14.524999618530273,47.1633186340332,35.79999923706055,16.073999404907227,221.5,34.77000045776367,30.280000686645508,12.1850004196167,33.27000045776367,41.599998474121094,47.31999969482422,247.10000610351562,119.4000015258789,80.76000213623047,30.815000534057617,52.959999084472656,141.60000610351562,322.20001220703125,494.29998779296875,34.619998931884766,44.80781936645508,622.4000244140625,31.8700008392334,224.89999389648438,85.05000305175781,183.16000366210938,51.02000045776367,51.31999969482422,104.5,80.72000122070312,31.399999618530273,29.420000076293945,1378.4000244140625,32.650001525878906,142.9818115234375,50.939998626708984,586.4000244140625,658.4000244140625,32.97999954223633,8.935999870300293,4.375500202178955,56.63999938964844,64.66000366210938,6.809999942779541,13.406000137329102,229.8000030517578,411.70001220703125,2065.0,13.489999771118164,52.18000030517578,14.657999992370605,3.627000093460083,328.6499938964844,592.5,10.704999923706055,38.54999923706055,220.5,86.33999633789062,92.08999633789062,243.5,54.970001220703125,99.86000061035156,36.3849983215332,83.4000015258789,157.9499969482422
2024-12-01,68.20999908447266,113.11000061035156,177.6999969482422,103.44000244140625,290.0400085449219,86.08000183105469,47.04999923706055,50.52000045776367,139.27000427246094,292.7300109863281,178.35691833496094,102.0199966430664,37.97999954223633,118.2699966430664,362.760009765625,103.31999969482422,144.83999633789062,276.29998779296875,104.70999908447266,143.6999969482422,182.6999969482422,162.41000366210938,62.2599983215332,90.91000366210938,89.2300033569336,187.60000610351562,234.32000732421875,123.93000030517578,412.2300109863281,57.43000030517578,285.44000244140625,110.7699966430664,107.56999969482422,480.2799987792969,35.95500183105469,111.94999694824219,20.290000915527344,263.489990234375,116.76000213623047,31.3700008392334,253.55999755859375,219.8300018310547,110.12000274658203,144.6199951171875,21.350000381469727,131.0399932861328,418.6700134277344,246.8000030517578,76.23999786376953,289.8900146484375,79.87999725341797,71.69000244140625,209.24000549316406,116.70999908447266,100.63999938964844,152.05999755859375,119.44999694824219,167.64999389648438,53.40999984741211,519.8499755859375,471.1731262207031,339.92999267578125,80.29000091552734,76.45999908447266,113.08999633789062,135.17999267578125,1054.050048828125,90.3499984741211,327.55999755859375,236.8000030517578,154.77999877929688,295.8999938964844,42.459999084472656,19.31399917602539,124.0,78.9800033569336,57.880001068115234,15.725000381469727,49.27669906616211,36.849998474121094,16.639999389648438,222.39999389648438,33.91999816894531,28.889999389648438,11.244999885559082,33.540000915527344,44.15999984741211,47.81999969482422,241.39999389648438,119.30000305175781,84.69999694824219,31.399999618530273,53.79999923706055,139.89999389648438,322.0,487.1000061035156,36.349998474121094,46.60511016845703,614.5999755859375,28.829999923706055,236.3000030517578,85.0999984741211,188.55999755859375,50.380001068115234,51.20000076293945,102.6500015258789,89.04000091552734,29.31999969482422,32.38999938964844,1437.0,31.489999771118164,142.654541015625,48.25,600.0,678.7000122070312,34.31999969482422,9.45199966430664,4.4644999504089355,59.220001220703125,65.12000274658203,6.886000156402588,13.09000015258789,235.60000610351562,412.3999938964844,2322.0,13.300000190734863,49.63999938964844,15.130000114440918,3.86299991607666,341.8500061035156,635.5,10.5,38.349998474121094,212.10000610351562,85.69999694824219,93.73999786376953,240.89999389648438,53.369998931884766,99.73999786376953,38.525001525878906,92.1500015258789,160.39999389648438
2025-01-01,67.30000305175781,127.93000030517578,183.89999389648438,107.37999725341797,335.260009765625,84.19000244140625,48.599998474121094,51.22999954223633,142.50999450683594,303.010009765625,194.65408325195312,104.66000366210938,33.0099983215332,123.66000366210938,371.44000244140625,99.48999786376953,149.19000244140625,271.8800048828125,105.5199966430664,137.0500030517578,200.57000732421875,158.67999267578125,63.47999954223633,86.69999694824219,93.73999786376953,203.67999267578125,250.19000244140625,129.9499969482422,402.95001220703125,57.68000030517578,284.57000732421875,113.58000183105469,106.83000183105469,474.4100036621094,36.619998931884766,108.62999725341797,22.239999771118164,256.9800109863281,116.25,29.979999542236328,259.1600036621094,255.6999969482422,106.88999938964844,152.14999389648438,21.290000915527344,129.97000122070312,446.1199951171875,260.0400085449219,77.2300033569336,288.70001220703125,90.81999969482422,71.55999755859375,220.22000122070312,128.42999267578125,103.68000030517578,150.69000244140625,115.37999725341797,165.99000549316406,54.63999938964844,575.6500244140625,493.2923278808594,358.1600036621094,88.06999969482422,72.91999816894531,116.91999816894531,137.91000366210938,1062.6700439453125,98.16000366210938,341.54998779296875,254.89999389648438,167.1199951171875,314.3999938964844,46.61000061035156,21.639999389648438,128.9499969482422,78.5999984741211,60.779998779296875,18.68000030517578,52.28712463378906,42.650001525878906,18.940000534057617,238.39999389648438,34.810001373291016,32.349998474121094,11.420000076293945,36.970001220703125,48.040000915527344,51.04999923706055,254.3000030517578,136.4499969482422,84.22000122070312,32.05500030517578,58.91999816894531,146.39999389648438,330.70001220703125,522.4000244140625,38.20000076293945,45.15262985229492,755.4000244140625,29.8799991607666,268.5,93.75,207.4499969482422,57.84000015258789,54.959999084472656,98.72000122070312,98.63999938964844,29.59000015258789,36.13999938964844,1570.0,34.15999984741211,153.27272033691406,47.689998626708984,643.0,722.7000122070312,36.650001525878906,11.050000190734863,4.964000225067139,65.72000122070312,67.4800033569336,6.86899995803833,13.699999809265137,265.70001220703125,416.6000061035156,2724.0,13.640000343322754,52.720001220703125,16.06399917602539,4.192999839782715,358.5,703.5,11.479999542236328,36.97999954223633,239.89999389648438,90.58000183105469,104.4000015258789,245.35000610351562,56.38999938964844,104.5,44.41999816894531,101.4000015258789,175.75
2025-02-01,66.4800033569336,138.00999450683594,209.02999877929688,109.47000122070312,316.1499938964844,77.02999877929688,50.599998474121094,47.20000076293945,152.1300048828125,315.17999267578125,177.30345153808594,118.54000091552734,33.11000061035156,129.47999572753906,343.95001220703125,101.62000274658203,158.6199951171875,285.4800109863281,111.19999694824219,147.80999755859375,207.5,156.38999938964844,71.20999908447266,91.16999816894531,101.5199966430664,198.77000427246094,269.010009765625,121.61000061035156,428.07000732421875,63.0099983215332,311.57000732421875,117.36000061035156,111.33000183105469,461.739990234375,37.8650016784668,105.41999816894531,20.25,252.60000610351562,124.87999725341797,28.6299991607666,263.9800109863281,252.44000244140625,110.52999877929688,165.02000427246094,23.600000381469727,142.00999450683594,467.04998779296875,248.63999938964844,82.61000061035156,308.3299865722656,92.0199966430664,70.16999816894531,210.2899932861328,137.47000122070312,94.19999694824219,153.47000122070312,113.22000122070312,173.83999633789062,57.029998779296875,584.5,504.9574279785156,362.2699890136719,86.52999877929688,75.54000091552734,105.72000122070312,124.23999786376953,1021.2100219726562,98.61000061035156,232.33999633789062,246.1999969482422,165.6999969482422,330.29998779296875,49.209999084472656,22.709999084472656,132.25,83.9000015258789,63.81999969482422,20.610000610351562,52.56079864501953,42.11000061035156,20.725000381469727,251.1999969482422,37.689998626708984,34.75,12.305000305175781,38.459999084472656,46.400001525878906,55.70000076293945,256.29998779296875,145.1999969482422,83.18000030517578,35.5099983215332,59.77000045776367,136.0500030517578,334.0,546.5999755859375,37.56999969482422,38.7684211730957,1006.5,30.31999969482422,265.29998779296875,94.3499984741211,221.1999969482422,54.939998626708984,53.7599983215332,97.12000274658203,104.0999984741211,29.950000762939453,34.75,1741.199951171875,33.970001220703125,160.56362915039062,57.63999938964844,597.2000122070312,678.5999755859375,37.439998626708984,12.824999809265137,6.2220001220703125,72.86000061035156,68.86000061035156,7.059000015258789,13.854000091552734,286.8999938964844,450.0,2737.0,13.949999809265137,52.0,17.143999099731445,4.732999801635742,353.0,694.9000244140625,12.654999732971191,41.9900016784668,250.10000610351562,96.72000122070312,104.36000061035156,233.9499969482422,57.779998779296875,111.0999984741211,50.61000061035156,107.0999984741211,147.60000610351562
2025-03-01,65.36000061035156,132.64999389648438,209.52000427246094,111.19000244140625,294.9200134277344,72.0199966430664,48.5,48.0099983215332,154.5800018310547,305.5299987792969,180.07861328125,124.4000015258789,33.939998626708984,137.77000427246094,329.79998779296875,102.4000015258789,167.2899932861328,301.989990234375,110.08999633789062,147.72000122070312,205.52999877929688,147.25,71.62000274658203,93.69999694824219,110.58999633789062,175.67999267578125,253.52000427246094,109.63999938964844,419.04998779296875,62.11000061035156,306.57000732421875,120.25,118.93000030517578,454.6400146484375,38.775001525878906,97.81999969482422,19.25,272.5799865722656,119.13999938964844,30.940000534057617,248.00999450683594,248.66000366210938,118.41000366210938,165.83999633789062,23.979999542236328,142.22000122070312,465.6400146484375,233.22999572753906,82.30999755859375,312.3699951171875,89.86000061035156,70.88999938964844,201.72000122070312,120.33999633789062,87.4800033569336,149.94000244140625,109.3499984741211,170.4199981689453,58.0099983215332,589.5800170898438,480.7001037597656,349.19000244140625,76.87999725341797,75.04000091552734,91.87000274658203,104.36000061035156,987.8300170898438,87.79000091552734,223.8800048828125,216.6999969482422,162.77999877929688,352.1000061035156,45.89500045776367,22.06999969482422,119.4000015258789,73.68000030517578,59.599998474121094,20.969999313354492,49.079044342041016,37.119998931884766,21.81999969482422,272.1000061035156,39.47999954223633,34.220001220703125,13.960000038146973,39.369998931884766,45.63999938964844,55.900001525878906,274.70001220703125,157.5500030517578,73.4800033569336,30.395000457763672,54.189998626708984,126.5999984741211,320.29998779296875,582.4000244140625,34.560001373291016,38.605262756347656,1319.0,33.02000045776367,244.39999389648438,96.4000015258789,211.89999389648438,53.84000015258789,49.61000061035156,95.69999694824219,93.55999755859375,24.959999084472656,31.760000228881836,1406.0,34.560001373291016,159.2181854248047,56.91999816894531,540.5999755859375,606.0,39.400001525878906,12.545000076293945,6.196000099182129,76.91000366210938,70.83999633789062,7.497000217437744,14.29800033569336,265.3999938964844,392.20001220703125,2411.0,14.9399995803833,45.849998474121094,17.989999771118164,4.734000205993652,342.8500061035156,571.7000122070312,11.770000457763672,42.57500076293945,242.0,91.69999694824219,101.91999816894531,210.75,59.65999984741211,116.30000305175781,51.529998779296875,95.80000305175781,143.5500030517578
2025-04-01,67.86000061035156,130.75,195.10000610351562,108.68000030517578,271.0899963378906,58.54999923706055,46.0,47.75,160.6300048828125,300.6000061035156,162.80661010742188,110.5999984741211,34.84000015258789,141.2899932861328,309.2699890136719,89.22000122070312,136.05999755859375,286.0799865722656,99.33999633789062,139.2100067138672,211.67999267578125,142.3000030517578,72.55000305175781,92.19000244140625,112.75,170.64999389648438,251.42999267578125,105.11000061035156,358.6199951171875,59.47999954223633,279.1499938964844,109.91000366210938,105.62999725341797,432.2200012207031,40.48500061035156,94.0199966430664,18.760000228881836,272.1199951171875,117.55000305175781,29.899999618530273,239.91000366210938,241.82000732421875,116.2699966430664,156.30999755859375,23.600000381469727,131.77999877929688,453.2300109863281,223.55999755859375,76.66000366210938,319.6499938964844,84.76000213623047,66.87999725341797,189.57000732421875,119.37000274658203,90.7300033569336,135.5800018310547,108.86000061035156,162.57000732421875,57.86000061035156,560.0800170898438,473.0841979980469,352.9200134277344,60.02000045776367,71.4000015258789,88.55000305175781,96.69999694824219,1024.31005859375,97.25,211.2899932861328,201.6999969482422,147.13999938964844,364.1000061035156,44.630001068115234,23.030000686645508,124.0,74.30000305175781,58.58000183105469,23.219999313354492,52.02865219116211,35.15999984741211,22.979999542236328,283.5,37.5099983215332,31.600000381469727,15.414999961853027,41.79999923706055,44.5099983215332,57.29999923706055,282.3999938964844,174.25,68.4000015258789,28.889999389648438,52.470001220703125,121.9000015258789,303.8999938964844,601.5999755859375,36.16999816894531,39.742103576660156,1499.0,34.20000076293945,255.3000030517578,104.69999694824219,201.9499969482422,67.54000091552734,47.380001068115234,101.55000305175781,95.44000244140625,29.239999771118164,31.969999313354492,1417.800048828125,36.13999938964844,164.14544677734375,57.599998474121094,568.0,582.5,41.56999969482422,12.0600004196167,6.182000160217285,74.29000091552734,75.95999908447266,7.644000053405762,12.699999809265137,252.6999969482422,401.6000061035156,2391.0,15.895000457763672,47.2400016784668,17.013999938964844,4.682000160217285,387.0,487.8999938964844,12.175000190734863,40.92499923706055,233.0,95.5,95.9000015258789,204.1999969482422,51.15999984741211,122.5999984741211,50.970001220703125,97.8499984741211,155.4499969482422
2025-05-01,64.30999755859375,133.5800018310547,186.11000061035156,103.54000091552734,278.9100036621094,55.7599983215332,45.54999923706055,48.27000045776367,154.67999267578125,325.5299987792969,135.6839599609375,112.9000015258789,33.34000015258789,154.44000244140625,348.0299987792969,95.97000122070312,136.6999969482422,297.20001220703125,98.30999755859375,150.82000732421875,226.5,131.8800048828125,72.0999984741211,92.94000244140625,104.48999786376953,177.75,265.6199951171875,119.37999725341797,358.510009765625,64.80999755859375,283.8999938964844,112.7300033569336,102.30000305175781,458.260009765625,41.34000015258789,95.4800033569336,21.639999389648438,278.489990234375,126.5199966430664,30.68000030517578,245.0800018310547,259.05999755859375,112.61000061035156,155.2100067138672,23.8700008392334,143.75999450683594,467.5799865722656,225.72999572753906,72.7300033569336,313.8500061035156,82.9800033569336,70.63999938964844,211.99000549316406,109.36000061035156,99.18000030517578,131.4499969482422,110.80000305175781,169.88999938964844,56.619998931884766,570.27001953125,485.2033996582031,358.80999755859375,65.43000030517578,73.0,93.58999633789062,94.01000213623047,1087.56005859375,98.72000122070312,210.85000610351562,219.5,162.0800018310547,348.70001220703125,42.400001525878906,24.735000610351562,120.6500015258789,78.0999984741211,59.63999938964844,26.790000915527344,58.76409912109375,38.209999084472656,24.360000610351562,283.5,39.369998931884766,33.279998779296875,15.430000305175781,43.18000030517578,50.02000045776367,58.900001525878906,278.3999938964844,172.4499969482422,70.4800033569336,34.275001525878906,52.59000015258789,115.5,350.5,571.4000244140625,35.099998474121094,41.842105865478516,1885.0,33.130001068115234,265.8999938964844,119.9000015258789,211.8000030517578,85.5,46.58000183105469,105.05000305175781,95.36000061035156,28.829999923706055,31.450000762939453,1689.5999755859375,37.18000030517578,165.81817626953125,62.040000915527344,506.3999938964844,653.9000244140625,41.5099983215332,13.210000038146973,7.031000137329102,77.13999938964844,75.23999786376953,8.085000038146973,12.972000122070312,244.6999969482422,421.3999938964844,2428.0,16.079999923706055,47.720001220703125,18.68000030517578,4.909999847412109,372.3999938964844,478.25,12.765000343322754,45.20000076293945,261.3999938964844,98.83999633789062,87.5199966430664,221.35000610351562,51.65999984741211,125.8499984741211,56.560001373291016,97.0,156.3000030517578
2025-06-01,65.56999969482422,136.00999450683594,185.6199951171875,105.45999908447266,282.05999755859375,62.66999816894531,45.95000076293945,52.779998779296875,154.11000061035156,308.3999938964844,135.4166717529297,110.87000274658203,26.90999984741211,168.0,388.2099914550781,95.94999694824219,143.19000244140625,289.7200012207031,96.11000061035156,148.9199981689453,222.8699951171875,120.06999969482422,70.75,90.9000015258789,100.3499984741211,183.22999572753906,269.44000244140625,133.3300018310547,346.7900085449219,63.619998931884766,283.3999938964844,114.25,107.80000305175781,447.2799987792969,42.0,94.98999786376953,23.850000381469727,291.6600036621094,121.30999755859375,30.25,247.25,294.7799987792969,98.19999694824219,152.75,20.93000030517578,128.9199981689453,469.17999267578125,221.8699951171875,75.81999969482422,292.1700134277344,87.16999816894531,69.41999816894531,214.3699951171875,129.5399932861328,102.66000366210938,132.0399932861328,113.75,159.32000732421875,57.61000061035156,566.8400268554688,498.8552551269531,343.3599853515625,67.75,75.73999786376953,96.5,98.6500015258789,1040.239990234375,97.77999877929688,218.8000030517578,197.9499969482422,177.25999450683594,344.1000061035156,41.86000061035156,25.53499984741211,106.5999984741211,75.45999908447266,56.20000076293945,26.780000686645508,56.3314323425293,40.16999816894531,25.170000076293945,276.8999938964844,39.790000915527344,30.969999313354492,15.625,42.68000030517578,48.650001525878906,59.400001525878906,267.20001220703125,199.4499969482422,66.66000366210938,36.1150016784668,49.689998626708984,110.0,377.20001220703125,550.5999755859375,33.689998626708984,43.036842346191406,1797.0,35.43000030517578,258.1499938964844,117.0999984741211,217.64999389648438,98.05999755859375,47.060001373291016,89.13999938964844,89.62000274658203,29.90999984741211,27.950000762939453,1558.4000244140625,35.5,159.2181854248047,58.2400016784668,469.79998779296875,677.5999755859375,41.66999816894531,13.055000305175781,7.0269999504089355,76.31999969482422,69.36000061035156,8.055999755859375,13.760000228881836,232.89999389648438,416.1000061035156,2299.0,16.290000915527344,44.18000030517578,18.625999450683594,4.891499996185303,363.1000061035156,444.6000061035156,12.609999656677246,47.470001220703125,275.8999938964844,99.63999938964844,82.20999908447266,225.8000030517578,52.099998474121094,125.0999984741211,56.90999984741211,91.69999694824219,141.9499969482422
2025-07-01,70.79000091552734,126.19000244140625,189.02000427246094,99.36000061035156,287.8800048828125,67.8499984741211,46.75,54.18000030517578,155.9199981689453,309.5,140.13365173339844,91.37000274658203,28.850000381469727,155.22000122070312,438.0199890136719,115.31999969482422,151.63999938964844,266.0400085449219,93.7699966430664,147.50999450683594,222.5500030517578,125.55999755859375,67.88999938964844,83.8499984741211,103.5,181.13999938964844,261.760009765625,145.50999450683594,356.239990234375,66.0999984741211,260.17999267578125,116.23999786376953,111.63999938964844,402.8999938964844,46.130001068115234,92.16000366210938,24.0,311.6099853515625,128.8800048828125,28.09000015258789,255.97000122070312,253.14999389648438,107.33999633789062,164.74000549316406,21.440000534057617,124.62000274658203,460.260009765625,223.57000732421875,70.62999725341797,300.07000732421875,90.23999786376953,71.05999755859375,214.2100067138672,143.07000732421875,102.19999694824219,137.9199981689453,105.5,150.47000122070312,56.130001068115234,550.4000244140625,521.3812866210938,330.8800048828125,67.6500015258789,79.5999984741211,101.44999694824219,100.5,1039.5400390625,97.9800033569336,239.25999450683594,168.0500030517578,176.0399932861328,347.20001220703125,43.15999984741211,27.350000381469727,109.0,83.87999725341797,54.540000915527344,32.040000915527344,57.167659759521484,42.83000183105469,28.985000610351562,254.10000610351562,39.45000076293945,31.479999542236328,15.954999923706055,41.97999954223633,44.47999954223633,63.099998474121094,266.3999938964844,202.5,67.58000183105469,34.6349983215332,50.099998474121094,110.30000305175781,378.20001220703125,575.5999755859375,35.33000183105469,46.105262756347656,1735.5,35.90999984741211,250.8000030517578,117.4000015258789,224.89999389648438,102.0,47.29999923706055,79.5,92.12000274658203,27.280000686645508,25.719999313354492,1510.5999755859375,34.599998474121094,157.09091186523438,51.400001525878906,594.4000244140625,613.0999755859375,42.68000030517578,14.640000343322754,7.535999774932861,80.05999755859375,71.87999725341797,7.732999801635742,14.90999984741211,260.6000061035156,385.29998779296875,2151.0,15.354999542236328,41.90999984741211,20.489999771118164,5.295000076293945,389.3500061035156,472.3500061035156,12.800000190734863,50.2400016784668,289.5,100.30000305175781,78.83999633789062,228.25,52.02000045776367,121.5999984741211,64.62999725341797,94.0999984741211,136.6999969482422
2025-08-01,71.29000091552734,132.66000366210938,210.39999389648438,106.86000061035156,294.1099853515625,84.91999816894531,43.150001525878906,62.63999938964844,166.1300048828125,304.04998779296875,151.71383666992188,96.94999694824219,29.940000534057617,148.77999877929688,419.0400085449219,128.6999969482422,160.60000610351562,275.07000732421875,93.16000366210938,153.60000610351562,210.02999877929688,118.19999694824219,68.98999786376953,84.06999969482422,98.2300033569336,178.86000061035156,277.0400085449219,132.0,354.3800048828125,64.06999969482422,270.2099914550781,120.54000091552734,114.29000091552734,373.32000732421875,49.65999984741211,100.55000305175781,25.65999984741211,324.57000732421875,139.3300018310547,25.440000534057617,264.6499938964844,243.49000549316406,110.51000213623047,177.1699981689453,20.709999084472656,129.13999938964844,478.2900085449219,258.05999755859375,70.37000274658203,313.5400085449219,92.80999755859375,72.05000305175781,225.08999633789062,148.72999572753906,107.52999877929688,148.64999389648438,111.2300033569336,157.0399932861328,58.7599983215332,526.3099975585938,518.8646850585938,365.8299865722656,74.29000091552734,80.47000122070312,107.62000274658203,95.9800033569336,1013.5,96.9800033569336,246.9499969482422,166.35000610351562,179.05999755859375,361.20001220703125,45.36000061035156,28.059999465942383,98.23999786376953,89.45999908447266,52.880001068115234,32.619998931884766,57.01561737060547,40.16999816894531,30.030000686645508,251.60000610351562,38.880001068115234,31.219999313354492,15.244999885559082,46.40999984741211,43.790000915527344,62.20000076293945,248.8000030517578,202.0,72.05999755859375,34.959999084472656,53.349998474121094,108.30000305175781,381.0,544.5999755859375,36.38999938964844,41.79999923706055,1689.5,34.2400016784668,231.6999969482422,110.69999694824219,236.60000610351562,90.72000122070312,47.310001373291016,82.77999877929688,99.58000183105469,27.6299991607666,23.799999237060547,1434.4000244140625,34.25,160.1999969482422,53.540000915527344,604.0,636.5999755859375,39.790000915527344,15.489999771118164,8.15999984741211,76.83000183105469,71.18000030517578,7.883999824523926,15.241999626159668,260.20001220703125,406.70001220703125,2091.0,16.075000762939453,42.20000076293945,20.360000610351562,5.375,397.8999938964844,504.1000061035156,13.039999961853027,52.810001373291016,284.8999938964844,92.19999694824219,84.48999786376953,210.0500030517578,53.5,115.9000015258789,66.04000091552734,102.19999694824219,107.5999984741211
2025-09-01,73.41000366210938,133.94000244140625,231.5399932861328,111.69999694824219,272.7200012207031,81.08000183105469,40.900001525878906,59.7400016784668,170.75,293.5,147.14622497558594,93.79000091552734,27.079999923706055,156.9600067138672,477.1499938964844,132.39999389648438,155.2899932861328,282.25,87.62999725341797,158.10000610351562,205.25999450683594,123.30000305175781,66.31999969482422,79.94000244140625,100.5199966430664,166.8300018310547,273.8599853515625,131.17999267578125,318.1600036621094,71.13999938964844,267.6600036621094,122.58999633789062,112.75,286.489990234375,49.040000915527344,101.30999755859375,23.1299991607666,341.0,138.60000610351562,24.739999771118164,260.760009765625,282.1600036621094,108.5999984741211,185.4199981689453,16.229999542236328,124.33999633789062,475.0,251.30999755859375,66.91000366210938,303.8900146484375,95.23999786376953,75.48999786376953,226.9499969482422,135.42999267578125,110.76000213623047,140.44000244140625,105.11000061035156,153.64999389648438,60.790000915527344,498.69000244140625,460.46356201171875,346.260009765625,74.33000183105469,82.33999633789062,102.63999938964844,89.69999694824219,952.9600219726562,103.05999755859375,262.3299865722656,179.39999389648438,197.39999389648438,357.3999938964844,42.38999938964844,28.229999542236328,89.0,85.44000244140625,50.900001525878906,32.09000015258789,56.119998931884766,35.02000045776367,29.950000762939453,228.10000610351562,38.02000045776367,29.010000228881836,16.014999389648438,47.400001525878906,44.65999984741211,62.849998474121094,256.6000061035156,191.5500030517578,68.69999694824219,33.20000076293945,53.470001220703125,109.44999694824219,390.8999938964844,543.4000244140625,33.45000076293945,39.67894744873047,1984.5,37.81999969482422,227.89999389648438,106.5999984741211,229.1999969482422,99.41999816894531,46.02000045776367,74.04000091552734,91.95999908447266,26.549999237060547,26.010000228881836,1365.0,34.45000076293945,160.7818145751953,50.79999923706055,617.2000122070312,828.0999755859375,40.63999938964844,16.34000015258789,8.87399959564209,77.33000183105469,74.16000366210938,8.065999984741211,14.866000175476074,276.0,411.6000061035156,2083.0,16.104999542236328,46.970001220703125,22.075000762939453,5.613999843597412,368.5,520.5,13.975000381469727,59.939998626708984,300.1000061035156,91.66000366210938,78.55000305175781,237.60000610351562,51.72999954223633,117.94999694824219,64.47000122070312,93.75,116.1500015258789
2025-10-01,65.98999786376953,123.62000274658203,218.0399932861328,107.19000244140625,242.58999633789062,98.2300033569336,39.5,60.529998779296875,171.72000122070312,260.29998779296875,140.4952850341797,79.73999786376953,27.229999542236328,190.77000427246094,577.260009765625,153.99000549316406,157.72000122070312,276.94000244140625,87.69000244140625,154.58999633789062,183.27000427246094,112.45999908447266,68.9000015258789,77.05000305175781,97.41000366210938,181.4600067138672,256.3999938964844,139.57000732421875,292.6400146484375,73.80999755859375,251.77000427246094,121.9000015258789,114.36000061035156,266.79998779296875,41.150001525878906,96.19000244140625,22.610000610351562,344.8999938964844,127.30999755859375,21.59000015258789,243.9199981689453,307.4100036621094,103.55000305175781,188.8699951171875,14.369999885559082,119.70999908447266,418.29998779296875,238.1300048828125,64.16000366210938,298.42999267578125,90.69999694824219,81.4000015258789,231.9499969482422,150.0500030517578,106.3499984741211,146.08999633789062,97.75,150.3699951171875,57.97999954223633,446.1499938964844,460.9366149902344,344.94000244140625,67.72000122070312,74.27999877929688,102.52999877929688,92.72000122070312,979.0,101.18000030517578,282.07000732421875,163.8000030517578,213.39999389648438,348.20001220703125,42.790000915527344,26.950000762939453,91.72000122070312,80.72000122070312,48.150001525878906,31.510000228881836,65.4800033569336,34.709999084472656,30.93000030517578,219.5,39.79999923706055,26.889999389648438,16.139999389648438,50.02000045776367,46.560001373291016,62.0,247.39999389648438,203.10000610351562,70.26000213623047,34.31999969482422,56.209999084472656,113.44999694824219,378.1000061035156,536.4000244140625,34.459999084472656,42.9052619934082,1701.5,42.65999984741211,224.4499969482422,100.19999694824219,245.5500030517578,107.30000305175781,48.56999969482422,71.77999877929688,90.22000122070312,26.049999237060547,24.260000228881836,1488.5999755859375,35.5099983215332,152.654541015625,52.900001525878906,705.5999755859375,918.0999755859375,37.630001068115234,17.434999465942383,8.826000213623047,67.05999755859375,76.68000030517578,8.772000312805176,15.944000244140625,317.29998779296875,346.5,2149.0,17.565000534057617,47.900001525878906,21.719999313354492,5.576000213623047,362.6499938964844,612.0999755859375,14.8149995803833,59.93000030517578,307.8999938964844,84.05999755859375,87.5999984741211,246.10000610351562,53.95000076293945,115.9000015258789,64.02999877929688,91.3499984741211,106.25
2025-11-01,65.9800033569336,128.89999389648438,227.6999969482422,110.30999755859375,261.04998779296875,129.99000549316406,42.599998474121094,60.7400016784668,176.3699951171875,255.3000030517578,152.5314483642578,80.43000030517578,28.979999542236328,212.25999450683594,575.760009765625,158.8699951171875,151.1300048828125,296.17999267578125,85.16000366210938,167.58999633789062,186.02000427246094,107.94000244140625,73.12000274658203,80.38999938964844,100.36000061035156,185.27999877929688,275.1600036621094,133.3800048828125,295.489990234375,67.18000030517578,263.6199951171875,146.89999389648438,115.91999816894531,277.2699890136719,40.400001525878906,98.7300033569336,22.59000015258789,341.6300048828125,130.39999389648438,23.209999084472656,249.27999877929688,308.5799865722656,104.18000030517578,206.9199981689453,17.350000381469727,109.12000274658203,410.32000732421875,242.47999572753906,67.4800033569336,311.82000732421875,105.33000183105469,86.29000091552734,237.66000366210938,159.49000549316406,105.23999786376953,148.74000549316406,100.04000091552734,148.16000366210938,57.61000061035156,446.2200012207031,471.92999267578125,343.69000244140625,71.5199966430664,76.19999694824219,102.37999725341797,90.62000274658203,948.6300048828125,110.51000213623047,277.25,160.39999389648438,204.4499969482422,372.29998779296875,44.900001525878906,30.485000610351562,92.66000366210938,88.04000091552734,49.45000076293945,33.880001068115234,64.54000091552734,36.470001220703125,30.610000610351562,230.5,44.83000183105469,27.760000228881836,15.350000381469727,47.33000183105469,41.25,58.400001525878906,259.3999938964844,221.3000030517578,69.58000183105469,36.33000183105469,58.15999984741211,116.0,352.29998779296875,544.0,37.130001068115234,43.28947448730469,1480.5,43.7400016784668,208.5500030517578,88.0999984741211,228.3000030517578,115.30000305175781,42.84000015258789,71.44000244140625,98.37999725341797,26.1200008392334,23.200000762939453,1340.5999755859375,35.650001525878906,150.1090850830078,53.02000045776367,782.4000244140625,903.4000244140625,38.900001525878906,18.565000534057617,9.243000030517578,73.69000244140625,77.0,8.907999992370605,16.131999969482422,308.70001220703125,337.79998779296875,2100.0,18.184999465942383,48.25,22.350000381469727,5.585999965667725,375.6000061035156,635.5,15.239999771118164,54.2599983215332,290.29998779296875,85.94000244140625,85.76000213623047,231.0,56.79999923706055,122.25,64.08999633789062,99.5,91.5999984741211
2025-12-01,66.87999725341797,125.29000091552734,228.49000549316406,110.2699966430664,247.02000427246094,141.44000244140625,41.70000076293945,57.4900016784668,167.6300048828125,257.2300109863281,152.5707550048828,79.69999694824219,26.059999465942383,205.5,572.8699951171875,160.75999450683594,152.41000366210938,312.1199951171875,83.8499984741211,163.32000732421875,188.07000732421875,100.83000183105469,69.91000366210938,79.0199966430664,99.31999969482422,195.24000549316406,262.5199890136719,132.72000122070312,286.6499938964844,67.33000183105469,261.67999267578125,149.00999450683594,120.33999633789062,290.19000244140625,40.130001068115234,100.80000305175781,23.889999389648438,336.6600036621094,122.95999908447266,23.700000762939453,246.3000030517578,296.2099914550781,97.80999755859375,206.9499969482422,17.25,100.88999938964844,426.3900146484375,241.16000366210938,68.11000061035156,305.6300048828125,96.05999755859375,80.27999877929688,240.42999267578125,163.11000061035156,104.13999938964844,143.52000427246094,102.45999908447266,143.30999755859375,56.369998931884766,445.1300048828125,494.40869140625,324.0299987792969,74.27999877929688,73.69000244140625,102.37999725341797,97.75,1009.0499877929688,111.41000366210938,275.1400146484375,169.0500030517578,198.39999389648438,390.5,44.43000030517578,37.0099983215332,93.68000030517578,93.13999938964844,49.560001373291016,36.099998474121094,67.95999908447266,37.31999969482422,33.11000061035156,223.6999969482422,46.72999954223633,27.65999984741211,16.125,48.97999954223633,40.7599983215332,57.79999923706055,266.20001220703125,223.0,69.58000183105469,37.72999954223633,60.06999969482422,122.5999984741211,355.29998779296875,562.2000122070312,39.91999816894531,40.900001525878906,1561.0,45.2599983215332,208.35000610351562,85.80000305175781,239.14999389648438,120.4000015258789,44.91999816894531,68.87999725341797,103.55000305175781,24.540000915527344,25.34000015258789,1375.0,34.869998931884766,145.69090270996094,54.900001525878906,716.7999877929688,921.4000244140625,40.959999084472656,20.049999237060547,10.069999694824219,80.79000091552734,76.77999877929688,8.876999855041504,16.139999389648438,269.8999938964844,318.70001220703125,2122.0,18.46500015258789,56.34000015258789,24.010000228881836,5.921000003814697,366.6000061035156,645.0,16.084999084472656,52.849998474121094,297.3999938964844,86.95999908447266,82.72000122070312,234.89999389648438,55.59000015258789,120.05000305175781,70.91999816894531,105.0999984741211,88.33999633789062
2026-01-01,73.48999786376953,109.30000305175781,223.00999450683594,110.94999694824219,272.5,170.6300048828125,44.25,67.30999755859375,166.33999633789062,246.82000732421875,159.9685516357422,72.0999984741211,27.3700008392334,214.8800048828125,657.3599853515625,194.9499969482422,176.89999389648438,309.55999755859375,96.25,160.88999938964844,191.38999938964844,112.79000091552734,74.80999755859375,90.29000091552734,106.62999725341797,201.49000549316406,281.989990234375,146.9600067138672,283.010009765625,69.12999725341797,251.8699951171875,160.5399932861328,141.39999389648438,254.36000061035156,43.36000061035156,101.16000366210938,26.6200008392334,351.0899963378906,138.99000549316406,24.610000610351562,261.260009765625,306.70001220703125,104.86000061035156,227.25,17.399999618530273,99.98999786376953,456.9700012207031,267.05999755859375,61.83000183105469,315.0,102.95999908447266,87.9000015258789,274.5299987792969,177.72000122070312,105.37000274658203,153.6300048828125,115.62999725341797,151.77000427246094,61.15999984741211,371.2300109863281,499.3282775878906,354.6400146484375,78.66000366210938,83.8499984741211,105.68000030517578,105.47000122070312,1079.93994140625,119.13999938964844,231.1199951171875,149.14999389648438,193.39999389648438,371.79998779296875,45.959999084472656,44.560001373291016,100.44999694824219,87.41999816894531,51.400001525878906,34.689998626708984,66.63999938964844,40.959999084472656,33.29999923706055,213.3000030517578,47.31999969482422,28.170000076293945,17.864999771118164,47.209999084472656,37.90999984741211,60.400001525878906,238.8000030517578,231.3000030517578,74.16000366210938,41.61000061035156,57.790000915527344,125.55000305175781,374.5,512.4000244140625,36.2400016784668,44.619998931884766,1781.5,53.52000045776367,170.55999755859375,84.05000305175781,256.29998779296875,144.5500030517578,42.16999816894531,71.05999755859375,102.6500015258789,24.610000610351562,24.34000015258789,1253.4000244140625,32.959999084472656,143.58181762695312,60.08000183105469,703.7999877929688,1215.5999755859375,38.43000030517578,21.450000762939453,10.779999732971191,91.19999694824219,65.83999633789062,9.307999610900879,17.22599983215332,257.8999938964844,280.79998779296875,2029.0,18.924999237060547,55.0,24.81999969482422,5.966000080108643,387.0,546.9000244140625,16.315000534057617,48.45500183105469,301.0,83.22000122070312,79.19999694824219,242.3000030517578,61.150001525878906,121.1500015258789,73.44999694824219,102.9000015258789,78.87999725341797
2026-02-01,78.0,116.3499984741211,232.0800018310547,112.93000030517578,275.6700134277344,178.6699981689453,48.43000030517578,69.04000091552734,186.7899932861328,214.36000061035156,176.47999572753906,71.81999969482422,28.860000610351562,229.22999572753906,742.8300170898438,185.25,186.75999450683594,340.8599853515625,104.86000061035156,163.97999572753906,201.1300048828125,127.16000366210938,81.55999755859375,99.13999938964844,112.5199966430664,225.5,308.3500061035156,150.75,269.44000244140625,76.20999908447266,255.11000061035156,145.02999877929688,152.5,216.80999755859375,46.040000915527344,108.7699966430664,26.540000915527344,357.04998779296875,119.26000213623047,25.600000381469727,290.6300048828125,240.2100067138672,115.94999694824219,248.42999267578125,19.1200008392334,111.44000244140625,508.0799865722656,264.57000732421875,71.04000091552734,341.05999755859375,97.66000366210938,93.7699966430664,293.44000244140625,176.8800048828125,99.19000244140625,169.74000549316406,123.2699966430664,167.1999969482422,67.0,349.7300109863281,418.05108642578125,362.5899963378906,86.48999786376953,91.16000366210938,94.62999725341797,113.79000091552734,1144.72998046875,127.94999694824219,254.33999633789062,158.1999969482422,184.24000549316406,382.20001220703125,48.70000076293945,42.0099983215332,107.6500015258789,89.45999908447266,52.29999923706055,34.650001525878906,73.12000274658203,43.029998779296875,30.295000076293945,232.39999389648438,50.099998474121094,34.09000015258789,19.68000030517578,50.900001525878906,39.45000076293945,65.9000015258789,257.79998779296875,189.5500030517578,83.18000030517578,45.82500076293945,59.0,128.3000030517578,365.3999938964844,555.5999755859375,36.029998779296875,41.959999084472656,1663.5,54.540000915527344,170.9600067138672,72.25,247.39999389648438,166.4499969482422,42.13999938964844,77.58000183105469,101.19999694824219,28.690000534057617,20.75,994.7999877929688,41.77000045776367,162.03636169433594,68.81999969482422,657.4000244140625,1233.4000244140625,41.459999084472656,19.75,10.789999961853027,95.5,72.63999938964844,10.194000244140625,19.6560001373291,225.1999969482422,321.3999938964844,2049.0,20.049999237060547,56.81999969482422,24.6299991607666,5.835000038146973,397.3999938964844,544.0999755859375,16.450000762939453,43.5099983215332,340.0,86.23999786376953,82.19999694824219,276.70001220703125,67.27999877929688,140.75,72.41000366210938,101.80000305175781,68.0999984741211
2026-03-01,65.94000244140625,102.66999816894531,217.49000549316406,109.70999908447266,290.489990234375,179.52999877929688,39.75,72.69000244140625,184.72000122070312,203.17999267578125,157.22999572753906,65.20999908447266,26.440000534057617,211.30999755859375,708.4600219726562,166.07000732421875,206.89999389648438,325.92999267578125,93.31999969482422,157.35000610351562,169.13999938964844,103.62999725341797,76.05000305175781,85.2300033569336,113.18000030517578,208.4499969482422,266.0199890136719,131.02000427246094,251.30999755859375,69.27999877929688,242.0,143.22999572753906,169.66000366210938,216.99000549316406,46.400001525878906,106.20999908447266,23.6200008392334,343.2200012207031,105.75,22.649999618530273,260.2900085449219,242.38999938964844,96.44000244140625,244.44000244140625,17.239999771118164,96.47000122070312,495.760009765625,236.27999877929688,50.439998626708984,310.7900085449219,86.6500015258789,92.87999725341797,266.05999755859375,169.10000610351562,87.11000061035156,155.2899932861328,106.87999725341797,144.44000244140625,61.18000030517578,353.8599853515625,402.40301513671875,320.54998779296875,71.05999755859375,71.33000183105469,90.13999938964844,121.19999694824219,1090.81005859375,124.27999877929688,250.63999938964844,136.64999389648438,160.82000732421875,359.29998779296875,52.400001525878906,39.3849983215332,76.58000183105469,78.0,57.279998779296875,30.790000915527344,59.599998474121094,41.470001220703125,25.114999771118164,251.10000610351562,44.75,31.950000762939453,18.959999084472656,44.31999969482422,38.56999969482422,61.20000076293945,267.79998779296875,178.35000610351562,66.30000305175781,38.0,52.38999938964844,107.5999984741211,310.0,539.4000244140625,31.059999465942383,34.744998931884766,1444.5,57.68000030517578,146.89999389648438,66.0,205.6999969482422,142.25,36.29999923706055,73.23999786376953,86.4000015258789,21.559999465942383,20.549999237060547,850.5999755859375,40.290000915527344,161.74545288085938,59.720001220703125,620.7999877929688,1119.199951171875,39.2400016784668,18.25,9.489999771118164,80.98999786376953,69.04000091552734,9.375,24.850000381469727,198.39999389648438,289.0,1609.0,19.7450008392334,49.2400016784668,22.104999542236328,5.160999774932861,349.3500061035156,463.1000061035156,14.675000190734863,38.97999954223633,279.3999938964844,70.05999755859375,82.72000122070312,229.10000610351562,80.91000366210938,128.35000610351562,60.86000061035156,88.44999694824219,64.62000274658203
2026-04-01,61.84000015258789,90.79000091552734,211.32000732421875,113.66999816894531,300.04998779296875,196.6999969482422,38.040000915527344,74.54000091552734,189.97999572753906,211.94000244140625,149.0399932861328,60.150001525878906,25.770000457763672,192.8800048828125,890.1099853515625,181.80999755859375,193.30999755859375,327.0,97.05999755859375,163.60000610351562,174.7100067138672,96.44000244140625,78.76000213623047,85.36000061035156,111.48999786376953,226.41000366210938,260.6000061035156,140.44000244140625,218.92999267578125,70.69999694824219,263.2099914550781,147.88999938964844,154.3300018310547,227.5800018310547,44.93000030517578,110.9000015258789,29.969999313354492,344.29998779296875,107.2300033569336,21.469999313354492,258.010009765625,230.97999572753906,98.02999877929688,229.85000610351562,17.530000686645508,98.43000030517578,501.1400146484375,238.7899932861328,50.84000015258789,293.5899963378906,80.97000122070312,97.87999725341797,288.45001220703125,225.2899932861328,80.70999908447266,158.49000549316406,108.5,147.08999633789062,64.23999786376953,354.80999755859375,407.97540283203125,321.6099853515625,78.16000366210938,74.70999908447266,102.87999725341797,129.75,1161.3499755859375,131.92999267578125,297.5899963378906,147.39999389648438,174.8800048828125,389.0,54.7400016784668,38.04999923706055,70.58000183105469,77.91999816894531,62.08000183105469,35.209999084472656,64.18000030517578,42.939998626708984,26.5,261.6000061035156,50.380001068115234,27.56999969482422,18.889999389648438,41.25,38.61000061035156,58.349998474121094,257.6000061035156,188.35000610351562,62.099998474121094,57.130001068115234,49.584999084472656,110.05000305175781,291.29998779296875,510.79998779296875,30.979999542236328,29.03499984741211,1355.800048828125,61.97999954223633,145.5,71.0,252.5500030517578,180.5800018310547,34.880001068115234,75.23999786376953,86.22000122070312,22.90999984741211,21.030000686645508,958.5,40.02000045776367,166.4363555908203,64.4000015258789,668.0,1222.4000244140625,40.939998626708984,18.809999465942383,10.380000114440918,89.2300033569336,66.73999786376953,9.923999786376953,24.0,181.25,293.3500061035156,1623.5,19.950000762939453,50.58000183105469,24.7549991607666,5.775000095367432,366.04998779296875,451.3999938964844,15.989999771118164,41.06999969482422,273.0,77.63999938964844,79.81999969482422,268.6000061035156,79.29000091552734,128.5,65.62000274658203,87.94999694824219,66.41999816894531
2026-05-01,56.720001220703125,85.5999984741211,217.72000122070312,112.41999816894531,278.6199951171875,176.4199981689453,38.81999969482422,79.77999877929688,169.1300048828125,221.83999633789062,147.1199951171875,56.25,25.719999313354492,196.8000030517578,875.8699951171875,178.64999389648438,182.4600067138672,311.7300109863281,95.62999725341797,157.4199981689453,171.25999450683594,90.0199966430664,79.01000213623047,90.12999725341797,105.62999725341797,211.36000061035156,256.0,143.82000732421875,213.07000732421875,68.2699966430664,272.6400146484375,157.99000549316406,145.25999450683594,245.47000122070312,44.20000076293945,119.62999725341797,31.020000457763672,346.82000732421875,98.69999694824219,23.229999542236328,247.27999877929688,297.79998779296875,103.19999694824219,225.3300018310547,17.280000686645508,97.5999984741211,497.69000244140625,214.36000061035156,47.369998931884766,279.20001220703125,73.80999755859375,87.01000213623047,287.3299865722656,250.0,70.83999633789062,144.19000244140625,112.9800033569336,143.55999755859375,61.279998779296875,325.5299987792969,401.1352844238281,303.8399963378906,79.41999816894531,75.80999755859375,104.52999877929688,127.06999969482422,1234.239990234375,115.75,322.80999755859375,166.60000610351562,179.6999969482422,381.6000061035156,50.81999969482422,36.529998779296875,69.18000030517578,74.76000213623047,56.540000915527344,37.060001373291016,71.36000061035156,42.150001525878906,27.860000610351562,247.60000610351562,51.20000076293945,28.860000610351562,18.200000762939453,36.27000045776367,37.189998626708984,55.45000076293945,232.39999389648438,190.8000030517578,66.68000030517578,81.11000061035156,52.189998626708984,130.85000610351562,313.29998779296875,452.29998779296875,32.70000076293945,31.645000457763672,1293.4000244140625,54.560001373291016,155.25999450683594,72.25,269.79998779296875,163.24000549316406,34.91999816894531,79.0999984741211,91.81999969482422,21.43000030517578,23.290000915527344,939.2999877929688,36.16999816894531,161.8909149169922,69.0,715.5999755859375,1384.800048828125,39.72999954223633,20.110000610351562,10.727999687194824,92.94999694824219,60.939998626708984,9.625,22.530000686645508,175.14999389648438,295.20001220703125,1620.0,19.5,53.29999923706055,26.700000762939453,5.807000160217285,382.54998779296875,473.04998779296875,16.55500030517578,39.02000045776367,305.70001220703125,78.26000213623047,75.29000091552734,269.95001220703125,75.18000030517578,125.05000305175781,74.23999786376953,93.8499984741211,61.02000045776367
2026-06-01,62.720001220703125,90.73999786376953,251.63999938964844,117.25,293.17999267578125,135.02999877929688,43.349998474121094,76.4000015258789,172.27000427246094,223.9499969482422,151.3300018310547,64.1500015258789,26.649999618530273,237.55999755859375,1064.9000244140625,188.33999633789062,165.75999450683594,340.739990234375,96.87999725341797,185.13999938964844,170.0800018310547,95.44000244140625,81.2699966430664,91.68000030517578,110.62999725341797,224.27999877929688,278.6099853515625,143.14999389648438,239.75,72.2699966430664,291.5899963378906,162.97999572753906,136.72000122070312,230.0800018310547,48.029998779296875,123.44000244140625,33.27000045776367,354.239990234375,117.9800033569336,24.81999969482422,270.4700012207031,281.2099914550781,112.5,253.97000122070312,19.110000610351562,109.7699966430664,518.9400024414062,220.49000549316406,50.41999816894531,270.30999755859375,78.2300033569336,87.7699966430664,301.69000244140625,222.75,76.66000366210938,135.39999389648438,121.29000091552734,146.63999938964844,61.959999084472656,338.3900146484375,385.2980041503906,344.32000732421875,94.12000274658203,83.58000183105469,113.69000244140625,130.61000061035156,1360.4000244140625,113.26000213623047,359.0,179.39999389648438,194.5399932861328,414.1000061035156,46.779998779296875,48.40999984741211,75.33999633789062,57.2599983215332,53.18000030517578,37.22999954223633,72.16000366210938,42.20000076293945,29.625,238.8000030517578,53.099998474121094,23.850000381469727,18.024999618530273,39.970001220703125,39.599998474121094,60.04999923706055,242.39999389648438,166.89999389648438,73.54000091552734,81.66999816894531,43.91999816894531,146.85000610351562,363.8999938964844,488.5,26.959999084472656,33.900001525878906,990.5,56.619998931884766,134.0,72.3499984741211,281.1499938964844,165.8000030517578,34.20000076293945,87.81999969482422,70.0999984741211,21.59000015258789,25.3700008392334,820.4000244140625,35.220001220703125,173.27999877929688,72.66000366210938,811.4000244140625,1721.4000244140625,43.849998474121094,21.8700008392334,12.083999633789062,102.13999938964844,71.73999786376953,10.053999900817871,20.6200008392334,164.0500030517578,324.3500061035156,1598.0,21.84000015258789,55.119998931884766,27.670000076293945,5.989999771118164,383.6499938964844,484.1000061035156,16.600000381469727,37.9900016784668,345.0,79.16000366210938,75.08000183105469,285.3999938964844,68.02999877929688,127.80000305175781,78.26000213623047,72.05000305175781,56.439998626708984
2026-07-01,60.130001068115234,105.69999694824219,250.94000244140625,127.4800033569336,294.8900146484375,117.63999938964844,44.880001068115234,79.2699966430664,172.77999877929688,266.4599914550781,165.6199951171875,70.4000015258789,28.729999542236328,230.02999877929688,814.8099975585938,147.72999572753906,196.8300018310547,350.67999267578125,98.80999755859375,177.67999267578125,204.6300048828125,95.52999877929688,87.58999633789062,91.30000305175781,108.8499984741211,204.6199951171875,277.6300048828125,149.82000732421875,242.0399932861328,71.58999633789062,284.1400146484375,167.88999938964844,155.44000244140625,263.20001220703125,47.709999084472656,124.08999633789062,33.86000061035156,383.4200134277344,124.37000274658203,25.010000228881836,286.95001220703125,223.64999389648438,119.26000213623047,256.3500061035156,19.239999771118164,109.30999755859375,478.3800048828125,207.80999755859375,50.900001525878906,270.6400146484375,85.38999938964844,86.91999816894531,297.7799987792969,257.2900085449219,65.44000244140625,139.55999755859375,110.5199966430664,144.49000549316406,63.869998931884766,391.9700012207031,411.92999267578125,340.8500061035156,94.58000183105469,85.23999786376953,111.75,144.49000549316406,1382.219970703125,111.19999694824219,340.9599914550781,159.39999389648438,202.1999969482422,432.5,50.400001525878906,48.04999923706055,80.72000122070312,59.29999923706055,61.13999938964844,37.66999816894531,71.86000061035156,48.939998626708984,31.875,262.29998779296875,57.7599983215332,26.760000228881836,18.71500015258789,44.52000045776367,44.45000076293945,61.650001525878906,250.60000610351562,161.0,75.62000274658203,61.66999816894531,46.72999954223633,143.14999389648438,361.79998779296875,522.2000122070312,28.780000686645508,35.720001220703125,1140.0,57.18000030517578,157.67999267578125,74.3499984741211,282.6499938964844,147.44000244140625,36.86000061035156,89.0999984741211,74.66000366210938,21.030000686645508,28.260000228881836,876.9000244140625,34.36000061035156,170.72000122070312,75.19999694824219,745.0,1434.199951171875,44.939998626708984,24.200000762939453,12.317999839782715,109.66000366210938,67.5199966430664,9.798999786376953,23.979999542236328,164.0500030517578,340.1000061035156,1531.5,20.649999618530273,56.439998626708984,30.440000534057617,6.539000034332275,386.95001220703125,475.1499938964844,17.5,39.96500015258789,338.3999938964844,81.27999877929688,74.47000122070312,289.6000061035156,76.41999816894531,122.55000305175781,81.61000061035156,75.8499984741211,67.87999725341797
2026-08-01,59.130001068115234,110.36000061035156,256.4200134277344,115.8499984741211,309.4599914550781,134.97000122070312,45.88999938964844,81.29000091552734,166.1300048828125,286.1600036621094,188.11000061035156,72.16999816894531,26.56999969482422,234.6199951171875,797.469970703125,149.66000366210938,206.13999938964844,338.6000061035156,99.77999877929688,169.89999389648438,201.7899932861328,97.68000030517578,88.66999816894531,89.81999969482422,107.0199966430664,194.22999572753906,283.20001220703125,152.44000244140625,255.55999755859375,70.13999938964844,282.9599914550781,189.64999389648438,160.9499969482422,313.54998779296875,49.310001373291016,116.02999877929688,34.150001525878906,371.3500061035156,135.6699981689453,21.850000381469727,275.3699951171875,233.8699951171875,131.16000366210938,265.8500061035156,18.8799991607666,107.94999694824219,489.5799865722656,204.6999969482422,54.220001220703125,263.5400085449219,90.6500015258789,82.33999633789062,321.7200012207031,249.63999938964844,60.459999084472656,140.33999633789062,112.16999816894531,145.1199951171875,61.279998779296875,424.6400146484375,435.8399963378906,338.80999755859375,96.37000274658203,81.08000183105469,111.27999877929688,160.8800048828125,1309.489990234375,104.87000274658203,341.1099853515625,151.39999389648438,197.24000549316406,450.79998779296875,52.97999954223633,49.040000915527344,79.12000274658203,61.97999954223633,62.84000015258789,40.189998626708984,71.31999969482422,46.790000915527344,34.65999984741211,288.0,56.13999938964844,28.3799991607666,17.799999237060547,45.244998931884766,39.45000076293945,67.19999694824219,258.20001220703125,164.75,76.04000091552734,56.290000915527344,47.220001220703125,139.0,352.1000061035156,518.7999877929688,28.520000457763672,37.23500061035156,1110.800048828125,58.63999938964844,190.89999389648438,79.80000305175781,285.6000061035156,142.17999267578125,39.130001068115234,92.19999694824219,77.68000030517578,19.25,24.649999618530273,1047.4000244140625,30.649999618530273,169.5399932861328,68.27999877929688,875.5999755859375,1451.800048828125,43.099998474121094,25.030000686645508,12.663999557495117,102.77999877929688,64.27999877929688,9.420999526977539,23.30500030517578,160.35000610351562,364.5,1581.0,20.079999923706055,58.0,30.485000610351562,6.789000034332275,384.70001220703125,453.29998779296875,17.614999771118164,38.33000183105469,337.0,78.31999969482422,76.80999755859375,294.6000061035156,75.52999877929688,113.1500015258789,84.13999938964844,78.55000305175781,70.83999633789062
2026-09-01,58.02000045776367,100.94999694824219,263.2900085449219,113.66000366210938,279.19000244140625,107.62000274658203,42.459999084472656,79.4000015258789,157.60000610351562,261.79998779296875,181.97000122070312,60.599998474121094,26.290000915527344,223.91000366210938,826.6400146484375,149.7100067138672,204.3800048828125,332.0799865722656,94.94999694824219,161.1300048828125,197.74000549316406,81.5999984741211,86.83999633789062,86.45999908447266,103.33000183105469,189.6999969482422,277.8699951171875,157.24000549316406,222.42999267578125,63.900001525878906,273.92999267578125,188.16000366210938,161.35000610351562,259.9700012207031,49.959999084472656,109.38999938964844,32.66999816894531,332.3399963378906,126.94999694824219,19.850000381469727,267.07000732421875,219.99000549316406,120.69999694824219,267.57000732421875,17.90999984741211,98.98999786376953,473.3699951171875,187.25999450683594,48.400001525878906,233.97999572753906,87.08999633789062,75.88999938964844,329.5299987792969,236.24000549316406,53.470001220703125,128.69000244140625,106.0199966430664,148.32000732421875,55.13999938964844,349.45001220703125,392.45001220703125,330.44000244140625,88.79000091552734,78.48999786376953,104.51000213623047,156.42999267578125,1248.6700439453125,106.80000305175781,376.6300048828125,145.75,190.47999572753906,422.79998779296875,49.939998626708984,48.880001068115234,77.58000183105469,54.5,59.279998779296875,41.9900016784668,68.30000305175781,42.15999984741211,31.75,287.1000061035156,56.959999084472656,26.399999618530273,16.905000686645508,44.20000076293945,39.20000076293945,66.75,256.20001220703125,144.5,73.81999969482422,59.29999923706055,40.665000915527344,137.39999389648438,371.0,507.6000061035156,25.31999969482422,39.1150016784668,960.4000244140625,58.91999816894531,185.32000732421875,67.0999984741211,282.0,145.82000732421875,38.650001525878906,93.5,71.04000091552734,17.405000686645508,21.8700008392334,870.0,31.979999542236328,168.8800048828125,65.4000015258789,848.4000244140625,1601.199951171875,43.4900016784668,25.18000030517578,12.510000228881836,97.4000015258789,58.7599983215332,8.779000282287598,24.290000915527344,144.60000610351562,352.04998779296875,1352.5,20.489999771118164,53.279998779296875,31.725000381469727,6.752999782562256,380.75,394.6000061035156,17.594999313354492,36.060001373291016,335.1000061035156,69.80000305175781,71.47000122070312,296.3500061035156,78.0999984741211,108.5,83.80000305175781,71.25,68.0
