datum,AOS,ABT,ABBV,AFL,APD,ALB,AMCR,ADM,ATO,ADP,BDX,BRO,BF-B,CAH,CAT,CHRW,CVX,CB,CHD,CINF,CTAS,CLX,KO,CL,ED,DOV,ECL,EMR,ERIE,ES,ESS,EXPD,XOM,FDS,FAST,FRT,BEN,GD,GPC,HRL,ITW,IBM,SJM,JNJ,KVUE,KMB,LIN,LOW,MKC,MCD,MDT,NEE,NDSN,NUE,PNR,PEP,PPG,PG,O,ROP,SPGI,SHW,SWK,SYY,TROW,TGT,GWW,WMT,WST,ADS.DE,AIR.PA,ALV.DE,BAS.DE,BAYN.DE,BEI.DE,BMW.DE,BNR.DE,CBK.DE,CON.DE,DTG.DE,DBK.DE,DB1.DE,DHL.DE,DTE.DE,EOAN.DE,FRE.DE,FME.DE,G1A.DE,HNR1.DE,HEI.DE,HEN3.DE,IFX.DE,MBG.DE,MRK.DE,MTX.DE,MUV2.DE,PAH3.DE,QIA.DE,RHM.DE,RWE.DE,SAP.DE,G24.DE,SIE.DE,ENR.DE,SHL.DE,SY1.DE,VOW3.DE,VNA.DE,ZAL.DE,ADYEN.AS,AD.AS,AI.PA,ABI.BR,ARGX.BR,ASML.AS,CS.PA,BBVA.MC,SAN.MC,BNP.PA,BN.PA,ENEL.MI,ENI.MI,EL.PA,RACE.MI,RMS.PA,IBE.MC,ITX.MC,INGA.AS,ISP.MI,OR.PA,MC.PA,NDA-FI.HE,PRX.AS,SAF.PA,SGO.PA,SAN.PA,SU.PA,TTE.PA,DG.PA,UCG.MI,VOW.DE,WKL.AS
2011-10-01,0.04,0.230304,,0.0,0.0,0.0,,0.0,0.0,0.0,0.0,0.0425,0.0,0.0,0.46,0.0,0.0,0.0,0.0,0.0,0.0,0.6,0.0,0.29,0.0,0.0,0.0,0.0,0.515,0.0,0.0,0.0,0.0,0.0,0.035,0.0,0.0,0.47,0.0,0.064,0.0,0.0,0.0,0.0,,0.0,0.0,0.14,0.14,0.0,0.243,0.0,0.0,0.0,0.134318,0.0,0.0,0.525,0.140504,0.11,0.0,0.0,0.0,0.26,0.0,0.0,0.0,0.0,0.09,0.0,0.0,0.0,0.0,0.0,0.0,0.0,0.0,0.0,0.0,,0.0,0.0,0.0,0.0,0.0,0.0,0.0,0.0,0.0,0.0,0.0,0.0,0.0,0.0,0.0,0.0,0.0,0.0,0.0,0.0,0.0,,0.0,,,0.0,0.0,,,,0.0,0.0,0.0,,0.0,0.0,0.0,0.118764,0.0,0.0,0.0,0.0,0.0,,0.0,0.0,0.0,0.0,0.0,0.0,0.0,0.0,,0.0,0.0,0.0,0.0,0.0,0.0,0.0,0.0,0.0
2011-11-01,0.0,0.0,,0.165,0.0,0.0,,0.175,0.345,0.0,0.0,0.0,0.0,0.0,0.0,0.0,0.81,0.0,0.085,0.0,0.135,0.0,0.235,0.0,0.6,0.211156,0.0,0.4,0.0,0.0,0.0,0.25,0.47,0.27,0.0,0.0,0.0,0.0,0.0,0.0,0.0,0.717017,0.48,0.57,,0.0,0.0,0.0,0.0,0.7,0.0,0.1375,0.0,0.0,0.0,0.515,0.285,0.0,0.140504,0.0,0.236518,0.121667,0.41,0.0,0.0,0.3,0.66,0.0,0.0,0.0,0.0,0.0,0.0,0.0,0.0,0.0,0.0,0.0,0.0,,0.0,0.0,0.0,0.0,0.0,0.0,0.0,0.0,0.0,0.0,0.0,0.0,0.0,0.0,0.0,0.0,0.0,0.0,0.0,0.0,0.0,,0.0,,,0.0,0.0,,,,0.0,0.0,0.0,,0.0,0.0,0.0,0.0,0.0,0.0,0.1,0.0,0.0,,0.0,0.0,0.16,0.0,0.0,0.0,0.8,0.0,,0.0,0.0,0.0,0.0,0.0,0.0,0.0,0.0,0.0
2011-12-01,0.0,0.0,,0.0,0.53654,0.175,,0.0,0.0,0.346795,0.345145,0.0,0.093333,0.215,0.0,0.33,0.0,0.0,0.0,0.403,0.0,0.0,0.0,0.0,0.0,0.0,0.2,0.0,0.0,0.275,1.04,0.0,0.0,0.0,0.0,0.69,0.756667,0.0,0.45,0.0,0.36,0.0,0.0,0.0,,0.671141,0.5,0.0,0.155,0.0,0.0,0.0,0.125,0.365,0.0,0.0,0.0,0.0,0.141473,0.0,0.0,0.0,0.0,0.0,0.31,0.0,0.0,0.121667,0.0,0.0,0.0,0.0,0.0,0.0,0.0,0.0,0.0,0.0,0.0,,0.0,0.0,0.0,0.0,0.0,0.0,0.0,0.0,0.0,0.0,0.0,0.0,0.0,0.0,0.0,0.0,0.0,0.0,0.0,0.0,0.0,,0.0,,,0.0,0.0,,,,0.0,0.0,0.0,,0.0,0.0,0.0,0.0,0.0,0.0,0.0,0.0,0.0,,0.0,0.0,0.0,0.0,0.0,0.0,0.0,0.0,,0.25,0.0,0.0,0.0,0.57,0.55,0.0,0.0,0.0
2012-01-01,0.04,0.230304,,0.0,0.0,0.0,,0.0,0.0,0.0,0.0,0.0425,0.0,0.0,0.46,0.0,0.0,0.47,0.0,0.0,0.0,0.6,0.0,0.29,0.0,0.0,0.0,0.0,0.553,0.0,0.0,0.0,0.0,0.0,0.0425,0.0,0.0,0.47,0.0,0.075,0.0,0.0,0.0,0.0,,0.0,0.0,0.14,0.0,0.0,0.243,0.0,0.0,0.0,0.14775,0.0,0.0,0.525,0.141473,0.138,0.0,0.0,0.0,0.27,0.0,0.0,0.0,0.0,0.09,0.0,0.0,0.0,0.0,0.0,0.0,0.0,0.0,0.0,0.0,,0.0,0.0,0.0,0.0,0.0,0.0,0.0,0.0,0.0,0.0,0.0,0.0,0.0,0.0,0.0,0.0,0.0,0.0,0.0,0.0,0.0,,3.0,,,0.0,0.0,,,,0.0,0.0,0.0,,0.0,0.0,0.1,0.112166,0.0,0.0,0.0,0.0,0.0,,0.0,0.146,0.0,0.0,0.0,0.0,0.0,0.0,,0.0,0.0,0.0,0.0,0.0,0.0,0.0,0.0,0.0
2012-02-01,0.0,0.0,,0.165,0.0,0.0,,0.175,0.345,0.0,0.0,0.0,0.0,0.0,0.0,0.33,0.81,0.0,0.12,0.0,0.0,0.0,0.0,0.0,0.605,0.211156,0.0,0.4,0.0,0.294,0.0,0.0,0.47,0.27,0.0,0.0,0.0,0.0,0.0,0.0,0.0,0.717017,0.48,0.57,,0.0,0.0,0.0,0.0,0.7,0.0,0.15,0.125,0.0,0.0,0.515,0.285,0.0,0.141473,0.0,0.241249,0.13,0.0,0.0,0.0,0.3,0.66,0.0,0.0,0.0,0.0,0.0,0.0,0.0,0.0,0.0,0.0,0.0,0.0,,0.0,0.0,0.0,0.0,0.0,0.0,0.0,0.0,0.0,0.0,0.0,0.0,0.0,0.0,0.0,0.0,0.0,0.0,0.0,0.0,0.0,,0.0,,,0.0,0.0,,,,0.0,0.0,0.0,,0.0,0.0,0.0,0.0,0.0,0.0,0.0,0.0,0.0,,1.5,0.0,0.0,0.0,0.0,0.0,0.0,0.0,,0.0,0.0,0.0,0.0,0.0,0.0,0.0,0.0,0.0
2012-03-01,0.0,0.0,,0.0,0.592044,0.2,,0.0,0.0,0.346795,0.345145,0.0,0.093333,0.215,0.0,0.0,0.0,0.47,0.0,0.403,0.0,0.0,0.255,0.0,0.0,0.0,0.2,0.0,0.0,0.0,1.1,0.0,0.0,0.0,0.0,0.69,0.09,0.0,0.495,0.0,0.36,0.0,0.0,0.0,,0.709492,0.55,0.0,0.0,0.0,0.0,0.0,0.0,0.365,0.0,0.0,0.0,0.0,0.141473,0.0,0.0,0.0,0.41,0.0,0.34,0.0,0.0,0.132667,0.0,0.0,0.0,0.0,0.0,0.0,0.0,0.0,0.0,0.0,0.0,,0.0,0.0,0.0,0.0,0.0,0.0,0.0,0.0,0.0,0.0,0.0,0.12,0.0,0.0,0.0,0.0,0.0,0.0,0.0,0.0,0.0,,0.0,,,0.0,0.0,,,,0.0,0.0,0.0,,0.0,0.0,0.0,0.0,0.0,0.0,0.0,0.0,0.0,,0.0,0.0,0.0,0.0,0.0,0.0,0.0,0.26,,0.0,0.0,0.0,0.0,0.57,0.0,0.0,0.0,0.0
2012-04-01,0.04,0.244698,,0.0,0.0,0.0,,0.0,0.0,0.0,0.0,0.0,0.0,0.0,0.46,0.0,0.0,0.0,0.0,0.0,0.0,0.6,0.0,0.31,0.0,0.0,0.0,0.0,0.553,0.0,0.0,0.0,0.0,0.0,0.0425,0.0,0.0,0.51,0.0,0.075,0.0,0.0,0.0,0.0,,0.0,0.0,0.14,0.155,0.0,0.243,0.0,0.0,0.0,0.14775,0.0,0.0,0.562,0.141473,0.138,0.0,0.0,0.0,0.27,0.0,0.0,0.0,0.0,0.09,0.0,0.0,0.0,2.5,1.623757,0.7,0.0,0.0,0.0,1.5,,0.0,0.0,0.0,0.0,0.0,0.0,0.0,0.55,0.0,0.0,0.8,0.0,2.2,0.75,0.0,6.25,0.0,0.0,0.0,2.0,0.0,,0.0,,,0.0,3.06,,,,0.460417,0.0,1.2,,0.597403,0.0,0.118,0.207366,0.0,0.0,0.0,0.0,0.0,,0.0,0.0,0.0,0.0,0.0,2.0,1.8,0.0,,0.0,0.0,0.0,0.0,0.0,0.0,0.0,3.0,0.68
2012-05-01,0.0,0.0,,0.165,0.0,0.0,,0.175,0.345,0.0,0.0,0.0425,0.0,0.0,0.0,0.33,0.9,0.0,0.12,0.0,0.0,0.0,0.0,0.0,0.605,0.211156,0.0,0.4,0.0,0.343,0.0,0.28,0.57,0.31,0.0,0.0,0.0,0.0,0.0,0.0,0.0,0.81262,0.48,0.61,,0.0,0.0,0.0,0.0,0.7,0.0,0.15,0.125,0.0,0.0,0.538,0.295,0.0,0.141473,0.0,0.241249,0.13,0.0,0.0,0.0,0.3,0.8,0.132667,0.0,1.0,0.0,4.5,0.0,0.0,0.0,2.3,0.0,0.0,0.0,,0.0,3.3,0.7,0.7,1.0,0.316087,0.69,0.0,2.1,0.35,0.0,0.0,0.0,0.0,1.2,0.0,0.0,0.0,1.8,0.0,1.1,,0.0,,,1.24,0.0,,,,0.0,1.24668,0.0,,0.0,0.69,0.0,0.0,1.2,1.39,0.0,0.52,0.85,,5.5,0.0,0.18,0.0,0.0,0.0,0.0,0.0,,0.0,0.0,2.65,1.7,0.0,1.22,0.0,0.0,0.0
2012-06-01,0.0,0.0,,0.0,0.592044,0.2,0.0,0.0,0.0,0.346795,0.345145,0.0,0.093333,0.238,0.0,0.0,0.0,0.0,0.0,0.403,0.0,0.0,0.255,0.0,0.0,0.0,0.2,0.0,0.0,0.0,1.1,0.0,0.0,0.0,0.0,0.69,0.09,0.0,0.495,0.0,0.36,0.0,0.0,0.0,,0.709492,0.55,0.0,0.0,0.0,0.0,0.0,0.0,0.365,0.0,0.0,0.0,0.0,0.141473,0.0,0.0,0.0,0.41,0.0,0.34,0.0,0.0,0.0,0.0,0.0,0.45,0.0,0.0,0.0,0.0,0.0,0.666667,0.0,0.0,,0.638443,0.0,0.0,0.0,0.0,0.0,0.0,0.0,0.0,0.0,0.0,0.0,0.0,0.0,0.0,0.0,0.76,0.0,0.0,0.0,0.0,,0.0,,,0.0,0.0,,,,0.0,0.0,0.0,,0.0,0.0,0.0,0.0,0.0,0.0,0.16,0.0,0.0,,0.0,0.0,0.0,0.0,0.05,0.0,0.0,0.0,,0.37,1.24,0.0,0.0,0.57,0.0,0.0,0.0,0.0
2012-07-01,0.05,0.244698,,0.0,0.0,0.0,0.0,0.0,0.0,0.0,0.0,0.0,0.0,0.0,0.52,0.0,0.0,0.49,0.0,0.0,0.0,0.64,0.0,0.31,0.0,0.0,0.0,0.0,0.553,0.0,0.0,0.0,0.0,0.0,0.0475,0.0,0.0,0.51,0.0,0.075,0.0,0.0,0.0,0.0,,0.0,0.0,0.16,0.155,0.0,0.26,0.0,0.0,0.0,0.14775,0.0,0.0,0.562,0.141473,0.138,0.0,0.0,0.0,0.27,0.0,0.0,0.0,0.0,0.09,0.0,0.0,0.0,0.0,0.0,0.0,0.0,0.0,0.0,0.0,,0.0,0.0,0.0,0.0,0.0,0.0,0.0,0.0,0.0,0.0,0.0,0.0,0.0,0.0,0.0,0.0,0.0,0.0,0.0,0.0,0.0,,0.0,,,0.0,0.0,,,,0.0,0.0,0.0,,0.0,0.0,0.1,0.143271,0.0,0.0,0.0,0.0,0.0,,0.0,0.19,0.0,0.0,0.0,0.0,0.0,0.0,,0.0,0.0,0.0,0.0,0.0,0.0,0.0,0.0,0.0
2012-08-01,0.0,0.0,,0.165,0.0,0.0,0.0,0.175,0.345,0.0,0.0,0.0425,0.0,0.0,0.0,0.0,0.9,0.0,0.12,0.0,0.0,0.0,0.0,0.0,0.605,0.234617,0.0,0.4,0.0,0.343,0.0,0.0,0.57,0.31,0.0,0.0,0.0,0.0,0.0,0.0,0.0,0.81262,0.52,0.61,,0.0,0.0,0.0,0.0,0.7,0.0,0.15,0.15,0.0,0.0,0.0,0.295,0.0,0.146318,0.0,0.241249,0.13,0.0,0.0,0.0,0.36,0.8,0.132667,0.0,0.0,0.0,0.0,0.0,0.0,0.0,0.0,0.0,0.0,0.0,,0.0,0.0,0.0,0.0,0.0,0.0,0.0,0.0,0.0,0.0,0.0,0.0,0.0,0.0,0.0,0.0,0.0,0.0,0.0,0.0,0.0,,0.0,,,0.0,0.0,,,,0.0,0.0,0.0,,0.0,0.0,0.0,0.0,0.0,0.0,0.0,0.0,0.0,,0.0,0.0,0.0,0.0,0.0,0.0,0.0,0.0,,0.0,0.0,0.0,0.0,0.0,0.0,0.0,0.0,0.0
2012-09-01,0.0,0.0,,0.0,0.592044,0.2,0.0,0.0,0.0,0.346795,0.345145,0.0,0.0932,0.238,0.0,0.33,0.0,0.49,0.0,0.408,0.0,0.0,0.255,0.0,0.0,0.0,0.2,0.0,0.0,0.0,1.1,0.0,0.0,0.0,0.0,0.73,0.09,0.0,0.495,0.0,0.38,0.0,0.0,0.0,,0.709492,0.55,0.0,0.0,0.0,0.0,0.0,0.0,0.365,0.0,0.538,0.0,0.0,0.146318,0.0,0.0,0.0,0.49,0.0,0.34,0.0,0.0,0.0,0.0,0.0,0.0,0.0,0.0,0.0,0.0,0.0,0.0,0.0,0.0,,0.0,0.0,0.0,0.0,0.0,0.0,0.0,0.0,0.0,0.0,0.0,0.0,0.0,0.0,0.0,0.0,0.0,0.0,0.0,0.0,0.0,,0.0,,,0.0,0.0,,,,0.0,0.0,0.0,,0.0,0.0,0.0,0.0,0.0,0.0,0.0,0.54,0.0,,0.0,0.0,0.0,0.0,0.0,0.0,0.0,0.0,,0.0,0.0,0.0,0.0,0.57,0.0,0.0,0.0,0.0
2012-10-01,0.05,0.244698,,0.0,0.0,0.0,0.0,0.0,0.0,0.0,0.0,0.0,0.0,0.0,0.52,0.0,0.0,0.0,0.0,0.0,0.0,0.64,0.0,0.31,0.0,0.0,0.0,0.0,0.553,0.0,0.0,0.0,0.0,0.0,0.0525,0.0,0.0,0.51,0.0,0.075,0.0,0.0,0.0,0.0,,0.0,0.0,0.16,0.155,0.0,0.26,0.0,0.0,0.0,0.14775,0.0,0.0,0.562,0.146318,0.138,0.0,0.0,0.0,0.27,0.0,0.0,0.0,0.0,0.095,0.0,0.0,0.0,0.0,0.0,0.0,0.0,0.0,0.0,0.0,,0.0,0.0,0.0,0.0,0.0,0.0,0.0,0.0,0.0,0.0,0.0,0.0,0.0,0.0,0.0,0.0,0.0,0.0,0.0,0.0,0.0,,0.0,,,0.0,0.0,,,,0.0,0.0,0.0,,0.0,0.0,0.099,0.141386,0.0,0.0,0.0,0.0,0.0,,0.0,0.0,0.0,0.0,0.0,0.0,0.0,0.0,,0.0,0.0,0.0,0.0,0.0,0.0,0.0,0.0,0.0
2012-11-01,0.0,0.0,,0.175,0.0,0.0,0.0,0.175,0.35,0.0,0.0,0.045,0.0,0.0,0.0,0.0,0.9,0.0,0.12,0.0,0.16,0.0,0.255,0.0,0.605,0.234617,0.0,0.41,0.0,0.343,0.0,0.28,0.57,0.31,0.0,0.0,0.0,0.0,0.0,0.0,0.0,0.81262,0.52,0.61,,0.0,0.0,0.0,0.0,0.77,0.0,0.15,0.0,0.0,0.0,0.0,0.295,0.0,0.146318,0.0,0.241249,0.13,0.0,0.0,0.0,0.36,0.8,0.0,0.0,0.0,0.0,0.0,0.0,0.0,0.0,0.0,0.0,0.0,0.0,,0.0,0.0,0.0,0.0,0.0,0.0,0.0,0.0,0.0,0.0,0.0,0.0,0.0,0.0,0.0,0.0,0.0,0.0,0.0,0.0,0.0,,0.0,,,0.0,0.0,,,,0.0,0.0,0.0,,0.0,0.0,0.0,0.0,0.0,0.0,0.0,0.0,0.0,,0.0,0.0,0.18,0.0,0.0,0.0,1.1,0.0,,0.0,0.0,0.0,0.0,0.0,0.55,0.0,0.0,0.0
2012-12-01,0.0,0.0,,0.0,0.592044,0.2,0.0,0.0,0.0,0.381914,0.379659,0.0,0.102,0.275,0.52,0.35,0.0,0.49,0.0,0.407,0.0,0.0,0.0,0.0,0.0,0.0,0.23,0.0,2.593,0.0,1.1,0.0,0.0,0.0,0.125,0.73,1.096667,0.51,0.495,0.0,0.38,0.0,0.0,0.0,,0.709492,0.55,0.0,0.17,0.0,0.26,0.0,0.15,0.367,0.0,0.537,0.0,0.0,0.147287,0.165,2.365184,0.0,0.49,0.0,1.34,0.0,0.0,0.132667,0.0,0.0,0.0,0.0,0.0,0.0,0.0,0.0,0.0,0.0,0.0,,0.0,0.0,0.0,0.0,0.0,0.0,0.0,0.0,0.0,0.0,0.0,0.0,0.0,0.0,0.0,0.0,0.0,0.0,0.0,0.0,0.0,,0.0,,,0.0,0.0,,,,0.0,0.0,0.0,,0.0,0.0,0.0,0.0,0.0,0.0,0.0,0.0,0.0,,0.0,0.0,0.0,0.0,0.0,0.0,0.0,0.0,,0.31,0.0,0.0,0.0,0.59,0.0,0.0,0.0,0.0
2013-01-01,0.05,0.14,,0.0,0.0,0.0,0.0,0.0,0.0,0.0,0.0,0.045,0.0,0.0,0.0,0.0,0.0,0.0,0.0,0.0,0.0,0.64,0.0,0.31,0.0,0.0,0.0,0.0,0.0,0.0,0.0,0.0,0.0,0.0,0.025,0.0,0.0,0.0,0.0,0.085,0.0,0.0,0.0,0.0,,0.0,0.0,0.16,0.0,0.0,0.0,0.0,0.0,0.0,0.154466,0.0,0.0,0.562,0.175388,0.0,0.0,0.0,0.0,0.28,0.0,0.0,0.0,0.0,0.095,0.0,0.0,0.0,0.0,0.0,0.0,0.0,0.0,0.0,0.0,,0.0,0.0,0.0,0.0,0.0,0.0,0.0,0.0,0.0,0.0,0.0,0.0,0.0,0.0,0.0,0.0,0.0,0.0,0.0,0.0,0.0,,3.0,,,0.0,0.0,,,,0.0,0.0,0.0,,0.0,0.0,0.1,0.143271,0.0,0.0,0.0,0.0,0.0,,0.0,0.143,0.0,0.0,0.0,0.0,0.0,0.0,,0.0,0.0,0.0,0.0,0.0,0.0,0.0,0.0,0.0
2013-02-01,0.0,0.0,0.0,0.175,0.0,0.0,0.0,0.19,0.35,0.0,0.0,0.0,0.0,0.0,0.0,0.35,0.9,0.0,0.14,0.0,0.0,0.0,0.0,0.0,0.615,0.234617,0.0,0.41,0.0,0.367,0.0,0.0,0.57,0.31,0.0,0.0,0.0,0.0,0.0,0.0,0.0,0.81262,0.52,0.61,,0.0,0.0,0.0,0.0,0.77,0.0,0.165,0.15,0.0,0.0,0.537,0.295,0.0,0.175388,0.0,0.264901,0.166667,0.0,0.0,0.0,0.36,0.8,0.0,0.0,0.0,0.0,0.0,0.0,0.0,0.0,0.0,0.0,0.0,0.0,,0.0,0.0,0.0,0.0,0.0,0.0,0.0,0.0,0.0,0.0,0.0,0.0,0.0,0.0,0.0,0.0,0.0,0.0,0.0,0.0,0.0,,0.0,,,0.0,0.0,,,,0.0,0.0,0.0,,0.0,0.0,0.0,0.0,0.0,0.0,0.0,0.0,0.0,,1.5,0.0,0.0,0.0,0.0,0.0,0.0,0.0,,0.0,0.0,0.0,0.0,0.0,0.0,0.0,0.0,0.0
2013-03-01,0.0,0.0,0.0,0.0,0.656799,0.24,0.0,0.0,0.0,0.381914,0.379659,0.0,0.102,0.275,0.0,0.0,0.0,0.49,0.0,0.407,0.0,0.0,0.28,0.0,0.0,0.0,0.23,0.0,0.0,0.0,1.21,0.0,0.0,0.0,0.0,0.73,0.096667,0.0,0.537,0.0,0.38,0.0,0.0,0.0,,0.776606,0.6,0.0,0.0,0.0,0.0,0.0,0.0,0.367,0.0,0.0,0.0,0.0,0.175388,0.0,0.0,0.0,0.49,0.0,0.38,0.0,0.0,0.156667,0.0,0.0,0.0,0.0,0.0,0.0,0.0,0.0,0.0,0.0,0.0,,0.0,0.0,0.0,0.0,0.0,0.0,0.0,0.0,0.0,0.0,0.0,0.12,0.0,0.0,0.0,0.0,0.0,0.0,0.0,0.0,0.0,,0.0,,,0.0,0.0,,,,0.0,0.0,0.0,,0.0,0.0,0.0,0.0,0.0,0.0,0.0,0.0,0.0,,0.0,0.0,0.0,0.0,0.0,0.0,0.0,0.34,,0.0,0.0,0.0,0.0,0.59,0.0,0.0,0.0,0.0
2013-04-01,0.06,0.14,0.4,0.0,0.0,0.0,0.0,0.0,0.0,0.0,0.0,0.045,0.0,0.0,0.52,0.0,0.0,0.0,0.0,0.0,0.0,0.64,0.0,0.34,0.0,0.0,0.0,0.0,0.593,0.0,0.0,0.0,0.0,0.0,0.05,0.0,0.0,0.56,0.0,0.085,0.0,0.0,0.0,0.0,,0.0,0.0,0.16,0.17,0.0,0.26,0.0,0.0,0.0,0.154466,0.0,0.0,0.602,0.175388,0.165,0.0,0.0,0.0,0.28,0.0,0.0,0.0,0.0,0.095,0.0,0.0,0.0,2.6,1.869781,0.7,0.0,0.0,0.0,0.0,,0.0,0.0,0.0,0.0,0.0,0.0,0.0,0.55,0.0,0.0,0.95,0.0,2.2,0.85,0.0,7.0,0.0,0.0,0.0,2.0,0.0,,0.0,,,0.0,3.56,,,,0.506459,0.0,1.7,,0.53,0.0,0.121,0.141386,0.0,0.0,0.0,0.0,0.0,,0.0,0.0,0.0,0.0,0.0,0.0,1.8,0.0,,0.0,0.0,0.0,0.0,0.0,1.22,0.0,3.5,0.69
2013-05-01,0.0,0.0,0.0,0.175,0.0,0.0,0.0,0.19,0.35,0.0,0.0,0.0,0.0,0.0,0.0,0.0,1.0,0.0,0.14,0.0,0.0,0.0,0.0,0.0,0.615,0.234617,0.0,0.41,0.0,0.367,0.0,0.3,0.63,0.35,0.0,0.0,0.0,0.0,0.0,0.0,0.0,0.908222,0.52,0.66,,0.0,0.0,0.0,0.0,0.77,0.0,0.165,0.15,0.0,0.0,0.0,0.305,0.0,0.175388,0.0,0.264901,0.166667,0.0,0.0,0.0,0.36,0.93,0.156667,0.0,1.35,0.6,4.5,0.0,0.0,0.0,2.5,0.0,0.0,2.25,,0.638443,2.1,0.7,0.7,1.1,0.365995,0.75,0.0,3.4,0.47,0.0,0.0,0.0,0.0,1.35,0.0,2.01,0.0,1.8,0.0,0.0,,0.0,,,0.65,0.0,,,,0.0,1.374514,0.0,,0.0,0.72,0.0,0.0,1.5,1.45,0.0,0.54,0.88,,0.0,0.0,0.22,0.0,0.05,2.3,0.0,0.0,,0.0,0.0,2.77,1.87,0.0,0.0,0.45093,0.0,0.0
2013-06-01,0.0,0.0,0.0,0.0,0.656799,0.24,0.0,0.0,0.0,0.381914,0.379659,0.0,0.102,0.302,0.0,0.35,0.0,0.0,0.0,0.407,0.0,0.0,0.28,0.0,0.0,0.0,0.23,0.0,0.0,0.0,1.21,0.0,0.0,0.0,0.0,0.73,0.096667,0.0,0.537,0.0,0.38,0.0,0.0,0.0,,0.776606,0.6,0.0,0.0,0.0,0.0,0.0,0.0,0.367,0.0,0.568,0.0,0.0,0.176357,0.0,0.0,0.0,0.49,0.0,0.38,0.0,0.0,0.0,0.0,0.0,0.0,0.0,0.0,0.0,0.0,0.0,0.8,0.0,0.0,,0.0,0.0,0.0,0.0,0.0,0.0,0.0,0.0,0.0,0.0,0.0,0.0,0.0,0.0,0.0,0.0,0.0,0.0,0.0,0.0,0.85,,0.0,,,0.0,0.0,,,,0.0,0.0,0.0,,0.0,0.0,0.0,0.0,0.0,0.0,0.15,0.0,0.0,,1.0,0.0,0.0,0.0,0.0,0.0,0.0,0.0,,0.65,1.24,0.0,0.0,0.59,0.0,0.0,0.0,0.0
2013-07-01,0.06,0.14,0.4,0.0,0.0,0.0,0.0,0.0,0.0,0.0,0.0,0.0,0.0,0.0,0.6,0.0,0.0,0.51,0.0,0.0,0.0,0.71,0.0,0.34,0.0,0.0,0.0,0.0,0.593,0.0,0.0,0.0,0.0,0.0,0.0625,0.0,0.0,0.56,0.0,0.085,0.0,0.0,0.0,0.0,,0.0,0.0,0.18,0.17,0.0,0.28,0.0,0.0,0.0,0.167898,0.0,0.0,0.602,0.176357,0.165,0.0,0.0,0.0,0.28,0.0,0.0,0.0,0.0,0.095,0.0,0.0,0.0,0.0,0.0,0.0,0.0,0.0,0.0,0.0,,0.0,0.0,0.0,0.0,0.0,0.0,0.0,0.0,0.0,0.0,0.0,0.0,0.0,0.0,0.0,0.0,0.0,0.0,0.0,0.0,0.0,,0.0,,,0.0,0.0,,,,0.0,0.0,0.0,,0.0,0.0,0.1,0.141386,0.0,0.0,0.0,0.0,0.0,,0.0,0.16,0.0,0.0,0.0,0.0,0.0,0.0,,0.0,0.0,0.0,0.0,0.0,0.0,0.0,0.0,0.0
2013-08-01,0.0,0.0,0.0,0.175,0.0,0.0,0.0,0.19,0.35,0.0,0.0,0.045,0.0,0.0,0.0,0.0,1.0,0.0,0.14,0.0,0.0,0.0,0.0,0.0,0.615,0.251376,0.0,0.41,0.0,0.0,0.0,0.0,0.63,0.35,0.0,0.0,0.0,0.0,0.0,0.0,0.0,0.908222,0.58,0.66,,0.0,0.0,0.0,0.0,0.77,0.0,0.165,0.18,0.0,0.0,0.0,0.305,0.0,0.176357,0.0,0.264901,0.166667,0.0,0.0,0.0,0.43,0.93,0.156667,0.0,0.0,0.0,0.0,0.0,0.0,0.0,0.0,0.0,0.0,0.0,,0.0,0.0,0.0,0.0,0.0,0.0,0.0,0.0,0.0,0.0,0.0,0.0,0.0,0.0,0.0,0.0,0.0,0.0,0.0,0.0,0.0,,0.0,,,0.0,0.0,0.0,,,0.0,0.0,0.0,,0.0,0.0,0.0,0.0,0.0,0.0,0.0,0.0,0.0,,0.0,0.0,0.0,0.0,0.0,0.0,0.0,0.0,,0.0,0.0,0.0,0.0,0.0,0.0,0.0,0.0,0.0
2013-09-01,0.0,0.0,0.0,0.0,0.656799,0.24,0.0,0.0,0.0,0.381914,0.379659,0.0,0.102,0.303,0.0,0.35,0.0,0.51,0.0,0.42,0.0,0.0,0.28,0.0,0.0,0.0,0.23,0.0,0.0,0.368,1.21,0.0,0.0,0.0,0.0,0.78,0.1,0.0,0.538,0.0,0.42,0.0,0.0,0.0,,0.776606,0.6,0.0,0.0,0.0,0.0,0.0,0.0,0.368,0.0,0.568,0.0,0.0,0.176357,0.0,0.0,0.0,0.5,0.0,0.38,0.0,0.0,0.0,0.0,0.0,0.0,0.0,0.0,0.0,0.0,0.0,0.0,0.0,0.0,,0.0,0.0,0.0,0.0,0.0,0.0,0.0,0.0,0.0,0.0,0.0,0.0,0.0,0.0,0.0,0.0,0.0,0.0,0.0,0.0,0.0,,0.0,,,0.0,0.0,0.0,,,0.0,0.0,0.0,,0.0,0.0,0.099,0.0,0.0,0.0,0.0,0.55,0.0,,0.0,0.0,0.0,0.0,0.0,0.0,0.0,0.0,,0.0,0.0,0.0,0.0,0.59,0.0,0.0,0.0,0.0
2013-10-01,0.06,0.14,0.4,0.0,0.0,0.0,0.0,0.0,0.0,0.0,0.0,0.05,0.0,0.0,0.6,0.0,0.0,0.0,0.0,0.0,0.0,0.71,0.0,0.34,0.0,0.0,0.0,0.0,0.593,0.0,0.0,0.0,0.0,0.0,0.0625,0.0,0.0,0.56,0.0,0.085,0.0,0.0,0.0,0.0,,0.0,0.0,0.18,0.17,0.0,0.28,0.0,0.0,0.0,0.167898,0.0,0.0,0.602,0.176357,0.165,0.0,0.0,0.0,0.28,0.0,0.0,0.0,0.0,0.1,0.0,0.0,0.0,0.0,0.0,0.0,0.0,0.0,0.0,0.0,,0.0,0.0,0.0,0.0,0.0,0.0,0.0,0.0,0.0,0.0,0.0,0.0,0.0,0.0,0.0,0.0,0.0,0.0,0.0,0.0,0.0,,0.0,,,0.0,0.0,0.0,,,0.0,0.0,0.0,,0.0,0.0,0.0,0.144214,0.0,0.0,0.0,0.0,0.0,,0.0,0.0,0.0,0.0,0.0,0.0,0.0,0.0,,0.0,0.0,0.0,0.0,0.0,0.0,0.0,0.0,0.0
2013-11-01,0.0,0.0,0.0,0.185,0.0,0.0,0.0,0.19,0.37,0.0,0.0,0.0,0.0,0.0,0.0,0.0,1.0,0.0,0.14,0.0,0.1925,0.0,0.28,0.0,0.615,0.251376,0.0,0.43,0.0,0.0,0.0,0.3,0.63,0.35,0.0,0.0,0.0,0.0,0.0,0.0,0.0,0.908222,0.58,0.66,,0.0,0.0,0.0,0.0,0.81,0.0,0.165,0.0,0.0,0.0,0.0,0.305,0.0,0.176357,0.0,0.264901,0.166667,0.0,0.0,0.0,0.43,0.93,0.0,0.0,0.0,0.0,0.0,0.0,0.0,0.0,0.0,0.0,0.0,0.0,,0.0,0.0,0.0,0.0,0.0,0.0,0.0,0.0,0.0,0.0,0.0,0.0,0.0,0.0,0.0,0.0,0.0,0.0,0.0,0.0,0.0,,0.0,,,0.0,0.0,0.0,,,0.0,0.0,0.6,,0.0,0.0,0.0,0.0,0.0,0.0,0.0,0.0,0.0,,0.0,0.0,0.22,0.0,0.0,0.0,1.2,0.0,,0.0,0.0,0.0,0.0,0.0,0.55,0.0,0.0,0.0
2013-12-01,0.0,0.0,0.0,0.0,0.656799,0.24,0.0,0.0,0.0,0.421422,0.418009,0.0,0.116,0.303,0.0,0.35,0.0,0.0,0.0,0.42,0.0,0.0,0.0,0.0,0.0,0.0,0.275,0.0,0.0,0.368,1.21,0.0,0.0,0.0,0.0,0.78,0.12,0.0,0.538,0.0,0.42,0.0,0.0,0.0,,0.776606,0.6,0.0,0.185,0.0,0.28,0.0,0.18,0.37,0.0,0.568,0.0,0.0,0.176357,0.0,0.0,0.0,0.5,0.29,0.38,0.0,0.0,0.156667,0.0,0.0,0.0,0.0,0.0,0.0,0.0,0.0,0.0,0.0,0.0,,0.0,0.0,0.0,0.0,0.0,0.0,0.0,0.0,0.0,0.0,0.0,0.0,0.0,0.0,0.0,0.0,0.0,0.0,0.0,0.0,0.0,,0.0,,,0.0,0.0,0.0,,,0.0,0.0,0.0,,0.0,0.0,0.0,0.0,0.0,0.0,0.0,0.0,0.0,,0.0,0.0,0.0,0.0,0.0,0.0,0.0,0.0,,0.48,0.0,0.0,0.0,0.59,0.0,0.0,0.0,0.0
2014-01-01,0.0,0.22,0.4,0.0,0.0,0.0,0.0,0.0,0.0,0.0,0.0,0.0,0.0,0.0,0.6,0.0,0.0,0.63,0.0,0.0,0.0,0.71,0.0,0.34,0.0,0.0,0.0,0.0,0.635,0.0,0.0,0.0,0.0,0.0,0.0625,0.0,0.0,0.56,0.0,0.1,0.0,0.0,0.0,0.0,,0.0,0.0,0.18,0.0,0.0,0.0,0.0,0.0,0.0,0.167898,0.0,0.0,0.602,0.176357,0.2,0.0,0.0,0.0,0.0,0.0,0.0,0.0,0.0,0.1,0.0,0.0,0.0,0.0,0.0,0.0,0.0,0.0,0.0,0.0,,0.0,0.0,0.0,0.0,0.0,0.0,0.0,0.0,0.0,0.0,0.0,0.0,0.0,0.0,0.0,0.0,0.0,0.0,0.0,0.0,0.0,,3.0,,,0.0,0.0,0.0,,,0.0,0.0,0.0,,0.0,0.0,0.0,0.143271,0.0,0.0,0.0,0.0,0.0,,0.0,0.126,0.0,0.0,0.0,0.0,0.0,0.0,,0.0,0.0,0.0,0.0,0.0,0.0,0.0,0.0,0.0
2014-02-01,0.075,0.0,0.0,0.185,0.0,0.0,0.88,0.24,0.37,0.0,0.0,0.05,0.0,0.0,0.0,0.0,1.0,0.0,0.155,0.0,0.0,0.0,0.0,0.0,0.63,0.0,0.0,0.43,0.0,0.393,0.0,0.0,0.63,0.35,0.0,0.0,0.0,0.0,0.0,0.0,0.0,0.908222,0.58,0.66,,0.0,0.0,0.0,0.0,0.81,0.0,0.18125,0.18,0.0,0.0,0.0,0.305,0.0,0.176357,0.0,0.283822,0.183333,0.0,0.0,0.0,0.43,0.93,0.0,0.0,0.0,0.0,0.0,0.0,0.0,0.0,0.0,0.0,0.0,0.0,,0.0,0.0,0.0,0.0,0.0,0.0,0.0,0.0,0.0,0.0,0.0,0.12,0.0,0.0,0.0,0.0,0.0,0.0,0.0,0.0,0.0,,0.0,,,0.0,0.0,0.0,,,0.0,0.0,0.0,,0.0,0.0,0.0,0.0,0.0,0.0,0.0,0.0,0.0,,1.5,0.0,0.0,0.0,0.0,0.0,0.0,0.0,,0.0,0.0,0.0,0.0,0.0,0.0,0.0,0.0,0.0
2014-03-01,0.0,0.0,0.0,0.0,0.712303,0.275,0.0,0.0,0.0,0.421422,0.418009,0.0,0.116,0.303,0.0,0.35,0.0,0.63,0.0,0.44,0.0,0.0,0.305,0.0,0.0,0.302908,0.275,0.0,0.0,0.0,1.21,0.0,0.0,0.0,0.0,0.78,0.12,0.0,0.575,0.0,0.42,0.0,0.0,0.0,,0.805369,0.65,0.0,0.0,0.0,0.0,0.0,0.0,0.37,0.0,0.568,0.0,0.0,0.176357,0.0,0.0,0.0,0.5,0.0,0.44,0.0,0.0,0.16,0.0,0.0,0.0,0.0,0.0,0.0,0.0,0.0,0.0,0.0,0.0,,0.0,0.0,0.0,0.0,0.0,0.0,0.0,0.0,0.0,0.0,0.0,0.0,0.0,0.0,0.0,0.0,0.0,0.0,0.0,0.0,0.0,,0.0,,,0.0,0.0,0.0,,,1.211251,0.0,0.0,,0.0,0.0,0.168,0.0,0.0,0.0,0.0,0.0,0.0,,0.0,0.0,0.0,0.0,0.0,0.0,0.0,0.43,,0.0,0.0,0.0,0.0,0.59,0.0,0.0,0.0,0.0
2014-04-01,0.075,0.22,0.42,0.0,0.0,0.0,0.0,0.0,0.0,0.0,0.0,0.0,0.0,0.0,0.6,0.0,0.0,0.0,0.0,0.0,0.0,0.71,0.0,0.36,0.0,0.0,0.0,0.0,0.635,0.0,0.0,0.0,0.0,0.0,0.0625,0.0,0.0,0.62,0.0,0.1,0.0,0.0,0.0,0.0,,0.0,0.0,0.18,0.185,0.0,0.28,0.0,0.0,0.0,0.167898,0.0,0.0,0.644,0.176357,0.2,0.0,0.0,0.0,0.29,0.0,0.0,0.0,0.0,0.1,0.0,0.0,0.0,0.0,2.0666,0.7,0.0,0.0,0.0,2.5,,0.0,0.0,0.0,0.0,0.0,0.0,0.0,0.6,0.0,0.0,1.22,0.0,2.25,0.0,0.0,0.0,0.0,0.0,0.0,1.0,0.0,,0.0,,,0.0,0.0,0.0,,,0.499375,0.0,0.0,,0.61,0.0,0.0,0.11095,0.0,0.0,0.0,0.0,0.0,,0.0,0.0,0.0,0.0,0.0,2.5,1.9,0.0,,0.0,0.0,0.0,0.0,0.0,1.22,0.0,0.0,0.7
2014-05-01,0.0,0.0,0.0,0.185,0.0,0.0,0.0,0.24,0.37,0.0,0.0,0.05,0.0,0.0,0.0,0.0,1.07,0.0,0.155,0.0,0.0,0.0,0.0,0.0,0.63,0.302908,0.0,0.43,0.0,0.393,0.0,0.32,0.69,0.39,0.0,0.0,0.0,0.0,0.0,0.0,0.0,1.051625,0.58,0.7,,0.0,0.0,0.0,0.0,0.81,0.0,0.18125,0.18,0.0,0.0,0.0,0.335,0.0,0.176357,0.0,0.283822,0.183333,0.0,0.0,0.0,0.43,1.08,0.16,0.0,1.5,0.75,5.3,2.7,0.0,0.0,2.6,0.0,0.0,0.0,,0.638443,2.1,0.8,0.5,0.6,0.415903,0.77,0.0,3.0,0.6,0.0,0.0,0.0,0.95,1.35,7.25,2.01,0.0,0.4,0.0,1.0,,0.0,,,0.7,4.06,0.465293,,,0.0,1.402004,1.45,,0.0,0.81,0.0,0.0,1.5,1.45,0.0,0.55,0.94,,0.0,0.0,0.242,0.0,0.05,0.0,0.0,0.0,,0.64,0.0,2.8,2.292,0.0,0.0,0.501033,4.0,0.0
2014-06-01,0.0,0.0,0.0,0.0,0.712303,0.275,0.0,0.0,0.0,0.421422,0.418009,0.0,0.116,0.343,0.0,0.35,0.0,0.0,0.0,0.44,0.0,0.0,0.305,0.0,0.0,0.0,0.275,0.0,0.0,0.0,1.3,0.0,0.0,0.0,0.0,0.78,0.12,0.0,0.575,0.0,0.42,0.0,0.0,0.0,,0.805369,0.65,0.0,0.0,0.0,0.0,0.0,0.0,0.37,0.0,0.655,0.0,0.0,0.177326,0.0,0.0,0.0,0.5,0.0,0.44,0.0,0.0,0.0,0.0,0.0,0.0,0.0,0.0,0.0,0.0,0.0,0.866667,0.0,0.0,,0.0,0.0,0.0,0.0,0.0,0.0,0.0,0.0,0.0,0.0,0.0,0.0,0.0,0.0,0.0,0.0,0.0,0.0,0.0,0.0,0.0,,0.0,,,0.0,0.0,0.0,,,0.0,0.0,0.0,,0.0,0.0,0.0,0.0,0.0,0.0,0.13,0.0,0.0,,1.2,0.0,0.0,0.0,0.0,0.0,0.0,0.0,,0.0,0.62,0.0,0.0,0.61,0.0,0.0,0.0,0.0
2014-07-01,0.075,0.22,0.42,0.0,0.0,0.0,0.0,0.0,0.0,0.0,0.0,0.0,0.0,0.0,0.7,0.0,0.0,0.65,0.0,0.0,0.0,0.74,0.0,0.36,0.0,0.0,0.0,0.0,0.635,0.0,0.0,0.0,0.0,0.0,0.0625,0.0,0.0,0.62,0.0,0.1,0.0,0.0,0.0,0.0,,0.0,0.0,0.23,0.185,0.0,0.305,0.0,0.0,0.0,0.201478,0.0,0.0,0.644,0.177326,0.2,0.0,0.0,0.0,0.29,0.0,0.0,0.0,0.0,0.1,0.0,0.0,0.0,0.0,0.0,0.0,0.0,0.0,0.0,0.0,,0.0,0.0,0.0,0.0,0.0,0.0,0.0,0.0,0.0,0.0,0.0,0.0,0.0,0.0,0.0,0.0,0.0,0.0,0.0,0.0,0.0,,0.0,,,0.0,0.0,0.0,,,0.0,0.0,0.0,,0.0,0.0,0.08,0.143271,0.0,0.0,0.0,0.0,0.0,,0.0,0.144,0.0,0.0,0.0,0.0,0.0,0.0,,0.0,0.0,0.0,0.0,0.0,0.0,0.0,0.0,0.0
2014-08-01,0.0,0.0,0.0,0.185,0.0,0.0,0.0,0.24,0.37,0.0,0.0,0.05,0.0,0.0,0.0,0.0,1.07,0.0,0.155,0.0,0.0,0.0,0.0,0.0,0.63,0.323102,0.0,0.43,0.0,0.0,0.0,0.0,0.69,0.39,0.0,0.0,0.0,0.0,0.0,0.0,0.0,1.051625,0.64,0.7,,0.0,0.0,0.0,0.0,0.81,0.0,0.18125,0.22,0.0,0.0,0.0,0.335,0.0,0.177326,0.0,0.283822,0.183333,0.0,0.0,0.0,0.52,1.08,0.16,0.0,0.0,0.0,0.0,0.0,0.0,0.0,0.0,0.0,0.0,0.0,,0.0,0.0,0.0,0.0,0.0,0.0,0.0,0.0,0.0,0.0,0.0,0.0,0.0,0.0,0.0,0.0,0.0,0.0,0.0,0.0,0.0,,0.0,,,0.0,0.0,0.0,,,0.0,0.0,0.0,0.0,0.0,0.0,0.0,0.0,0.0,0.0,0.0,0.0,0.0,,0.0,0.0,0.0,0.0,0.0,0.0,0.0,0.0,,0.0,0.0,0.0,0.0,0.0,0.0,0.0,0.0,0.0
2014-09-01,0.0,0.0,0.0,0.0,0.712303,0.275,1.095,0.0,0.0,0.421422,0.418009,0.0,0.116,0.343,0.0,0.35,0.0,0.65,0.0,0.44,0.0,0.0,0.305,0.0,0.0,0.0,0.275,0.0,0.635,0.393,1.3,0.0,0.0,0.0,0.0,0.87,0.12,0.0,0.575,0.0,0.485,0.0,0.0,0.0,,0.805369,0.65,0.0,0.0,0.0,0.0,0.0,0.0,0.37,0.0,0.655,0.0,0.0,0.177326,0.0,0.0,0.0,0.52,0.0,0.44,0.0,0.0,0.0,0.0,0.0,0.0,0.0,0.0,0.0,0.0,0.0,0.0,0.0,0.0,,0.0,0.0,0.0,0.0,0.0,0.0,0.0,0.0,0.0,0.0,0.0,0.0,0.0,0.0,0.0,0.0,0.0,0.0,0.0,0.0,0.0,,0.0,,,0.0,0.0,0.0,,,0.0,0.0,0.0,0.0,0.0,0.0,0.08,0.0,0.0,0.0,0.0,0.56,0.0,,0.0,0.0,0.0,0.0,0.0,0.0,0.0,0.0,,0.0,0.0,0.0,0.0,0.61,0.0,0.0,0.0,0.0
2014-10-01,0.075,0.22,0.42,0.0,0.0,0.0,0.0,0.0,0.0,0.0,0.0,0.055,0.0,0.0,0.7,0.0,0.0,0.0,0.0,0.0,0.0,0.74,0.0,0.36,0.0,0.0,0.0,0.0,0.0,0.0,0.0,0.0,0.0,0.0,0.0625,0.0,0.0,0.62,0.0,0.1,0.0,0.0,0.0,0.0,,0.0,0.0,0.23,0.185,0.0,0.305,0.0,0.0,0.0,0.201478,0.0,0.0,0.644,0.177326,0.2,0.0,0.0,0.0,0.29,0.0,0.0,0.0,0.0,0.11,0.0,0.0,0.0,0.0,0.0,0.0,0.0,0.0,0.0,0.0,,0.0,0.0,0.0,0.0,0.0,0.0,0.0,0.0,0.0,0.0,0.0,0.0,0.0,0.0,0.0,0.0,0.0,0.0,0.0,0.0,0.0,,0.0,,,0.0,0.0,0.0,0.0,,0.0,0.0,0.0,0.0,0.0,0.0,0.0,0.142329,0.0,0.0,0.0,0.0,0.0,,0.0,0.0,0.0,0.0,0.0,0.0,0.0,0.0,,0.0,0.0,0.0,0.0,0.0,0.0,0.0,0.0,0.0
2014-11-01,0.0,0.0,0.0,0.195,0.0,0.0,0.0,0.24,0.39,0.0,0.0,0.0,0.0,0.0,0.0,0.0,1.07,0.0,0.155,0.0,0.425,0.0,0.305,0.0,0.63,0.323102,0.0,0.47,0.0,0.0,0.0,0.32,0.69,0.39,0.0,0.0,0.0,0.0,0.0,0.0,0.0,1.051625,0.64,0.7,,0.0,0.0,0.0,0.0,0.85,0.0,0.18125,0.0,0.0,0.0,0.0,0.335,0.0,0.177326,0.0,0.283822,0.183333,0.0,0.0,0.0,0.52,1.08,0.0,0.0,0.0,0.0,0.0,0.0,0.0,0.0,0.0,0.0,0.0,0.0,,0.0,0.0,0.0,0.0,0.0,0.0,0.0,0.0,0.0,0.0,0.0,0.0,0.0,0.0,0.0,0.0,0.0,0.0,0.0,0.0,0.0,,0.0,,,0.0,0.0,0.0,0.0,,0.0,0.0,1.0,0.0,0.0,0.0,0.0,0.0,0.0,0.0,0.0,0.0,0.0,,0.0,0.0,0.242,0.0,0.0,0.0,0.0,0.0,,0.0,0.0,0.0,0.0,0.0,1.0,0.0,0.0,0.0
2014-12-01,0.0,0.0,0.0,0.0,0.712303,0.275,0.0,0.0,0.0,0.49,0.460193,0.0,0.126,0.343,0.0,0.38,0.0,0.65,0.0,0.44,0.0,0.0,0.0,0.0,0.0,0.0,0.33,0.0,0.0,0.393,1.3,0.0,0.0,0.0,0.0,0.87,0.65,0.0,0.575,0.0,0.485,0.0,0.0,0.0,,0.84,0.65,0.0,0.2,0.0,0.305,0.0,0.22,0.372,0.0,0.655,0.0,0.0,0.177326,0.0,0.0,0.0,0.52,0.3,0.44,0.0,0.0,0.16,0.0,0.0,0.0,0.0,0.0,0.0,0.0,0.0,0.0,0.0,0.0,,0.0,0.0,0.0,0.0,0.0,0.0,0.0,0.0,0.0,0.0,0.0,0.0,0.0,0.0,0.0,0.0,0.0,0.0,0.0,0.0,0.0,,0.0,,,0.0,0.0,0.0,0.0,,0.0,0.0,0.0,0.0,0.0,0.0,0.08,0.0,0.0,0.0,0.0,0.0,0.0,,0.0,0.127,0.0,0.0,0.0,0.0,1.25,0.0,,0.56,0.0,0.0,0.0,0.61,0.0,0.0,0.0,0.0
2015-01-01,0.0,0.24,0.49,0.0,0.0,0.0,0.0,0.0,0.0,0.0,0.0,0.0,0.0,0.0,0.7,0.0,0.0,0.0,0.0,0.0,0.0,0.74,0.0,0.36,0.0,0.0,0.0,0.0,0.681,0.0,0.0,0.0,0.0,0.0,0.07,0.0,0.0,0.62,0.0,0.125,0.0,0.0,0.0,0.0,,0.0,0.0,0.23,0.0,0.0,0.0,0.0,0.0,0.0,0.214909,0.0,0.0,0.644,0.18314,0.25,0.0,0.0,0.0,0.0,0.0,0.0,0.0,0.0,0.11,0.0,0.0,0.0,0.0,0.0,0.0,0.0,0.0,0.0,0.0,,0.0,0.0,0.0,0.0,0.0,0.0,0.0,0.0,0.0,0.0,0.0,0.0,0.0,0.0,0.0,0.0,0.0,0.0,0.0,0.0,0.0,,3.3,,,0.0,0.0,0.0,0.0,,0.0,0.0,0.0,0.0,0.0,0.0,0.0,0.137616,0.0,0.0,0.0,0.0,0.0,,0.0,0.0,0.0,0.0,0.0,0.0,0.0,0.0,,0.0,0.0,0.0,0.0,0.0,0.0,0.0,0.0,0.0
2015-02-01,0.095,0.0,0.0,0.195,0.0,0.0,0.0,0.28,0.39,0.0,0.0,0.055,0.0,0.0,0.0,0.0,1.07,0.0,0.1675,0.0,0.0,0.0,0.0,0.0,0.65,0.323102,0.0,0.47,0.0,0.418,0.0,0.0,0.69,0.39,0.0,0.0,0.0,0.0,0.0,0.0,0.0,1.051625,0.64,0.7,,0.0,0.0,0.0,0.0,0.85,0.0,0.1925,0.22,0.0,0.0,0.0,0.335,0.0,0.18314,0.0,0.312204,0.223333,0.0,0.0,0.0,0.52,1.08,0.0,0.0,0.0,0.0,0.0,0.0,0.0,0.0,0.0,0.0,0.0,0.0,,0.0,0.0,0.0,0.0,0.0,0.0,0.0,0.0,0.0,0.0,0.0,0.18,0.0,0.0,0.0,0.0,0.0,0.0,0.0,0.0,0.0,,0.0,,,0.0,0.0,0.0,0.0,,0.0,0.0,0.0,0.0,0.0,0.0,0.0,0.0,0.0,0.0,0.0,0.0,0.0,,0.0,0.0,0.0,0.0,0.0,0.0,0.0,0.0,,0.0,0.0,0.0,0.0,0.0,0.0,0.0,0.0,0.0
2015-03-01,0.0,0.0,0.0,0.0,0.749306,0.29,0.0,0.0,0.0,0.49,0.460193,0.0,0.126,0.343,0.0,0.38,0.0,0.65,0.0,0.46,0.0,0.0,0.33,0.0,0.0,0.0,0.33,0.0,0.0,0.0,1.44,0.0,0.0,0.0,0.0,0.87,0.15,0.0,0.615,0.0,0.485,0.0,0.0,0.0,,0.88,0.715,0.0,0.0,0.0,0.305,0.0,0.0,0.372,0.0,0.655,0.0,0.0,0.184109,0.0,0.0,0.0,0.52,0.3,0.52,0.0,0.0,0.163333,0.0,0.0,0.0,0.0,0.0,0.0,0.0,0.0,0.0,0.0,0.0,,0.0,0.0,0.0,0.0,0.0,0.0,0.0,0.0,0.0,0.0,0.0,0.0,0.0,0.0,0.0,0.0,0.0,0.0,0.0,0.0,0.0,,0.0,,,0.0,0.0,0.0,0.0,,0.0,0.0,0.0,0.0,0.0,0.0,0.13,0.0,0.0,0.0,0.0,0.0,0.0,,1.5,0.0,0.0,0.0,0.0,0.0,0.0,0.62,,0.0,0.0,0.0,0.0,0.61,0.0,0.0,0.0,0.0
2015-04-01,0.095,0.24,0.51,0.0,0.0,0.0,0.0,0.0,0.0,0.0,0.0,0.055,0.0,0.0,0.7,0.0,0.0,0.0,0.0,0.0,0.0,0.74,0.0,0.38,0.0,0.0,0.0,0.0,0.681,0.0,0.0,0.0,0.0,0.0,0.07,0.0,0.0,0.69,0.0,0.125,0.0,0.0,0.0,0.0,,0.0,0.0,0.23,0.2,0.0,0.0,0.0,0.0,0.0,0.214909,0.0,0.0,0.663,0.184109,0.25,0.0,0.0,0.0,0.0,2.0,0.0,0.0,0.0,0.11,0.0,0.0,0.0,0.0,0.0,0.7,0.0,0.0,0.0,0.0,,0.0,0.0,0.0,0.0,0.0,0.0,0.0,0.7,0.0,0.0,1.31,0.0,2.45,1.0,1.45,7.75,0.0,0.0,0.0,1.0,0.0,,0.0,,,0.0,0.0,0.0,0.0,,0.51,0.0,0.0,0.0,0.7,0.0,0.0,0.142329,0.0,0.0,0.0,0.0,0.0,,0.0,0.0,0.0,0.0,0.0,0.0,1.95,0.0,,0.64,0.0,0.0,1.92,0.0,1.22,0.0,0.0,0.71
2015-05-01,0.0,0.0,0.0,0.195,0.0,0.0,0.0,0.28,0.39,0.0,0.0,0.0,0.0,0.0,0.0,0.0,1.07,0.0,0.1675,0.0,0.0,0.0,0.0,0.0,0.65,0.323102,0.0,0.47,0.0,0.418,0.0,0.36,0.73,0.44,0.0,0.0,0.0,0.0,0.0,0.0,0.0,1.24283,0.64,0.75,,0.0,0.0,0.0,0.0,0.85,0.0,0.1925,0.22,0.0,0.0,0.0,0.36,0.0,0.184109,0.0,0.312204,0.223333,0.0,0.0,0.0,0.52,1.17,0.163333,0.0,1.5,0.0,6.85,2.8,2.214214,0.0,2.9,0.0,0.0,3.25,,0.66938,2.1,0.85,0.5,0.5,0.0,0.78,0.0,4.25,0.75,0.0,0.0,0.0,0.0,0.0,0.0,2.01,0.0,0.3,0.0,1.1,,0.0,,,0.75,4.86,0.518469,0.0,,0.0,1.542205,2.0,0.0,0.0,0.95,0.0,0.0,1.5,1.5,0.0,0.56,1.02,,0.0,0.0,0.26,0.12,0.07,2.7,0.0,0.0,,0.0,0.0,2.85,0.0,0.0,0.0,0.601239,4.8,0.0
2015-06-01,0.0,0.0,0.0,0.0,0.749306,0.29,0.0,0.0,0.0,0.49,0.460193,0.0,0.126,0.387,0.0,0.38,0.0,0.67,0.0,0.46,0.0,0.0,0.33,0.0,0.0,0.0,0.33,0.0,0.0,0.0,1.44,0.0,0.0,0.0,0.0,0.87,0.15,0.69,0.615,0.0,0.485,0.0,0.0,0.0,,0.88,0.715,0.0,0.0,0.0,0.38,0.0,0.0,0.373,0.0,0.703,0.0,0.0,0.184109,0.0,0.0,0.0,0.52,0.3,0.52,0.0,0.0,0.0,0.0,0.0,1.2,0.0,0.0,0.0,0.0,0.0,0.9,0.0,0.0,,0.0,0.0,0.0,0.0,0.0,0.0,0.0,0.0,0.0,0.0,0.0,0.0,0.0,0.0,0.0,0.0,0.0,0.0,0.0,0.0,0.0,,0.0,,,0.0,0.0,0.0,0.0,,0.0,0.0,0.0,0.0,0.0,0.0,0.0,0.0,0.0,0.0,0.14,0.0,0.0,,6.45,0.0,0.0,0.0,0.0,0.0,0.0,0.0,,0.0,0.62,0.0,0.0,0.61,0.0,0.0,0.0,0.0
2015-07-01,0.095,0.24,0.51,0.0,0.0,0.0,0.0,0.0,0.0,0.0,0.0,0.0,0.0,0.0,0.77,0.0,0.0,0.0,0.0,0.0,0.0,0.77,0.0,0.38,0.0,0.0,0.0,0.0,0.681,0.0,0.0,0.0,0.0,0.0,0.07,0.0,0.0,0.0,0.0,0.125,0.0,0.0,0.0,0.0,,0.0,0.0,0.28,0.2,0.0,0.0,0.0,0.0,0.0,0.214909,0.0,0.0,0.663,0.184109,0.25,0.0,0.0,0.0,0.0,0.0,0.0,0.0,0.0,0.11,0.0,0.0,0.0,0.0,0.0,0.0,0.0,0.0,0.0,0.0,,0.0,0.0,0.0,0.0,0.0,0.0,0.0,0.0,0.0,0.0,0.0,0.0,0.0,0.0,0.0,0.0,0.0,0.0,0.0,0.0,0.0,,0.0,,,0.0,0.0,0.0,0.0,,0.0,0.0,0.0,0.0,0.0,0.0,0.08,0.0,0.0,0.0,0.0,0.0,0.0,,0.0,0.144,0.0,0.0,0.0,0.0,0.0,0.0,,0.0,0.0,0.0,0.0,0.0,0.0,0.0,0.0,0.0
2015-08-01,0.0,0.0,0.0,0.195,0.0,0.0,0.0,0.28,0.39,0.0,0.0,0.055,0.0,0.0,0.0,0.0,1.07,0.0,0.1675,0.0,0.0,0.0,0.0,0.0,0.65,0.339257,0.0,0.47,0.0,0.0,0.0,0.0,0.73,0.44,0.0,0.0,0.0,0.0,0.0,0.0,0.0,1.24283,0.67,0.75,,0.0,0.0,0.0,0.0,0.85,0.0,0.1925,0.24,0.0,0.0,0.0,0.36,0.0,0.184109,0.0,0.312204,0.223333,0.0,0.0,0.0,0.56,1.17,0.163333,0.0,0.0,0.0,0.0,0.0,0.0,0.0,0.0,0.0,0.0,0.0,,0.0,0.0,0.0,0.0,0.0,0.0,0.0,0.0,0.0,0.0,0.0,0.0,0.0,0.0,0.0,0.0,0.0,0.0,0.0,0.0,0.0,,0.0,,,0.0,0.0,0.0,0.0,,0.0,0.0,0.0,0.0,0.0,0.0,0.0,0.047129,0.0,0.0,0.0,0.0,0.0,,0.0,0.0,0.0,0.24,0.0,0.0,0.0,0.0,,0.0,0.0,0.0,0.0,0.0,0.0,0.0,0.0,0.0
2015-09-01,0.0,0.0,0.0,0.0,0.749306,0.29,0.985,0.0,0.0,0.49,0.460193,0.0,0.126,0.387,0.0,0.38,0.0,0.67,0.0,0.46,0.0,0.0,0.33,0.0,0.0,0.0,0.33,0.0,0.0,0.418,1.44,0.0,0.0,0.0,0.0,0.94,0.15,0.0,0.615,0.0,0.55,0.0,0.0,0.0,,0.88,0.715,0.0,0.0,0.0,0.38,0.0,0.0,0.373,0.0,0.703,0.0,0.0,0.185078,0.0,0.0,0.0,0.55,0.3,0.52,0.0,0.0,0.0,0.0,0.0,0.0,0.0,0.0,0.0,0.0,0.0,0.0,0.0,0.0,,0.0,0.0,0.0,0.0,0.0,0.0,0.0,0.0,0.0,0.0,0.0,0.0,0.0,0.0,0.0,0.0,0.0,0.0,0.0,0.0,0.0,,0.0,,,0.0,0.0,0.0,0.0,,0.0,0.0,0.0,0.0,0.0,0.0,0.0,0.0,0.0,0.0,0.0,0.4,0.0,,0.0,0.0,0.0,0.0,0.0,0.0,0.0,0.0,,0.0,0.0,0.0,0.0,0.61,0.0,0.0,0.0,0.18
2015-10-01,0.095,0.24,0.51,0.0,0.0,0.0,0.0,0.0,0.0,0.0,0.0,0.0,0.0,0.0,0.77,0.0,0.0,0.0,0.0,0.0,0.0,0.77,0.0,0.38,0.0,0.0,0.0,0.0,0.681,0.0,0.0,0.0,0.0,0.0,0.07,0.0,0.0,0.69,0.0,0.125,0.0,0.0,0.0,0.0,,0.0,0.0,0.28,0.2,0.0,0.0,0.0,0.0,0.0,0.214909,0.0,0.0,0.663,0.185078,0.25,0.0,0.0,0.0,0.0,0.0,0.0,0.0,0.0,0.12,0.0,0.0,0.0,0.0,0.0,0.0,0.0,0.0,0.0,0.0,,0.0,0.0,0.0,0.0,0.0,0.0,0.0,0.0,0.0,0.0,0.0,0.0,0.0,0.0,0.0,0.0,0.0,0.0,0.0,0.0,0.0,0.0,0.0,,,0.0,0.0,0.0,0.0,,0.0,0.0,0.0,0.0,0.0,0.0,0.08,0.047129,0.0,0.0,0.0,0.0,0.0,,0.0,0.0,0.0,0.0,0.0,0.0,0.0,0.0,,0.0,0.0,0.0,0.0,0.0,0.0,0.0,0.0,0.0
2015-11-01,0.0,0.0,0.0,0.205,0.0,0.0,0.0,0.28,0.42,0.0,0.0,0.0615,0.0,0.0,0.0,0.0,1.07,0.0,0.1675,0.0,0.2625,0.0,0.33,0.0,0.65,0.339257,0.0,0.475,0.0,0.0,0.0,0.36,0.73,0.44,0.0,0.0,0.0,0.0,0.0,0.0,0.0,1.24283,0.67,0.75,,0.0,0.0,0.0,0.0,0.89,0.0,0.1925,0.0,0.0,0.0,0.0,0.36,0.0,0.185078,0.0,0.312204,0.223333,0.0,0.0,0.0,0.56,1.17,0.0,0.0,0.0,0.0,0.0,0.0,0.0,0.0,0.0,0.0,0.0,0.0,,0.0,0.0,0.0,0.0,0.0,0.0,0.0,0.0,0.0,0.0,0.0,0.0,0.0,0.0,0.0,0.0,0.0,0.0,0.0,0.0,0.0,0.0,0.0,,,0.0,0.0,0.0,0.0,,0.0,0.0,1.6,0.0,0.0,0.0,0.0,0.0,0.0,0.0,0.0,0.0,0.0,,0.0,0.0,0.26,0.0,0.0,0.0,0.0,0.0,,0.0,0.0,0.0,0.0,0.0,0.57,0.0,0.0,0.0
2015-12-01,0.0,0.0,0.0,0.0,0.749306,0.29,0.0,0.0,0.0,0.53,0.506213,0.0,0.136,0.387,0.0,0.43,0.0,0.67,0.0,0.92,0.0,0.0,0.0,0.0,0.0,0.0,0.35,0.0,0.73,0.418,1.44,0.0,0.0,0.0,0.0,0.94,0.18,0.0,0.615,0.0,0.55,0.0,0.0,0.0,,0.88,0.715,0.0,0.215,0.0,0.38,0.0,0.24,0.375,0.0,0.703,0.0,0.0,0.185078,0.0,0.0,0.0,0.55,0.0,0.52,0.0,0.0,0.163333,0.0,0.0,0.0,0.0,0.0,0.0,0.0,0.0,0.0,0.0,0.0,,0.0,0.0,0.0,0.0,0.0,0.0,0.0,0.0,0.0,0.0,0.0,0.0,0.0,0.0,0.0,0.0,0.0,0.0,0.0,0.0,0.0,0.0,0.0,,,0.0,0.0,0.0,0.0,,0.0,0.0,0.0,0.0,0.0,0.0,0.0,0.0,0.0,0.0,0.0,0.0,0.0,,0.0,0.0,0.0,0.0,0.0,0.0,1.35,0.0,,0.6,0.0,0.0,0.0,0.61,0.0,0.0,0.0,0.0
2016-01-01,0.0,0.26,0.57,0.0,0.0,0.0,0.0,0.0,0.0,0.0,0.0,0.0,0.0,0.0,0.77,0.0,0.0,0.0,0.0,0.0,0.0,0.77,0.0,0.38,0.0,0.0,0.0,0.0,0.0,0.0,0.0,0.0,0.0,0.0,0.075,0.0,0.0,0.69,0.0,0.145,0.0,0.0,0.0,0.0,,0.0,0.0,0.28,0.0,0.0,0.0,0.0,0.0,0.0,0.221625,0.0,0.0,0.663,0.192829,0.3,0.0,0.0,0.0,0.31,0.0,0.0,0.0,0.0,0.12,0.0,0.0,0.0,0.0,0.0,0.0,0.0,0.0,0.0,0.0,,0.0,0.0,0.0,0.0,0.0,0.0,0.0,0.0,0.0,0.0,0.0,0.0,0.0,0.0,0.0,0.0,0.0,0.0,0.0,0.0,0.0,0.0,3.5,,,0.0,0.0,0.0,0.0,,0.0,0.0,0.0,0.0,0.0,0.0,0.08,0.0,0.0,0.0,0.0,0.0,0.0,,0.0,0.127,0.0,0.0,0.0,0.0,0.0,0.0,,0.0,0.0,0.0,0.0,0.0,0.0,0.0,0.0,0.0
2016-02-01,0.12,0.0,0.0,0.205,0.0,0.0,0.965,0.3,0.42,0.0,0.0,0.0615,0.0,0.0,0.0,0.0,1.07,0.0,0.1775,0.0,0.0,0.0,0.0,0.0,0.67,0.339257,0.0,0.475,0.0,0.445,0.0,0.0,0.73,0.44,0.0,0.0,0.0,0.0,0.0,0.0,0.0,1.24283,0.67,0.75,,0.0,0.0,0.0,0.0,0.89,0.0,0.2175,0.24,0.0,0.0,0.0,0.36,0.0,0.192829,0.0,0.340587,0.28,0.55,0.0,0.0,0.56,1.17,0.0,0.0,0.0,0.0,0.0,0.0,0.0,0.0,0.0,0.0,0.0,0.0,,0.0,0.0,0.0,0.0,0.0,0.0,0.0,0.0,0.0,0.0,0.0,0.2,0.0,0.0,0.0,0.0,0.0,0.0,0.0,0.0,0.0,0.0,0.0,,,0.0,0.0,0.0,0.0,,0.0,0.0,0.0,0.0,0.0,0.0,0.0,0.047129,0.0,0.0,0.0,0.0,0.0,0.0,1.5,0.0,0.0,0.0,0.0,0.0,0.0,0.0,,0.0,0.0,0.0,0.0,0.0,0.0,0.0,0.0,0.0
2016-03-01,0.0,0.0,0.0,0.0,0.79556,0.305,0.0,0.0,0.0,0.53,0.506213,0.0,0.136,0.387,0.0,0.43,0.0,0.67,0.0,0.48,0.0,0.0,0.35,0.0,0.0,0.0,0.35,0.0,0.0,0.0,1.6,0.0,0.0,0.0,0.0,0.94,0.18,0.0,0.658,0.0,0.55,0.0,0.0,0.0,,0.92,0.75,0.0,0.0,0.0,0.38,0.0,0.0,0.375,0.0,0.703,0.0,0.0,0.192829,0.0,0.0,0.0,0.0,0.31,0.54,0.0,0.0,0.166667,0.0,0.0,0.0,0.0,0.0,0.0,0.0,0.0,0.0,0.0,0.0,,0.0,0.0,0.0,0.0,0.0,0.0,0.0,0.0,0.0,0.0,0.0,0.0,0.0,0.0,0.0,0.0,0.0,0.0,0.0,0.0,0.0,0.0,0.0,,,0.0,0.0,0.0,0.0,,0.0,0.0,0.0,0.0,0.0,0.0,0.0,0.0,0.0,0.0,0.0,0.0,0.0,0.0,0.0,0.0,0.0,0.0,0.0,0.0,0.0,0.64,,0.0,0.0,0.0,0.0,0.61,0.0,0.0,0.0,0.0
2016-04-01,0.12,0.26,0.57,0.0,0.0,0.0,0.0,0.0,0.0,0.0,0.0,0.0,0.0,0.0,0.77,0.0,0.0,0.0,0.0,0.0,0.0,0.77,0.0,0.39,0.0,0.0,0.0,0.0,0.73,0.0,0.0,0.0,0.0,0.0,0.075,0.0,0.0,0.76,0.0,0.145,0.0,0.0,0.0,0.0,,0.0,0.0,0.28,0.215,0.0,0.0,0.0,0.0,0.0,0.221625,0.0,0.0,0.67,0.192829,0.3,0.0,0.0,0.0,0.0,0.0,0.0,0.0,0.0,0.12,0.0,0.0,0.0,0.0,0.0,0.7,0.0,0.0,0.2,0.0,,0.0,0.0,0.0,0.0,0.0,0.0,0.0,0.8,0.0,0.0,1.47,0.0,3.25,0.0,1.7,8.25,0.0,0.0,0.0,0.13,0.0,0.0,0.0,,,0.0,0.0,0.0,0.0,,0.5525,0.0,2.0,0.0,0.0,0.0,0.129,0.047129,0.0,0.0,0.0,0.0,0.0,0.0,0.0,0.0,0.3,0.41,0.0,3.1,2.2,0.0,,0.0,0.0,0.0,0.0,0.0,1.27,0.601239,0.0,0.57
2016-05-01,0.0,0.0,0.0,0.205,0.0,0.0,0.0,0.3,0.42,0.0,0.0,0.0615,0.0,0.0,0.0,0.0,1.07,0.0,0.1775,0.0,0.0,0.0,0.0,0.0,0.67,0.339257,0.0,0.475,0.0,0.445,0.0,0.4,0.75,0.5,0.0,0.0,0.0,0.0,0.0,0.0,0.0,1.338432,0.67,0.8,,0.0,0.0,0.0,0.0,0.0,0.0,0.2175,0.24,0.0,0.0,0.0,0.4,0.0,0.192829,0.0,0.340587,0.28,0.55,0.0,0.0,0.56,1.22,0.166667,0.0,1.6,1.3,7.3,2.9,2.460238,0.0,3.2,0.0,0.0,3.75,,0.0,2.25,0.85,0.55,0.0,0.548993,0.8,0.0,4.75,1.3,0.0,0.0,0.0,1.05,0.0,0.0,0.0,0.0,1.1,0.0,1.15,0.0,0.0,,,0.8,0.0,0.745288,0.0,,0.0,1.572444,0.0,0.0,1.05,1.1,0.0,0.0,0.0,1.6,0.0,0.4,1.11,0.46,0.0,0.0,0.0,0.0,0.14,0.0,0.0,0.0,,0.78,0.0,2.93,2.0,0.0,0.0,0.0,0.0,0.0
2016-06-01,0.0,0.0,0.0,0.0,0.79556,0.305,0.0,0.0,0.0,0.53,0.506213,0.0,0.136,0.449,0.0,0.43,0.0,0.69,0.0,0.48,0.0,0.0,0.35,0.0,0.0,0.0,0.35,0.0,0.0,0.0,1.6,0.0,0.0,0.0,0.0,0.94,0.18,0.76,0.658,0.0,0.55,0.0,0.0,0.0,,0.92,0.75,0.0,0.0,0.89,0.0,0.0,0.0,0.375,0.0,0.753,0.0,0.0,0.193798,0.0,0.0,0.0,0.0,0.31,0.54,0.0,0.0,0.0,0.0,0.0,0.0,0.0,0.0,0.0,0.0,0.0,1.0,0.0,0.0,,0.0,0.0,0.0,0.0,0.5,0.0,0.0,0.0,0.0,0.0,0.0,0.0,0.0,0.0,0.0,0.0,1.01,0.0,0.0,0.0,0.0,0.0,0.0,,,0.0,0.17,0.0,0.0,,0.0,0.0,0.0,0.0,0.0,0.0,0.0,0.0,2.31,0.0,0.16,0.0,0.0,0.0,1.85,0.0,0.0,0.0,0.0,0.0,0.0,0.0,,0.0,1.24,0.0,0.0,0.61,0.0,0.0,0.11,0.0
2016-07-01,0.12,0.26,0.57,0.0,0.0,0.0,0.0,0.0,0.0,0.0,0.0,0.0,0.0,0.0,0.77,0.0,0.0,0.0,0.0,0.0,0.0,0.8,0.0,0.39,0.0,0.0,0.0,0.0,0.73,0.0,0.0,0.0,0.0,0.0,0.075,0.0,0.0,0.0,0.0,0.145,0.0,0.0,0.0,0.0,,0.0,0.0,0.35,0.215,0.0,0.43,0.0,0.0,0.0,0.228341,0.0,0.0,0.67,0.193798,0.3,0.0,0.0,0.0,0.0,0.0,0.0,0.0,0.0,0.12,0.0,0.0,0.0,0.0,0.0,0.0,0.0,0.0,0.0,0.0,,0.0,0.0,0.0,0.0,0.0,0.0,0.0,0.0,0.0,0.0,0.0,0.0,0.0,0.0,0.0,0.0,0.0,0.0,0.0,0.0,0.0,0.0,0.0,,,0.0,0.0,0.0,0.0,,1.370627,0.0,0.0,0.0,0.0,0.0,0.08,0.051842,0.0,0.0,0.0,0.0,0.0,0.0,0.0,0.03,0.0,0.0,0.0,0.0,0.0,0.0,,0.0,0.0,0.0,0.0,0.0,0.0,0.0,0.0,0.0
2016-08-01,0.0,0.0,0.0,0.205,0.0,0.0,0.0,0.3,0.42,0.0,0.0,0.0615,0.136,0.0,0.0,0.43,1.07,0.0,0.1775,0.0,0.0,0.0,0.0,0.0,0.67,0.355412,0.0,0.475,0.0,0.0,0.0,0.0,0.75,0.5,0.0,0.0,0.0,0.0,0.0,0.0,0.0,1.338432,0.75,0.8,,0.0,0.0,0.0,0.0,0.89,0.0,0.2175,0.27,0.0,0.0,0.753,0.4,0.0,0.195736,0.0,0.340587,0.28,0.58,0.0,0.0,0.6,1.22,0.166667,0.0,0.0,0.0,0.0,0.0,0.0,0.0,0.0,0.0,0.0,0.0,,0.0,0.0,0.0,0.0,0.0,0.0,0.0,0.0,0.0,0.0,0.0,0.0,0.0,0.0,0.0,0.0,0.0,0.0,0.0,0.0,0.0,0.0,0.0,,,0.0,0.0,0.0,0.0,,0.0,0.0,0.0,0.0,0.0,0.0,0.0,0.0,0.0,0.0,0.0,0.0,0.0,0.0,0.0,0.0,0.0,0.24,0.0,0.0,0.0,0.0,,0.0,0.0,0.0,0.0,0.0,0.0,0.0,0.0,0.19
2016-09-01,0.0,0.0,0.0,0.0,0.0,0.305,1.1,0.0,0.0,0.53,0.506213,0.0,0.0,0.449,0.0,0.0,0.0,0.69,0.0,0.48,0.0,0.0,0.35,0.0,0.0,0.0,0.35,0.0,0.0,0.445,1.6,0.0,0.0,0.0,0.0,0.98,0.18,0.0,0.658,0.0,0.65,0.0,0.0,0.0,,0.92,0.75,0.0,0.0,0.0,0.43,0.0,0.0,0.375,0.0,0.0,0.0,0.0,0.195736,0.0,0.0,0.0,0.0,0.0,0.54,0.0,0.0,0.0,0.0,0.0,0.0,0.0,0.0,0.0,0.0,0.0,0.0,0.0,0.0,,0.0,0.0,0.0,0.0,0.0,0.0,0.0,0.0,0.0,0.0,0.0,0.0,0.0,0.0,0.0,0.0,0.0,0.0,0.0,0.0,0.0,0.0,0.0,,,0.0,0.0,0.0,0.0,,0.0,0.0,0.0,0.0,0.0,0.0,0.0,0.0,0.0,0.0,0.0,0.4,0.0,0.0,0.0,0.0,0.0,0.0,0.0,0.0,0.0,0.0,,0.0,0.0,0.0,0.0,0.61,0.0,0.0,0.0,0.0
2016-10-01,0.12,0.26,0.57,0.0,0.86,0.0,0.0,0.0,0.0,0.0,0.0,0.0675,0.0,0.0,0.77,0.0,0.0,0.0,0.0,0.0,0.0,0.8,0.0,0.39,0.0,0.0,0.0,0.0,0.73,0.0,0.0,0.0,0.0,0.0,0.075,0.0,0.0,0.76,0.0,0.145,0.0,0.0,0.0,0.0,,0.0,0.0,0.35,0.215,0.0,0.0,0.0,0.0,0.0,0.228341,0.0,0.0,0.67,0.195736,0.3,0.0,0.0,0.0,0.31,0.0,0.0,0.0,0.0,0.13,0.0,0.0,0.0,0.0,0.0,0.0,0.0,0.0,0.0,0.0,,0.0,0.0,0.0,0.0,0.0,0.0,0.0,0.0,0.0,0.0,0.0,0.0,0.0,0.0,0.0,0.0,0.0,0.0,0.0,0.0,0.0,0.0,0.0,,,0.0,0.0,0.0,0.0,,0.0,0.0,0.0,0.0,0.0,0.0,0.08,0.042416,0.0,0.0,0.0,0.0,0.0,0.0,0.0,0.0,0.3,0.0,0.0,0.0,0.0,0.0,,0.0,0.0,0.0,0.0,0.0,0.0,0.0,0.0,0.0
2016-11-01,0.0,0.0,0.0,0.215,0.0,0.0,0.0,0.3,0.45,0.0,0.0,0.0,0.1464,0.0,0.0,0.0,1.08,0.0,0.178,0.0,0.3325,0.0,0.35,0.0,0.67,0.355412,0.0,0.48,0.0,0.0,0.0,0.4,0.75,0.5,0.0,0.0,0.0,0.0,0.0,0.0,0.0,1.338432,0.75,0.8,,0.0,0.0,0.0,0.0,0.94,0.0,0.2175,0.0,0.0,0.0,0.753,0.4,0.0,0.195736,0.0,0.340587,0.28,0.58,0.0,0.0,0.6,1.22,0.0,0.0,0.0,0.0,0.0,0.0,0.0,0.0,0.0,0.0,0.0,0.0,,0.0,0.0,0.0,0.0,0.0,0.0,0.0,0.0,0.0,0.0,0.0,0.0,0.0,0.0,0.0,0.0,0.0,0.0,0.0,0.0,0.0,0.0,0.0,,,0.0,0.0,0.0,0.0,,0.0,0.0,1.6,0.0,0.0,0.0,0.0,0.0,0.0,0.0,0.0,0.0,0.0,0.0,0.0,0.0,0.0,0.0,0.0,0.0,1.4,0.0,,0.0,0.0,0.0,0.0,0.0,0.63,0.0,0.0,0.0
2016-12-01,0.0,0.0,0.0,0.0,0.86,0.305,0.0,0.0,0.0,0.57,0.559902,0.0,0.0,0.449,0.0,0.45,0.0,0.69,0.0,0.48,0.0,0.0,0.0,0.0,0.0,0.0,0.37,0.0,0.0,0.445,1.6,0.0,0.0,0.0,0.0,0.98,0.2,0.0,0.658,0.0,0.65,0.0,0.0,0.0,,0.92,0.75,0.0,0.235,0.0,0.43,0.0,0.27,0.378,0.0,0.0,0.0,0.0,0.196705,0.0,0.0,0.0,0.0,0.0,0.54,0.0,0.0,0.166667,0.0,0.0,0.0,0.0,0.0,0.0,0.0,0.0,0.0,0.0,0.0,,0.0,0.0,0.0,0.0,0.0,0.0,0.0,0.0,0.0,0.0,0.0,0.0,0.0,0.0,0.0,0.0,0.0,0.0,0.0,0.0,0.0,0.0,0.0,,,0.0,0.0,0.0,0.0,,0.0,0.0,0.0,0.0,0.0,0.0,0.0,0.0,0.0,0.0,0.0,0.0,0.0,0.0,0.0,0.0,0.0,0.0,0.0,0.0,0.0,0.0,,0.69,0.0,0.0,0.0,0.61,0.0,0.0,0.0,0.0
2017-01-01,0.14,0.265,0.64,0.0,0.0,0.0,0.0,0.0,0.0,0.0,0.0,0.0,0.0,0.0,0.77,0.0,0.0,0.0,0.0,0.0,0.0,0.8,0.0,0.39,0.0,0.0,0.0,0.0,0.783,0.0,0.0,0.0,0.0,0.0,0.08,0.0,0.0,0.76,0.0,0.17,0.0,0.0,0.0,0.0,,0.0,0.0,0.35,0.0,0.0,0.0,0.0,0.0,0.0,0.231699,0.0,0.0,0.67,0.204457,0.35,0.0,0.0,0.0,0.33,0.0,0.0,0.0,0.0,0.13,0.0,0.0,0.0,0.0,0.0,0.0,0.0,0.0,0.0,0.0,,0.0,0.0,0.0,0.0,0.0,0.0,0.0,0.0,0.0,0.0,0.0,0.0,0.0,0.0,0.0,0.0,0.0,1.0633609,0.0,0.0,0.0,0.0,0.0,,,0.0,0.0,0.0,0.0,,0.0,0.0,0.0,0.0,0.0,0.0,0.08,0.051842,0.0,0.0,0.09,0.0,0.0,0.0,0.0,0.135,0.0,0.0,0.0,0.0,0.0,0.0,,0.0,0.0,0.0,0.0,0.0,0.0,0.0,0.0,0.0
2017-02-01,0.0,0.0,0.0,0.215,0.0,0.0,0.99,0.32,0.45,0.0,0.0,0.0675,0.0,0.0,0.0,0.0,1.08,0.0,0.19,0.0,0.0,0.0,0.0,0.0,0.69,0.355412,0.0,0.48,0.0,0.475,0.0,0.0,0.75,0.5,0.0,0.0,0.0,0.0,0.0,0.0,0.0,1.338432,0.75,0.8,,0.0,0.0,0.0,0.0,0.94,0.0,0.24575,0.27,0.0,0.0,0.0,0.4,0.0,0.204457,0.0,0.38789,0.283333,0.58,0.0,0.0,0.6,1.22,0.0,0.0,0.0,0.0,0.0,0.0,0.0,0.0,0.0,0.0,0.0,0.0,,0.0,0.0,0.0,0.0,0.0,0.0,0.0,0.0,0.0,0.0,0.0,0.22,0.0,0.0,0.0,0.0,0.0,0.0,0.0,0.0,0.0,0.0,3.6,,,0.0,0.0,0.0,0.0,,0.0,0.0,0.0,0.0,0.0,0.0,0.0,0.0,0.0,0.0,0.0,0.0,0.0,0.0,1.5,0.0,0.0,0.0,0.0,0.0,0.0,0.0,,0.0,0.0,0.0,0.0,0.0,0.0,0.0,0.0,0.0
2017-03-01,0.0,0.0,0.0,0.0,0.95,0.32,0.0,0.0,0.0,0.57,0.559902,0.0,0.1464,0.449,0.0,0.45,0.0,0.69,0.0,0.5,0.0,0.0,0.37,0.0,0.0,0.0,0.37,0.0,0.0,0.0,1.75,0.0,0.0,0.0,0.0,0.98,0.2,0.0,0.675,0.0,0.65,0.0,0.0,0.0,,0.97,0.788,0.0,0.0,0.0,0.43,0.0,0.0,0.378,0.0,0.753,0.0,0.0,0.204457,0.0,0.0,0.0,0.0,0.0,0.57,0.0,0.0,0.17,0.0,0.0,0.0,0.0,0.0,0.0,0.0,0.0,0.0,0.0,0.0,,0.0,0.0,0.0,0.0,0.0,0.0,0.0,0.0,0.0,0.0,0.0,0.0,3.25,0.0,0.0,0.0,0.0,0.0,0.0,0.0,0.0,0.0,0.0,,,0.0,0.0,0.0,0.0,,0.0,0.0,0.0,0.0,0.0,0.0,0.0,0.0,0.0,0.0,0.0,0.0,0.0,0.0,0.0,0.0,0.0,0.0,0.0,0.0,0.0,0.65,,0.0,0.0,0.0,0.0,0.61,0.0,0.0,0.0,0.0
2017-04-01,0.14,0.265,0.64,0.0,0.0,0.0,0.0,0.0,0.0,0.0,0.0,0.0,0.0,0.0,0.77,0.0,0.0,0.0,0.0,0.0,0.0,0.8,0.0,0.4,0.0,0.0,0.0,0.0,0.783,0.0,0.0,0.0,0.0,0.0,0.08,0.0,0.0,0.84,0.0,0.17,0.0,0.0,0.0,0.0,,0.0,0.0,0.35,0.235,0.0,0.0,0.0,0.0,0.0,0.231699,0.0,0.0,0.69,0.204457,0.35,0.0,0.0,0.0,0.33,0.0,0.0,0.0,0.0,0.13,0.0,1.35,0.0,0.0,0.0,0.7,0.0,0.0,0.0,4.25,,0.0,0.0,0.0,0.0,0.0,0.0,0.0,0.8,0.0,0.0,1.62,0.0,0.0,0.0,0.0,8.6,0.0,0.0,0.0,0.0,0.0,0.0,0.0,,,0.0,0.0,0.0,0.0,,0.57,0.0,0.0,0.0,1.2,0.0,0.131,0.051842,0.0,0.0,0.0,0.4,0.0,0.635,0.0,0.0,0.34,0.0,0.0,3.3,2.6,0.0,,0.0,0.0,0.0,0.0,0.0,1.47,0.0,0.0,0.6
2017-05-01,0.0,0.0,0.0,0.215,0.0,0.0,0.0,0.32,0.45,0.0,0.0,0.0675,0.0,0.0,0.0,0.45,1.08,0.0,0.19,0.0,0.0,0.0,0.0,0.0,0.69,0.355412,0.0,0.48,0.0,0.475,0.0,0.42,0.77,0.56,0.0,0.0,0.0,0.0,0.0,0.0,0.0,1.434034,0.75,0.84,,0.0,0.0,0.0,0.0,0.0,0.0,0.24575,0.27,0.0,0.0,0.805,0.4,0.0,0.204457,0.0,0.38789,0.283333,0.0,0.0,0.0,0.6,1.28,0.17,0.0,2.0,0.0,7.6,3.0,2.657057,0.0,3.5,0.0,0.0,0.0,,0.19,2.35,1.05,0.0,0.21,0.618864,0.96,0.0,5.0,1.6,0.0,0.0,0.0,1.2,1.9,0.0,1.01,0.0,1.45,0.0,1.25,0.0,0.0,,,0.85,2.06,0.888003,0.0,,0.0,1.614395,2.0,0.0,0.0,1.16,0.0,0.0,2.7,1.7,0.0,0.0,1.5,0.0,0.0,0.0,0.0,0.42,0.178,0.0,0.0,0.0,,0.0,0.0,2.96,2.04,0.0,0.0,0.0,2.0,0.0
2017-06-01,0.0,0.0,0.0,0.0,0.95,0.32,0.0,0.0,0.0,0.57,0.559902,0.0,0.1464,0.462,0.0,0.0,0.0,0.71,0.0,0.5,0.0,0.0,0.37,0.0,0.0,0.0,0.37,0.0,0.0,0.0,1.75,0.0,0.0,0.0,0.0,0.98,0.2,0.0,0.675,0.0,0.65,0.0,0.0,0.0,,0.97,0.788,0.0,0.0,0.94,0.0,0.0,0.0,0.378,0.0,0.0,0.0,0.0,0.205426,0.0,0.0,0.0,0.58,0.0,0.57,0.0,0.0,0.0,0.0,0.0,0.0,0.0,0.0,0.0,0.0,0.0,1.05,0.0,0.0,,0.0,0.0,0.0,0.6,0.0,0.0,0.0,0.0,0.0,0.0,0.0,0.0,0.0,0.0,0.0,0.0,0.0,0.0,0.0,0.0,0.0,0.3,0.0,,,0.0,0.0,0.0,0.0,,0.0,0.0,0.0,0.0,0.0,0.0,0.0,0.0,0.0,0.0,0.0,0.0,0.0,0.0,2.25,0.0,0.0,0.0,0.0,0.0,0.0,0.0,,0.83,1.26,0.0,0.0,0.62,0.0,0.0,0.0,0.0
2017-07-01,0.14,0.265,0.64,0.0,0.0,0.0,0.0,0.0,0.0,0.0,0.0,0.0,0.0,0.0,0.78,0.0,0.0,0.0,0.0,0.0,0.0,0.84,0.0,0.4,0.0,0.0,0.0,0.0,0.783,0.0,0.0,0.0,0.0,0.0,0.08,0.0,0.0,0.84,0.0,0.17,0.0,0.0,0.0,0.0,,0.0,0.0,0.41,0.235,0.0,0.46,0.0,0.0,0.0,0.231699,0.0,0.0,0.69,0.205426,0.35,0.0,0.0,0.0,0.33,0.0,0.0,0.0,0.0,0.13,0.0,0.0,0.0,0.0,0.0,0.0,0.0,0.0,0.0,0.0,,0.0,0.0,0.0,0.0,0.0,0.0,0.0,0.0,0.0,0.0,0.0,0.0,0.0,0.0,0.0,0.0,0.0,0.0,0.0,0.0,0.0,0.0,0.0,,,0.0,0.0,0.0,0.0,,0.0,0.0,0.0,0.0,0.0,0.0,0.0,0.0,0.0,0.0,0.09,0.0,0.0,0.0,0.0,0.177,0.0,0.0,0.0,0.0,0.0,0.0,,0.0,0.0,0.0,0.0,0.0,0.0,0.0,0.0,0.0
2017-08-01,0.0,0.0,0.0,0.215,0.0,0.0,0.0,0.32,0.45,0.0,0.0,0.0675,0.0,0.0,0.0,0.45,1.08,0.0,0.19,0.0,0.0,0.0,0.0,0.0,0.69,0.379645,0.0,0.48,0.0,0.0,0.0,0.0,0.77,0.56,0.0,0.0,0.0,0.0,0.0,0.0,0.0,1.434034,0.78,0.84,,0.0,0.0,0.0,0.0,0.94,0.0,0.24575,0.3,0.0,0.0,0.805,0.45,0.0,0.205426,0.0,0.38789,0.283333,0.63,0.0,0.0,0.62,1.28,0.17,0.0,0.0,0.0,0.0,0.0,0.0,0.0,0.0,0.0,0.0,0.0,,0.0,0.0,0.0,0.0,0.0,0.0,0.0,0.0,0.0,0.0,0.0,0.0,0.0,0.0,0.0,0.0,0.0,0.0,0.0,0.0,0.0,0.0,0.0,,,0.0,0.0,0.0,0.0,,0.0,0.0,0.0,0.0,0.0,0.0,0.0,0.0575,0.0,0.0,0.0,0.0,0.0,0.0,0.0,0.0,0.0,0.24,0.0,0.0,0.0,0.0,,0.0,0.0,0.0,0.0,0.0,0.0,0.0,0.0,0.2
2017-09-01,0.0,0.0,0.0,0.0,0.0,0.32,1.428,0.0,0.0,0.57,0.559902,0.0,0.1464,0.462,0.0,0.0,0.0,0.71,0.0,0.5,0.0,0.0,0.37,0.0,0.0,0.0,0.37,0.0,0.0,0.475,1.75,0.0,0.0,0.0,0.0,1.0,0.2,0.0,0.675,0.0,0.78,0.0,0.0,0.0,,0.97,0.788,0.0,0.0,0.0,0.46,0.0,0.0,0.378,0.0,0.0,0.0,0.0,0.205426,0.0,0.0,0.0,0.0,0.0,0.57,0.0,0.0,0.0,0.0,0.0,0.0,0.0,0.0,0.0,0.0,0.0,0.0,0.0,0.0,,0.0,0.0,0.0,0.0,0.0,0.0,0.0,0.0,0.0,0.0,0.0,0.0,0.0,0.0,0.0,0.0,0.0,0.0,0.0,0.0,0.0,0.0,0.0,,,0.0,0.0,0.0,0.0,,0.0,0.0,0.0,0.0,0.0,0.0,0.0,0.0,0.0,0.0,0.0,0.4,0.0,0.0,0.0,0.0,0.0,0.0,0.0,0.0,0.0,0.0,,0.0,0.0,0.0,0.0,0.62,0.0,0.0,0.0,0.0
2017-10-01,0.14,0.265,0.64,0.0,0.95,0.0,0.0,0.0,0.0,0.0,0.0,0.075,0.0,0.0,0.78,0.0,0.0,0.0,0.0,0.0,0.0,0.84,0.0,0.4,0.0,0.0,0.0,0.0,0.783,0.0,0.0,0.0,0.0,0.0,0.08,0.0,0.0,0.84,0.0,0.17,0.0,0.0,0.0,0.0,,0.0,0.0,0.41,0.235,0.0,0.0,0.0,0.0,0.0,0.231699,0.0,0.0,0.69,0.205426,0.35,0.0,0.0,0.0,0.33,0.0,0.0,0.0,0.0,0.14,0.0,0.0,0.0,0.0,0.0,0.0,0.0,0.0,0.0,0.0,,0.0,0.0,0.0,0.0,0.0,0.0,0.0,0.0,0.0,0.0,0.0,0.0,0.0,0.0,0.0,0.0,0.0,0.0,0.0,0.0,0.0,0.0,0.0,,,0.0,0.0,0.0,0.0,,0.0,0.0,0.0,0.0,0.0,0.0,0.09,0.038333,0.0,0.0,0.0,0.0,0.0,0.0,0.0,0.0,0.34,0.0,0.0,0.0,0.0,0.0,,0.0,0.0,0.0,0.0,0.0,0.0,0.0,0.0,0.0
2017-11-01,0.0,0.0,0.0,0.225,0.0,0.0,0.0,0.32,0.485,0.0,0.0,0.0,0.0,0.0,0.0,0.0,1.08,0.0,0.19,0.5,0.405,0.0,0.37,0.0,0.69,0.379645,0.0,0.485,0.0,0.0,0.0,0.42,0.77,0.56,0.0,0.0,0.0,0.0,0.0,0.0,0.0,1.434034,0.78,0.84,,0.0,0.0,0.0,0.0,1.01,0.0,0.24575,0.0,0.0,0.0,0.805,0.45,0.0,0.205426,0.0,0.38789,0.283333,0.63,0.0,0.0,0.62,1.28,0.0,0.0,0.0,0.0,0.0,0.0,0.0,0.0,0.0,0.0,0.0,0.0,,0.0,0.0,0.0,0.0,0.0,0.0,0.0,0.0,0.0,0.0,0.0,0.0,0.0,0.0,0.0,0.0,0.0,0.0,0.0,0.0,0.0,0.0,0.0,,,0.0,0.0,0.0,0.0,,0.0,0.0,1.6,0.0,0.0,0.0,0.0,0.0,0.0,0.0,0.0,0.0,0.0,0.0,0.0,0.0,0.0,0.0,0.0,0.0,0.0,0.0,,0.0,0.0,0.0,0.0,0.0,0.69,0.0,0.0,0.0
2017-12-01,0.0,0.0,0.0,0.0,0.95,0.32,0.0,0.0,0.0,0.63,0.575242,0.0,0.1584,0.462,0.0,0.46,0.0,0.71,0.0,0.5,0.0,0.0,0.0,0.0,0.0,0.0,0.41,0.0,0.0,0.475,1.75,0.0,0.0,0.0,0.0,1.0,0.23,0.0,0.675,0.0,0.78,0.0,0.0,0.0,,0.97,0.788,0.0,0.26,0.0,0.46,0.0,0.3,0.38,0.0,0.0,0.0,0.0,0.206395,0.0,0.0,0.0,0.0,0.0,0.57,0.0,0.0,0.17,0.0,0.0,0.0,0.0,0.0,0.0,0.0,0.0,0.0,0.0,0.0,,0.0,0.0,0.0,0.0,0.0,0.0,0.0,0.0,0.0,0.0,0.0,0.0,0.0,0.0,0.0,0.0,0.0,0.0,0.0,0.0,0.0,0.0,0.0,,,0.0,0.0,0.0,0.0,,0.0,0.0,0.0,0.0,0.0,0.0,0.0,0.0,0.0,0.0,0.0,0.0,0.0,0.0,0.0,0.0,0.0,0.0,0.0,0.0,1.6,0.0,,0.0,0.0,0.0,0.0,0.62,0.0,0.0,0.0,0.0
2018-01-01,0.18,0.28,0.71,0.0,0.0,0.0,0.0,0.0,0.0,0.0,0.0,0.0,0.0,0.0,0.78,0.0,0.0,0.0,0.0,0.0,0.0,0.84,0.0,0.4,0.0,0.0,0.0,0.0,0.84,0.0,0.0,0.0,0.0,0.0,0.0925,0.0,0.0,0.84,0.0,0.188,0.0,0.0,0.0,0.0,,0.0,0.0,0.41,0.0,0.0,0.0,0.0,0.0,0.0,0.235057,0.0,0.0,0.69,0.212209,0.413,0.0,0.0,0.0,0.36,0.0,0.0,0.0,0.0,0.14,0.0,0.0,0.0,0.0,0.0,0.0,0.0,0.0,0.0,0.0,,0.0,0.0,0.0,0.0,0.0,0.0,0.0,0.0,0.0,0.0,0.0,0.0,0.0,0.0,0.0,0.0,0.0,0.0,0.0,0.0,0.0,0.0,0.0,,,0.0,0.0,0.0,0.0,,0.0,0.0,0.0,0.0,0.0,0.0,0.0,0.0575,0.0,0.0,0.105,0.0,0.0,0.0,0.0,0.14,0.0,0.0,0.0,0.0,0.0,0.0,,0.0,0.0,0.0,0.0,0.0,0.0,0.0,0.0,0.0
2018-02-01,0.0,0.0,0.0,0.26,0.0,0.0,1.03,0.335,0.485,0.0,0.0,0.075,0.0,0.0,0.0,0.0,1.12,0.0,0.218,0.0,0.0,0.0,0.0,0.0,0.715,0.379645,0.0,0.485,0.0,0.0,0.0,0.0,0.77,0.56,0.0,0.0,0.0,0.0,0.0,0.0,0.0,1.434034,0.78,0.84,,0.0,0.0,0.0,0.0,1.01,0.0,0.2775,0.3,0.0,0.0,0.0,0.45,0.0,0.212209,0.0,0.473037,0.286667,0.0,0.0,0.0,0.62,1.28,0.0,0.0,0.0,0.0,0.0,0.0,0.0,0.0,0.0,0.0,0.0,0.0,,0.0,0.0,0.0,0.0,0.0,0.0,0.0,0.0,0.0,0.0,0.0,0.25,0.0,0.0,0.0,0.0,0.0,0.0,0.0,0.0,0.0,0.0,3.7,,,0.0,0.0,0.0,0.0,,0.0,0.0,0.0,0.0,0.0,0.0,0.0,0.0,0.0,0.0,0.0,0.0,0.0,0.0,1.5,0.0,0.0,0.0,0.0,0.0,0.0,0.0,,0.0,0.0,0.0,0.0,0.0,0.0,0.0,0.0,0.0
2018-03-01,0.0,0.0,0.0,0.0,1.1,0.335,0.0,0.0,0.0,0.63,0.575242,0.0,1.158,0.462,0.0,0.46,0.0,0.71,0.0,0.53,0.0,0.0,0.39,0.0,0.0,0.0,0.41,0.0,0.0,0.505,1.86,0.0,0.0,0.0,0.0,1.0,3.23,0.0,0.72,0.0,0.78,0.0,0.0,0.0,,1.0,0.825,0.0,0.0,0.0,0.46,0.0,0.0,0.38,0.0,0.805,0.0,0.0,0.213178,0.0,0.0,0.0,0.63,0.0,0.7,0.0,0.0,0.173333,0.0,0.0,0.0,0.0,0.0,0.0,0.0,0.0,0.0,0.0,0.0,,0.0,0.0,0.0,0.0,0.0,0.0,0.0,0.0,0.0,0.0,0.0,0.0,0.0,0.0,0.0,0.0,0.0,0.0,0.0,0.0,0.0,0.0,0.0,,,0.0,0.0,0.0,0.0,,0.0,0.0,0.0,0.0,0.0,0.0,0.0,0.0,0.0,0.0,0.0,0.0,0.0,0.0,0.0,0.0,0.0,0.0,0.0,0.0,0.0,0.68,,0.0,0.0,0.0,0.0,0.62,0.0,0.0,0.0,0.0
2018-04-01,0.18,0.28,0.96,0.0,0.0,0.0,0.0,0.0,0.0,0.0,0.0,0.0,0.0,0.0,0.78,0.0,0.0,0.0,0.0,0.0,0.0,0.96,0.0,0.42,0.0,0.0,0.0,0.0,0.84,0.0,0.0,0.0,0.0,0.0,0.0925,0.0,0.0,0.93,0.0,0.188,0.0,0.0,0.0,0.0,,0.0,0.0,0.41,0.26,0.0,0.0,0.0,0.0,0.0,0.235057,0.0,0.0,0.717,0.213178,0.413,0.0,0.0,0.0,0.36,0.0,0.0,0.0,0.0,0.14,0.0,1.5,0.0,0.0,0.0,0.7,0.0,0.0,0.0,4.5,,0.0,0.0,1.15,0.0,0.0,0.0,0.0,0.85,0.0,0.0,1.79,0.0,3.65,1.25,2.3,8.6,0.0,0.0,0.0,1.5,0.0,0.0,0.0,,,0.0,0.0,0.0,0.0,,0.63,0.0,2.0,0.0,1.4,0.0,0.15,0.0575,0.0,0.0,0.0,0.0,1.53,0.71,0.0,0.0,0.375,0.43,0.0,3.55,3.4,0.0,,0.0,0.0,0.0,0.0,0.0,1.76,0.32,0.0,0.65
2018-05-01,0.0,0.0,0.0,0.26,0.0,0.0,0.0,0.335,0.485,0.0,0.0,0.075,0.0,0.0,0.0,0.46,1.12,0.0,0.218,0.0,0.0,0.0,0.0,0.0,0.715,0.47,0.0,0.485,0.0,0.505,0.0,0.45,0.82,0.64,0.0,0.0,0.0,0.0,0.0,0.0,0.0,1.500956,0.78,0.9,,0.0,0.0,0.0,0.0,0.0,0.0,0.0,0.3,0.0,0.0,0.928,0.45,0.0,0.213178,0.0,0.473037,0.286667,0.0,0.0,0.0,0.62,1.36,0.173333,0.0,2.6,0.0,8.0,3.1,2.755466,0.0,4.0,0.0,0.0,0.0,,0.11,2.45,0.0,0.65,0.3,0.748626,1.06,0.0,5.0,1.9,0.0,0.0,0.0,0.0,0.0,0.0,1.76,0.0,1.7,0.0,1.4,0.0,0.0,,0.0,0.88,3.96,1.046574,0.0,,0.0,1.809986,0.0,0.0,0.0,1.26,0.0,0.0,3.02,1.9,0.0,0.4,0.0,0.0,0.0,0.0,0.0,0.0,0.203,0.0,0.0,0.0,,1.6,0.0,3.03,0.19,0.0,0.0,0.0,3.9,0.0
2018-06-01,0.0,0.0,0.0,0.0,1.1,0.335,0.0,0.0,0.0,0.69,0.575242,0.0,0.158,0.476,0.0,0.0,0.0,0.73,0.0,0.53,0.0,0.0,0.39,0.0,0.0,0.0,0.41,0.0,0.0,0.0,1.86,0.0,0.0,0.0,0.0,1.0,0.23,0.0,0.72,0.0,0.78,0.0,0.0,0.0,,1.0,0.825,0.0,0.0,1.01,0.0,0.2775,0.0,0.38,0.0,0.0,0.0,0.0,0.213178,0.0,0.0,0.0,0.63,0.0,0.7,0.0,0.0,0.0,0.0,0.0,0.0,0.0,0.0,0.0,0.0,0.0,1.1,0.0,0.0,,0.0,0.0,0.0,0.0,0.0,0.0,0.0,0.0,0.0,0.0,0.0,0.0,0.0,0.0,0.0,0.0,0.0,0.0,0.0,0.0,0.0,0.56,0.0,,0.0,0.0,0.0,0.0,0.0,,0.0,0.0,0.0,0.0,0.0,0.0,0.0,0.0,0.0,0.0,0.0,0.0,0.0,0.0,7.6,0.0,0.0,0.0,0.0,0.0,0.0,0.0,,0.0,1.3,0.0,0.0,0.62,0.0,0.0,0.0,0.0
2018-07-01,0.18,0.28,0.96,0.0,0.0,0.0,0.0,0.0,0.0,0.0,0.0,0.0,0.0,0.0,0.86,0.0,0.0,0.0,0.0,0.0,0.0,0.96,0.0,0.42,0.0,0.0,0.0,0.0,0.84,0.0,0.0,0.0,0.0,0.0,0.1,0.0,0.0,0.93,0.0,0.188,0.0,0.0,0.0,0.0,,0.0,0.0,0.48,0.26,0.0,0.5,0.0,0.0,0.0,0.175,0.0,0.0,0.717,0.213178,0.413,0.0,0.0,0.0,0.36,0.0,0.0,0.0,0.0,0.14,0.0,0.0,0.0,0.0,0.0,0.0,0.0,0.0,0.0,0.0,,0.0,0.0,0.0,0.0,0.0,0.0,0.0,0.0,0.0,0.0,0.0,0.0,0.0,0.0,0.0,0.0,0.0,0.0,0.0,0.0,0.0,0.0,0.0,,0.0,0.0,0.0,0.0,0.0,0.0,0.0,0.0,0.0,0.0,0.0,0.0,0.0,0.062292,0.0,0.0,0.132,0.0,0.0,0.0,0.0,0.186,0.0,0.0,0.0,0.0,0.0,0.0,,0.0,0.0,0.0,0.0,0.0,0.0,0.0,0.0,0.0
2018-08-01,0.0,0.0,0.0,0.26,0.0,0.0,0.0,0.335,0.485,0.0,0.0,0.075,0.0,0.0,0.0,0.0,1.12,0.0,0.218,0.0,0.0,0.0,0.0,0.0,0.715,0.48,0.0,0.485,0.0,0.0,0.0,0.0,0.82,0.64,0.0,0.0,0.0,0.0,0.0,0.0,0.0,1.500956,0.85,0.9,,0.0,0.825,0.0,0.0,1.01,0.0,0.2775,0.35,0.0,0.0,0.0,0.48,0.0,0.213178,0.0,0.473037,0.286667,0.0,0.0,0.0,0.64,1.36,0.173333,0.0,0.0,0.0,0.0,0.0,0.0,0.0,0.0,0.0,0.0,0.0,,0.0,0.0,0.0,0.0,0.0,0.0,0.0,0.0,0.0,0.0,0.0,0.0,0.0,0.0,0.0,0.0,0.0,0.0,0.0,0.0,0.0,0.0,0.0,,0.0,0.0,0.0,0.0,0.0,0.0,0.0,0.0,0.0,0.0,0.0,0.0,0.0,0.0,0.0,0.0,0.0,0.0,0.0,0.0,0.0,0.0,0.0,0.24,0.0,0.0,0.0,0.0,,0.0,0.0,0.0,0.0,0.0,0.0,0.0,0.0,0.34
2018-09-01,0.0,0.0,0.0,0.0,1.1,0.335,1.175,0.0,0.0,0.69,0.575242,0.0,0.158,0.476,0.0,0.46,0.0,0.73,0.0,0.53,0.0,0.0,0.39,0.0,0.0,0.0,0.41,0.0,0.0,0.505,1.86,0.0,0.0,0.0,0.0,1.02,0.23,0.0,0.72,0.0,1.0,0.0,0.0,0.0,,1.0,0.0,0.0,0.0,0.0,0.0,0.0,0.0,0.38,0.0,0.928,0.0,0.0,0.214147,0.0,0.0,0.0,0.66,0.0,0.7,0.0,0.0,0.0,0.0,0.0,0.0,0.0,0.0,0.0,0.0,0.0,0.0,0.0,0.0,,0.0,0.0,0.0,0.0,0.0,0.0,0.0,0.0,0.0,0.0,0.0,0.0,0.0,0.0,0.0,0.0,0.0,0.0,0.0,0.0,0.0,0.0,0.0,,0.0,0.0,0.0,0.0,0.0,0.0,0.0,0.0,0.0,0.0,0.0,0.0,0.0,0.0,0.0,0.0,0.0,0.42,0.0,0.0,0.0,0.0,0.0,0.0,0.0,0.0,0.0,0.0,,0.0,0.0,0.0,0.0,0.64,0.0,0.0,0.0,0.0
2018-10-01,0.22,0.28,0.96,0.0,0.0,0.0,0.0,0.0,0.0,0.0,0.0,0.08,0.0,0.0,0.86,0.0,0.0,0.0,0.0,0.0,0.0,0.96,0.0,0.42,0.0,0.0,0.0,0.0,0.84,0.0,0.0,0.0,0.0,0.0,0.1,0.0,0.0,0.93,0.0,0.188,0.0,0.0,0.0,0.0,,0.0,0.0,0.48,0.26,0.0,0.0,0.0,0.0,0.0,0.175,0.0,0.0,0.717,0.214147,0.413,0.0,0.0,0.0,0.36,0.0,0.0,0.0,0.0,0.15,0.0,0.0,0.0,0.0,0.0,0.0,0.0,0.0,0.0,0.0,,0.0,0.0,0.0,0.0,0.0,0.0,0.0,0.0,0.0,0.0,0.0,0.0,0.0,0.0,0.0,0.0,0.0,0.0,0.0,0.0,0.0,0.0,0.0,,0.0,0.0,0.0,0.0,0.0,0.0,0.0,0.0,0.0,0.0,0.0,0.0,0.1,0.033542,0.0,0.0,0.0,0.0,0.0,0.0,0.0,0.0,0.375,0.0,0.0,0.0,0.0,0.0,,0.0,0.0,0.0,0.0,0.0,0.0,0.0,0.0,0.0
2018-11-01,0.0,0.0,0.0,0.26,0.0,0.0,0.0,0.335,0.525,0.0,0.0,0.0,0.0,0.0,0.0,0.0,1.12,0.0,0.218,0.0,0.5125,0.0,0.39,0.0,0.715,0.48,0.0,0.49,0.0,0.0,0.0,0.45,0.82,0.64,0.0,0.0,0.0,0.0,0.0,0.0,0.0,1.500956,0.85,0.9,,0.0,0.0,0.0,0.0,1.16,0.0,0.2775,0.0,0.0,0.0,0.0,0.48,0.0,0.214147,0.0,0.473037,0.286667,0.66,0.0,0.0,0.64,1.36,0.0,0.0,0.0,0.0,0.0,0.0,0.0,0.0,0.0,0.0,0.0,0.0,,0.0,0.0,0.0,0.0,0.0,0.0,0.0,0.0,0.0,0.0,0.0,0.0,0.0,0.0,0.0,0.0,0.0,0.0,0.0,0.0,0.0,0.0,0.0,,0.0,0.0,0.0,0.0,0.0,0.0,0.0,0.0,0.8,0.0,0.0,0.0,0.0,0.0,0.0,0.0,0.0,0.0,0.0,0.0,0.0,0.0,0.0,0.0,0.0,0.0,0.0,0.0,,0.0,0.0,0.0,0.0,0.0,0.75,0.0,0.0,0.0
2018-12-01,0.0,0.0,0.0,0.0,1.1,0.335,0.0,0.0,0.0,0.79,0.590581,0.0,0.166,0.476,0.0,0.5,0.0,0.73,0.0,0.53,0.0,0.0,0.0,0.0,0.0,0.0,0.46,0.0,0.0,0.505,1.86,0.0,0.0,0.0,0.0,1.02,0.26,0.0,0.72,0.0,1.0,0.0,0.0,0.0,,1.0,0.825,0.0,0.285,0.0,0.5,0.0,0.35,0.4,0.0,0.928,0.0,0.0,0.214147,0.0,0.0,0.0,0.0,0.0,0.7,0.0,0.0,0.173333,0.0,0.0,0.0,0.0,0.0,0.0,0.0,0.0,0.0,0.0,0.0,,0.0,0.0,0.0,0.0,0.0,0.0,0.0,0.0,0.0,0.0,0.0,0.0,0.0,0.0,0.0,0.0,0.0,0.0,0.0,0.0,0.0,0.0,0.0,,0.0,0.0,0.0,0.0,0.0,0.0,0.0,0.0,0.0,0.0,0.0,0.0,0.0,0.0,0.0,0.0,0.0,0.0,0.0,0.0,0.0,0.0,0.0,0.0,0.0,0.0,2.0,0.0,,0.0,0.0,0.0,0.0,0.64,0.0,0.0,0.0,0.0
2019-01-01,0.22,0.32,1.07,0.0,0.0,0.0,0.0,0.0,0.0,0.0,0.0,0.0,0.0,0.0,0.86,0.0,0.0,0.0,0.0,0.0,0.0,0.96,0.0,0.42,0.0,0.0,0.0,0.0,0.9,0.0,0.0,0.0,0.0,0.0,0.1075,0.0,0.0,0.93,0.0,0.21,0.0,0.0,0.0,0.0,,0.0,0.0,0.48,0.0,0.0,0.0,0.0,0.0,0.0,0.18,0.0,0.0,0.717,0.218992,0.463,0.0,0.0,0.0,0.39,0.0,0.0,0.0,0.0,0.15,0.0,0.0,0.0,0.0,0.0,0.0,0.0,0.0,0.0,0.0,,0.0,0.0,0.0,0.0,0.0,0.0,0.0,0.0,0.0,0.0,0.0,0.0,0.0,0.0,0.0,0.0,0.0,0.0,0.0,0.0,0.0,0.0,3.8,,0.0,0.0,0.0,0.0,0.0,0.0,0.0,0.0,0.0,0.0,0.0,0.0,0.0,0.062292,0.0,0.0,0.14,0.0,0.0,0.0,0.0,0.151,0.0,0.0,0.0,0.0,0.0,0.0,,0.0,0.0,0.0,0.0,0.0,0.0,0.0,0.0,0.0
2019-02-01,0.0,0.0,0.0,0.27,0.0,0.0,0.0,0.35,0.525,0.0,0.0,0.08,0.0,0.0,0.0,0.5,1.19,0.0,0.228,0.0,0.0,0.0,0.0,0.0,0.74,0.48,0.0,0.49,0.0,0.0,0.0,0.0,0.82,0.64,0.0,0.0,0.0,0.0,0.0,0.0,0.0,1.500956,0.85,0.9,,0.0,0.0,0.0,0.0,1.16,0.0,0.3125,0.35,0.0,0.0,0.928,0.48,0.0,0.218992,0.0,0.539262,0.376667,0.0,0.0,0.0,0.64,1.36,0.0,0.0,0.0,0.0,0.0,0.0,0.0,0.0,0.0,0.0,0.0,0.0,,0.0,0.0,0.0,0.0,0.0,0.0,0.0,0.0,0.0,0.0,0.0,0.27,0.0,0.0,0.0,0.0,0.0,0.0,0.0,0.0,0.0,0.0,0.0,,0.7,0.0,0.0,0.0,0.0,0.0,0.0,0.0,0.0,0.0,0.0,0.0,0.0,0.0,0.0,0.0,0.0,0.0,0.0,0.0,1.5,0.0,0.0,0.0,0.0,0.0,0.0,0.0,,0.0,0.0,0.0,0.0,0.0,0.0,0.0,0.0,0.0
2019-03-01,0.0,0.0,0.0,0.0,1.16,0.368,1.055,0.0,0.0,0.79,0.590581,0.0,0.166,0.476,0.0,0.0,0.0,0.73,0.0,0.56,0.0,0.0,0.4,0.0,0.0,0.0,0.46,0.0,0.0,0.535,1.95,0.0,0.0,0.0,0.0,1.02,0.26,0.0,0.763,0.0,1.0,0.0,0.0,0.0,,1.03,0.875,0.0,0.0,0.0,0.5,0.0,0.0,0.4,0.0,0.0,0.0,0.0,0.218992,0.0,0.0,0.0,0.66,0.0,0.76,0.0,0.0,0.176667,0.0,0.0,0.0,0.0,0.0,0.0,0.0,0.0,0.0,0.0,0.0,,0.0,0.0,0.0,0.7,0.0,0.0,0.0,0.0,0.0,0.0,0.0,0.0,0.0,0.0,0.0,0.0,0.0,0.0,0.0,0.0,0.0,0.0,0.0,,0.0,0.0,0.0,0.0,0.0,0.0,0.0,0.0,0.0,0.0,0.0,0.0,0.0,0.0,0.0,0.0,0.0,0.0,0.0,0.0,0.0,0.0,0.0,0.0,0.0,0.0,0.0,0.69,,0.0,0.0,0.0,0.0,0.64,0.0,0.0,0.0,0.0
2019-04-01,0.22,0.32,1.07,0.0,0.0,0.0,0.59,0.0,0.0,0.0,0.0,0.0,0.0,0.0,0.86,0.0,0.0,0.0,0.0,0.0,0.0,0.96,0.0,0.43,0.0,0.0,0.0,0.0,0.9,0.0,0.0,0.0,0.0,0.0,0.1075,0.0,0.0,1.02,0.0,0.21,0.0,0.0,0.0,0.0,,0.0,0.0,0.48,0.285,0.0,0.0,0.0,0.0,0.0,0.18,0.0,0.0,0.746,0.218992,0.463,0.0,0.0,0.0,0.39,0.0,0.0,0.0,0.0,0.15,0.0,1.65,0.0,0.0,2.8,0.7,0.0,0.0,0.0,4.75,,0.0,0.0,0.0,0.0,0.0,0.0,0.0,0.85,0.0,0.0,1.85,0.0,0.0,1.25,2.85,0.0,0.0,0.0,0.0,0.0,0.0,0.0,0.0,,0.0,0.0,0.0,0.0,0.0,0.0,0.7,0.0,0.0,0.0,2.1,0.0,0.16,0.062292,0.0,0.0,0.0,0.0,0.0,1.03,0.0,0.0,0.44,0.44,0.0,3.85,4.0,0.0,,0.0,0.0,0.0,2.35,0.0,1.92,0.27,0.0,0.64
2019-05-01,0.0,0.0,0.0,0.27,0.0,0.0,0.0,0.35,0.525,0.0,0.0,0.08,0.0,0.0,0.0,0.0,1.19,0.0,0.228,0.0,0.0,0.0,0.0,0.0,0.74,0.48,0.0,0.49,0.0,0.535,0.0,0.5,0.87,0.72,0.0,0.0,0.0,0.0,0.0,0.0,0.0,1.548757,0.85,0.95,,0.0,0.875,0.0,0.0,1.16,0.0,0.3125,0.35,0.0,0.0,0.0,0.48,0.0,0.218992,0.0,0.539262,0.376667,0.0,0.0,0.0,0.64,1.44,0.176667,0.0,3.35,0.0,9.0,3.2,0.0,0.0,3.5,0.0,0.0,0.0,,0.11,2.7,1.15,0.0,0.43,0.798535,1.17,0.0,5.25,2.1,0.0,0.0,3.25,0.0,0.0,9.25,0.0,0.0,2.1,0.7,1.5,0.0,0.0,,0.0,0.9,4.86,1.141718,0.0,0.0,0.0,1.809986,1.0,0.0,0.0,1.34,0.0,0.0,3.02,1.94,0.0,0.41,2.04,0.0,0.0,0.0,0.0,0.0,0.197,0.0,0.0,0.0,,1.82,0.0,3.07,0.0,0.0,0.0,0.0,4.8,0.0
2019-06-01,0.0,0.0,0.0,0.0,1.16,0.368,0.0,0.0,0.0,0.79,0.590581,0.0,0.166,0.481,0.0,0.5,0.0,0.75,0.0,0.56,0.0,0.0,0.4,0.0,0.0,0.0,0.46,0.0,0.0,0.0,1.95,0.0,0.0,0.0,0.0,1.02,0.26,0.0,0.763,0.0,1.0,0.0,0.0,0.0,,1.03,0.0,0.0,0.0,0.0,0.0,0.0,0.0,0.4,0.0,0.955,0.0,0.0,0.219961,0.0,0.0,0.0,0.66,0.0,0.76,0.0,0.0,0.0,0.0,0.0,0.0,0.0,0.0,0.0,0.0,0.0,1.2,0.0,0.0,,0.0,0.0,0.0,0.0,0.0,0.0,0.0,0.0,0.0,0.0,0.0,0.0,0.0,0.0,0.0,0.0,2.21,0.0,0.0,0.0,0.0,0.0,0.0,,0.0,0.0,0.0,0.0,0.0,0.0,0.0,0.0,0.0,0.0,0.0,0.0,0.0,0.0,0.0,0.0,0.0,0.0,0.0,0.0,3.05,0.0,0.0,0.0,0.0,0.0,0.0,0.0,,0.0,1.33,0.0,0.0,0.64,0.0,0.0,0.0,0.0
2019-07-01,0.22,0.32,1.07,0.0,0.0,0.0,0.0,0.0,0.0,0.0,0.0,0.0,0.0,0.0,1.03,0.0,0.0,0.0,0.0,0.0,0.0,1.06,0.0,0.43,0.0,0.0,0.0,0.0,0.9,0.0,0.0,0.0,0.0,0.0,0.11,0.0,0.0,1.02,0.0,0.21,0.0,0.0,0.0,0.0,,0.0,0.0,0.55,0.285,0.0,0.54,0.0,0.0,0.0,0.18,0.0,0.0,0.746,0.219961,0.463,0.0,0.0,0.0,0.39,0.0,0.0,0.0,0.0,0.15,0.0,0.0,0.0,0.0,0.0,0.0,0.0,0.0,0.0,0.0,,0.0,0.0,0.0,0.0,0.0,0.0,0.0,0.0,0.0,0.0,0.0,0.0,0.0,0.0,0.0,0.0,0.0,0.0,0.0,0.0,0.0,0.0,0.0,,0.0,0.0,0.0,0.0,0.0,0.0,0.0,0.0,0.0,0.0,0.0,0.0,0.0,0.0,0.0,0.0,0.14,0.0,0.0,0.0,0.0,0.2,0.0,0.0,0.0,0.0,0.0,0.0,,0.0,0.0,0.0,0.0,0.0,0.0,0.0,0.0,0.0
2019-08-01,0.0,0.0,0.0,0.27,0.0,0.0,0.0,0.35,0.525,0.0,0.0,0.08,0.0,0.0,0.0,0.0,1.19,0.0,0.228,0.0,0.0,0.0,0.0,0.0,0.74,0.49,0.0,0.49,0.0,0.0,0.0,0.0,0.87,0.72,0.0,0.0,0.0,0.0,0.0,0.0,0.0,1.548757,0.88,0.95,,0.0,0.875,0.0,0.0,1.16,0.0,0.3125,0.38,0.0,0.0,0.0,0.51,0.0,0.219961,0.0,0.539262,0.376667,0.69,0.0,0.0,0.66,1.44,0.176667,0.0,0.0,0.0,0.0,0.0,0.0,0.0,0.0,0.0,0.0,0.0,,0.0,0.0,0.0,0.0,0.0,0.0,0.0,0.0,0.0,0.0,0.0,0.0,0.0,0.0,0.0,0.0,0.0,0.0,0.0,0.0,0.0,0.0,0.0,,0.0,0.0,0.0,0.0,0.0,0.0,0.3,0.0,0.0,0.0,0.0,0.0,0.0,0.0,0.0,0.0,0.0,0.0,0.0,0.0,0.0,0.0,0.0,0.24,0.0,0.0,0.0,0.0,,0.0,0.0,0.0,0.0,0.0,0.0,0.0,0.0,0.39
2019-09-01,0.0,0.0,0.0,0.0,1.16,0.368,0.6,0.0,0.0,0.79,0.590581,0.0,0.166,0.481,0.0,0.5,0.0,0.75,0.0,0.56,0.0,0.0,0.4,0.0,0.0,0.0,0.46,0.0,0.0,0.535,1.95,0.0,0.0,0.0,0.0,1.05,0.26,0.0,0.763,0.0,1.07,0.0,0.0,0.0,,1.03,0.0,0.0,0.0,0.0,0.54,0.0,0.0,0.4,0.0,0.955,0.0,0.0,0.219961,0.0,0.0,0.0,0.0,0.0,0.76,0.0,0.0,0.0,0.0,0.0,0.0,0.0,0.0,0.0,0.0,0.0,0.0,0.0,0.0,,0.0,0.0,0.0,0.0,0.0,0.0,0.0,0.0,0.0,0.0,0.0,0.0,0.0,0.0,0.0,0.0,0.0,0.0,0.0,0.0,0.0,0.64,0.0,,0.0,0.0,0.0,0.0,0.0,0.0,0.0,0.0,0.0,0.0,0.0,0.0,0.0,0.0,0.0,0.0,0.0,0.43,0.0,0.0,0.0,0.0,0.0,0.0,0.0,0.0,0.0,0.0,,0.0,0.0,0.0,0.0,0.66,0.0,0.0,0.0,0.0
2019-10-01,0.24,0.32,1.07,0.0,0.0,0.0,0.0,0.0,0.0,0.0,0.0,0.0,0.0,0.0,1.03,0.0,0.0,0.0,0.0,0.0,0.0,1.06,0.0,0.43,0.0,0.0,0.0,0.0,0.9,0.0,0.0,0.0,0.0,0.0,0.11,0.0,0.0,1.02,0.0,0.21,0.0,0.0,0.0,0.0,,0.0,0.0,0.55,0.285,0.0,0.0,0.0,0.0,0.0,0.18,0.0,0.0,0.746,0.219961,0.463,0.0,0.0,0.0,0.39,0.0,0.0,0.0,0.0,0.16,0.0,0.0,0.0,0.0,0.0,0.0,0.0,0.0,0.0,0.0,,0.0,0.0,0.0,0.0,0.0,0.0,0.0,0.0,0.0,0.0,0.0,0.0,0.0,0.0,0.0,0.0,0.0,0.0,0.0,0.0,0.0,0.0,0.0,,0.0,0.0,0.0,0.0,0.0,0.0,0.0,0.0,0.0,0.0,0.0,0.0,0.1,0.095833,0.0,0.0,0.0,0.0,0.0,0.0,0.0,0.0,0.44,0.0,0.0,0.0,0.0,0.0,0.0,0.0,0.0,0.0,0.0,0.0,0.0,0.0,0.0,0.0
2019-11-01,0.0,0.0,0.0,0.27,0.0,0.0,0.575,0.35,0.575,0.0,0.0,0.085,0.0,0.0,0.0,0.0,1.19,0.0,0.228,0.0,0.6375,0.0,0.4,0.0,0.74,0.49,0.0,0.5,0.0,0.0,0.0,0.5,0.87,0.72,0.0,0.0,0.0,0.0,0.0,0.0,0.0,1.548757,0.88,0.95,,0.0,0.0,0.0,0.0,1.25,0.0,0.3125,0.0,0.0,0.0,0.0,0.51,0.0,0.219961,0.0,0.539262,0.376667,0.69,0.0,0.0,0.66,1.44,0.0,0.0,0.0,0.0,0.0,0.0,0.0,0.0,0.0,0.0,0.0,0.0,,0.0,0.0,0.0,0.0,0.0,0.0,0.0,0.0,0.0,0.0,0.0,0.0,0.0,0.0,0.0,0.0,0.0,0.0,0.0,0.0,0.0,0.0,0.0,,0.0,0.0,0.0,0.0,0.0,0.0,0.0,0.0,0.8,0.0,1.05,0.0,0.0,0.0,0.0,0.0,0.0,0.0,0.0,0.0,0.0,0.0,0.0,0.0,0.0,0.0,0.0,0.0,0.0,0.0,0.0,0.0,0.0,0.0,0.79,0.0,0.0,0.0
2019-12-01,0.0,0.0,0.0,0.0,1.16,0.368,0.0,0.0,0.0,0.91,0.605921,0.0,0.174,0.481,0.0,0.51,0.0,0.75,0.0,0.56,0.0,0.0,0.0,0.0,0.0,0.0,0.47,0.0,0.0,0.535,1.95,0.0,0.0,0.0,0.0,1.05,0.27,0.0,0.763,0.0,1.07,0.0,0.0,0.0,,1.03,0.875,0.0,0.31,0.0,0.54,0.0,0.38,0.403,0.0,0.955,0.0,0.0,0.22093,0.0,0.0,0.0,0.0,0.0,0.76,0.0,0.0,0.176667,0.0,0.0,0.0,0.0,0.0,0.0,0.0,0.0,0.0,0.0,0.0,,0.0,0.0,0.0,0.0,0.0,0.0,0.0,0.0,0.0,0.0,0.0,0.0,0.0,0.0,0.0,0.0,0.0,0.0,0.0,0.0,0.0,0.0,0.0,,0.0,0.0,0.0,0.0,0.0,0.0,0.0,0.0,0.0,0.0,0.0,0.0,0.0,0.0,0.0,0.0,0.0,0.0,0.0,0.0,0.0,0.0,0.0,0.0,0.0,0.0,2.2,0.0,0.0,0.0,0.0,0.0,0.0,0.0,0.0,0.0,0.0,0.0
2020-01-01,0.24,0.36,1.18,0.0,0.0,0.0,0.0,0.0,0.0,0.0,0.0,0.0,0.0,0.0,1.03,0.0,0.0,0.0,0.0,0.0,0.0,1.06,0.0,0.43,0.0,0.0,0.0,0.0,0.965,0.0,0.0,0.0,0.0,0.0,0.125,0.0,0.0,1.02,0.0,0.233,0.0,0.0,0.0,0.0,,0.0,0.0,0.55,0.0,0.0,0.0,0.0,0.0,0.0,0.19,0.0,0.0,0.746,0.225775,0.513,0.0,0.0,0.0,0.45,0.0,0.0,0.0,0.0,0.16,0.0,0.0,0.0,0.0,0.0,0.0,0.0,0.0,0.0,0.0,,0.0,0.0,0.0,0.0,0.0,0.0,0.0,0.0,0.0,0.0,0.0,0.0,0.0,0.0,0.0,0.0,0.0,0.0,0.0,0.0,0.0,0.0,0.0,,0.0,0.0,0.0,0.0,0.0,0.0,0.0,0.0,0.0,0.0,0.0,0.0,0.0,0.0,0.0,0.0,0.16,0.0,0.0,0.0,0.0,0.168,0.0,0.0,0.0,0.0,0.0,0.0,0.0,0.0,0.0,0.0,0.0,0.66,0.0,0.0,0.0,0.0
2020-02-01,0.0,0.0,0.0,0.28,0.0,0.0,0.0,0.36,0.575,0.0,0.0,0.085,0.0,0.0,0.0,0.0,1.29,0.0,0.24,0.0,0.0,0.0,0.0,0.0,0.765,0.49,0.0,0.5,0.0,0.0,0.0,0.0,0.87,0.72,0.0,0.0,0.0,0.0,0.0,0.0,0.0,1.548757,0.88,0.95,,0.0,0.0,0.0,0.0,1.25,0.0,0.35,0.38,0.0,0.0,0.0,0.51,0.0,0.225775,0.0,0.633869,0.446667,0.0,0.0,0.0,0.66,1.44,0.0,0.0,0.0,0.0,0.0,0.0,0.0,0.0,0.0,0.0,0.0,0.0,,0.0,0.0,0.0,0.0,0.0,0.0,0.0,0.0,0.0,0.0,0.0,0.27,0.0,0.0,0.0,0.0,0.0,0.0,0.0,0.0,0.0,0.0,3.9,,0.8,0.0,0.0,0.0,0.0,0.0,0.0,0.0,0.0,0.0,0.0,0.0,0.0,0.0,0.0,0.0,0.0,0.0,0.0,0.0,0.0,0.0,0.0,0.0,0.0,0.0,0.0,0.0,0.0,0.0,0.0,0.0,0.0,0.0,0.0,0.0,0.0,0.0
2020-03-01,0.0,0.0,0.0,0.0,1.34,0.385,0.575,0.0,0.0,0.91,0.605921,0.0,0.174,0.481,0.0,0.51,0.0,0.75,0.0,0.6,0.0,0.0,0.41,0.0,0.0,0.0,0.47,0.0,0.0,0.568,2.078,0.0,0.0,0.0,0.0,1.05,0.27,0.0,0.79,0.0,1.07,0.0,0.0,0.0,,1.07,0.963,0.0,0.0,0.0,0.54,0.0,0.0,0.403,0.0,0.955,0.0,0.0,0.225775,0.0,0.0,0.0,0.69,0.0,0.9,0.0,0.0,0.18,0.0,0.0,0.0,0.0,0.0,0.0,0.0,0.0,0.0,0.0,0.0,,0.0,0.0,0.0,0.0,0.0,0.0,0.0,0.0,0.0,0.0,0.0,0.0,0.0,0.0,0.0,0.0,0.0,0.0,0.0,0.0,0.0,0.0,0.0,,0.0,0.0,0.0,0.0,0.0,0.0,0.0,0.0,0.0,0.0,0.0,0.0,0.0,0.0,0.0,0.0,0.0,0.0,0.0,0.0,1.5,0.0,0.0,0.0,0.0,0.0,0.0,0.0,0.0,0.0,0.0,0.0,0.0,0.68,0.0,0.0,0.0,0.0
2020-04-01,0.24,0.36,1.18,0.0,0.0,0.0,0.0,0.0,0.0,0.0,0.0,0.0,0.0,0.0,1.03,0.0,0.0,0.0,0.0,0.0,0.0,1.06,0.0,0.44,0.0,0.0,0.0,0.0,0.965,0.0,0.0,0.0,0.0,0.0,0.125,0.0,0.0,1.1,0.0,0.233,0.0,0.0,0.0,0.0,,0.0,0.0,0.55,0.31,0.0,0.0,0.0,0.0,0.0,0.19,0.0,0.0,0.791,0.225775,0.513,0.0,0.0,0.0,0.45,0.0,0.0,0.0,0.0,0.16,0.0,0.0,0.0,0.0,2.8,0.7,0.0,0.0,0.0,0.0,,0.0,0.0,0.0,0.0,0.0,0.0,0.0,0.0,0.0,0.0,0.0,0.0,0.0,0.0,0.0,9.8,0.0,0.0,0.0,0.0,0.0,0.0,0.0,,0.0,0.0,0.0,0.0,0.0,0.0,0.46,0.0,0.0,0.0,1.35,0.0,0.16,0.0,0.0,0.0,0.0,0.0,0.0,1.13,3.05,0.0,0.0,0.0,0.0,0.0,0.0,0.0,0.0,0.0,0.0,0.0,0.0,0.0,0.0,0.0,0.0,0.79
2020-05-01,0.0,0.0,0.0,0.28,0.0,0.0,0.575,0.36,0.575,0.0,0.0,0.085,0.0,0.0,0.0,0.0,1.29,0.0,0.24,0.0,0.0,0.0,0.0,0.0,0.765,0.49,0.0,0.5,0.0,0.568,0.0,0.52,0.87,0.77,0.0,0.0,0.0,0.0,0.0,0.0,0.0,1.558317,0.88,1.01,,0.0,0.0,0.0,0.0,1.25,0.0,0.0,0.38,0.0,0.0,0.0,0.51,0.0,0.225775,0.0,0.633869,0.446667,0.0,0.0,0.0,0.66,1.44,0.18,0.0,0.0,0.0,9.6,0.0,0.0,0.0,2.5,0.0,0.0,0.0,,0.0,2.9,0.0,0.0,0.46,0.0,0.0,0.42,5.5,0.0,0.0,0.0,0.0,1.3,0.0,0.0,0.0,0.0,2.4,0.0,1.58,0.0,0.0,,0.0,0.0,0.0,0.0,0.0,0.0,0.0,2.02855,0.0,0.0,0.0,0.0,0.0,0.0,0.0,0.0,0.0,0.43,0.0,0.0,0.0,0.0,0.0,0.0,0.0,0.0,0.0,0.0,0.0,0.0,0.0,3.15,2.55,0.0,0.0,0.0,0.0,0.0
2020-06-01,0.0,0.0,0.0,0.0,1.34,0.385,0.0,0.0,0.0,0.91,0.605921,0.0,0.174,0.486,0.0,0.51,0.0,0.78,0.0,0.6,0.0,0.0,0.41,0.0,0.0,0.0,0.47,0.0,0.0,0.0,2.078,0.0,0.0,0.0,0.0,1.05,0.0,0.0,0.79,0.0,1.07,0.0,0.0,0.0,,1.07,0.963,0.0,0.0,0.0,0.58,0.35,0.0,0.403,0.0,1.023,0.0,0.0,0.226744,0.0,0.0,0.0,0.69,0.0,0.9,0.0,0.0,0.0,0.0,0.0,0.0,0.0,3.3,0.0,0.0,0.0,1.25,0.0,0.0,,0.0,0.0,0.0,0.6,0.0,0.0,0.0,0.0,0.0,0.6,1.85,0.0,0.0,0.0,0.0,0.0,0.0,0.0,0.0,0.8,0.0,1.82,0.0,,0.0,0.95,0.0,0.0,0.0,0.0,0.0,0.0,0.5,0.0,0.0,0.0,0.0,0.0,0.0,0.0,0.0,0.0,0.0,0.0,0.0,0.0,0.0,0.0,0.0,0.0,0.0,0.0,0.0,0.0,0.0,0.0,0.0,0.68,1.25,0.0,0.0,0.0
2020-07-01,0.24,0.36,1.18,0.0,0.0,0.0,0.0,0.0,0.0,0.0,0.0,0.0,0.0,0.0,1.03,0.0,0.0,0.0,0.0,0.0,0.0,1.11,0.0,0.44,0.0,0.0,0.0,0.0,0.965,0.0,0.0,0.0,0.0,0.0,0.125,0.0,0.27,1.1,0.0,0.233,0.0,0.0,0.0,0.0,,0.0,0.0,0.55,0.31,0.0,0.0,0.0,0.0,0.0,0.19,0.0,0.0,0.791,0.226744,0.513,0.0,0.0,0.0,0.45,0.0,0.0,0.0,0.0,0.16,0.0,0.0,0.0,0.0,0.0,0.0,0.0,0.0,0.0,3.0,,0.0,0.0,0.0,0.0,0.0,0.0,0.0,0.0,0.0,0.0,0.0,0.0,0.9,0.0,0.0,0.0,0.0,0.0,0.0,0.0,0.0,0.0,0.0,,0.0,0.0,0.0,1.244789,0.0,0.0,0.0,0.0,0.0,0.0,0.0,0.73,0.0,0.0,0.0,2.1,0.168,0.0,0.0,0.0,0.0,0.232,0.0,0.0,0.0,3.85,2.6,0.0,0.0,0.0,0.0,0.0,0.0,0.0,0.0,0.0,0.0,0.0
2020-08-01,0.0,0.0,0.0,0.28,0.0,0.0,0.0,0.36,0.575,0.0,0.0,0.085,0.0,0.0,0.0,0.0,1.29,0.0,0.24,0.0,0.0,0.0,0.0,0.0,0.765,0.495,0.0,0.5,0.0,0.0,0.0,0.0,0.87,0.77,0.0,0.0,0.0,0.0,0.0,0.0,0.0,1.558317,0.9,1.01,,0.0,0.0,0.0,0.0,1.25,0.0,0.35,0.39,0.0,0.0,0.0,0.54,0.0,0.226744,0.0,0.633869,0.446667,0.7,0.0,0.0,0.68,1.53,0.18,0.0,0.0,0.0,0.0,0.0,0.0,0.0,0.0,0.0,0.0,0.0,,0.0,0.0,1.15,0.0,0.0,0.838461,1.2,0.0,0.0,0.0,0.0,0.0,0.0,0.0,0.04,0.0,0.0,0.0,0.0,0.0,0.0,0.0,0.0,,0.0,0.0,0.0,0.0,0.0,0.0,0.5,0.0,0.0,0.0,0.0,0.0,0.0,0.0,0.0,0.0,0.0,0.0,0.0,0.0,0.0,0.0,0.0,0.0,0.0,0.0,0.0,0.0,0.0,0.0,0.0,0.0,0.0,0.0,0.0,0.0,0.0,0.0
2020-09-01,0.0,0.0,0.0,0.0,1.34,0.385,0.575,0.0,0.0,0.91,0.605921,0.0,0.174,0.486,0.0,0.51,0.0,0.78,0.0,0.6,0.0,0.0,0.41,0.0,0.0,0.0,0.47,0.0,0.0,0.568,2.078,0.0,0.0,0.0,0.0,1.06,0.27,0.0,0.79,0.0,1.14,0.0,0.0,0.0,,1.07,0.963,0.0,0.0,0.0,0.58,0.0,0.0,0.403,0.0,1.023,0.0,0.0,0.226744,0.0,0.0,0.0,0.0,0.0,0.9,0.0,0.0,0.0,0.0,0.0,0.0,0.0,0.0,0.0,0.0,0.0,0.0,0.0,0.0,,0.0,0.0,0.0,0.0,0.0,0.0,0.0,0.0,0.0,0.0,0.0,0.0,0.0,0.0,0.0,0.0,0.0,0.0,0.0,0.0,0.0,0.0,0.0,,0.0,0.0,0.0,0.0,0.0,0.0,0.0,0.0,0.0,0.0,0.0,0.0,0.0,0.0,0.0,0.0,0.0,0.12,0.0,0.0,0.0,0.0,0.0,0.0,0.0,0.0,0.0,0.0,0.0,0.0,0.0,0.0,0.0,0.66,0.0,0.0,0.0,0.47
2020-10-01,0.26,0.36,1.18,0.0,0.0,0.0,0.0,0.0,0.0,0.0,0.0,0.0,0.0,0.0,1.03,0.0,0.0,0.0,0.0,0.0,0.0,0.0,0.0,0.44,0.0,0.0,0.0,0.0,0.965,0.0,0.0,0.0,0.0,0.0,0.125,0.0,0.0,1.1,0.0,0.233,0.0,0.0,0.0,0.0,,0.0,0.0,0.6,0.31,0.0,0.0,0.0,0.0,0.0,0.19,0.0,0.0,0.791,0.226744,0.513,0.0,0.0,0.0,0.45,0.0,0.0,0.0,0.0,0.0,0.0,0.0,0.0,0.0,0.0,0.0,0.0,0.0,0.0,0.0,,0.0,0.0,0.0,0.0,0.0,0.0,0.0,0.0,0.0,0.0,0.0,0.0,0.0,0.0,0.0,0.0,2.21,0.0,0.0,0.0,0.0,0.0,0.0,0.0,0.0,0.0,4.86,0.0,0.0,0.0,0.0,0.0,0.0,0.0,0.0,0.0,0.0,0.0,0.0,0.0,0.0,0.0,0.0,0.0,0.0,0.0,0.7,0.0,0.0,0.0,0.0,0.0,0.050468,0.0,0.0,0.0,0.0,0.0,0.0,0.0,4.8,0.0
2020-11-01,0.0,0.0,0.0,0.28,0.0,0.0,0.59,0.36,0.625,0.0,0.0,0.093,0.0,0.0,0.0,0.0,1.29,0.0,0.24,0.0,0.8775,1.11,0.41,0.0,0.765,0.495,0.0,0.505,0.0,0.0,0.0,0.52,0.87,0.77,0.0,0.0,0.0,0.0,0.0,0.0,0.0,1.558317,0.9,1.01,,0.0,0.0,0.0,0.0,1.29,0.0,0.35,0.0,0.0,0.0,0.0,0.54,0.0,0.226744,0.0,0.633869,0.446667,0.7,0.0,0.0,0.68,1.53,0.0,0.17,0.0,0.0,0.0,0.0,0.0,0.0,0.0,0.0,0.0,0.0,,0.0,0.0,0.0,0.0,0.0,0.0,0.0,0.43,0.0,0.0,0.0,0.0,0.0,0.0,0.0,0.0,0.0,0.0,0.0,0.0,0.0,0.0,0.0,0.0,0.0,0.0,0.0,0.0,0.0,0.0,0.0,0.0,0.0,0.0,1.2,0.0,0.0,0.0,0.0,0.0,0.0,0.0,0.0,0.0,0.0,0.0,0.0,0.0,0.0,0.0,0.0,0.0,0.0,0.0,0.0,0.0,0.0,0.0,0.0,0.0,0.0,0.0
2020-12-01,0.0,0.0,0.0,0.0,1.34,0.385,0.0,0.0,0.0,0.93,0.636601,0.0,0.18,0.486,0.0,0.51,0.0,0.78,0.0,0.6,0.0,0.0,0.0,0.0,0.0,0.0,0.48,0.0,2.0,0.568,2.078,0.0,0.0,0.0,0.2,1.06,0.28,0.0,0.79,0.0,1.14,0.0,0.0,0.0,,1.07,0.963,0.0,0.34,0.0,0.58,0.0,0.39,0.405,0.0,1.023,0.0,0.0,0.227713,0.0,0.0,0.0,0.0,0.0,0.9,0.0,0.0,0.18,0.0,0.0,0.0,0.0,0.0,0.0,0.0,0.0,0.0,0.0,0.0,,0.0,0.0,0.0,0.0,0.0,0.0,0.0,0.0,0.0,0.0,0.0,0.0,0.0,0.0,0.0,0.0,0.0,0.0,0.0,0.0,0.0,0.0,0.0,0.0,0.0,0.0,0.0,0.0,0.0,0.0,0.0,0.0,0.0,0.0,0.0,0.0,0.0,0.0,0.0,0.0,0.0,0.0,1.15,0.0,0.0,0.0,0.0,0.0,0.0,0.0,2.0,0.0,0.0,0.0,0.0,0.0,0.0,0.0,0.0,0.0,0.0,0.0
2021-01-01,0.26,0.45,1.3,0.0,0.0,0.0,0.0,0.0,0.0,0.0,0.0,0.0,0.0,0.0,1.03,0.0,0.0,0.0,0.0,0.0,0.0,1.11,0.0,0.44,0.0,0.0,0.0,0.0,1.035,0.0,0.0,0.0,0.0,0.0,0.0,0.0,0.0,1.1,0.0,0.245,0.0,0.0,0.0,0.0,,0.0,0.0,0.6,0.0,0.0,0.0,0.0,0.0,0.0,0.2,0.0,0.0,0.791,0.227713,0.563,0.0,0.0,0.0,0.45,0.0,0.0,0.0,0.0,0.17,0.0,0.0,0.0,0.0,0.0,0.0,0.0,0.0,0.0,0.0,,0.0,0.0,0.0,0.0,0.0,0.0,0.0,0.0,0.0,0.0,0.0,0.0,0.0,0.0,0.0,0.0,0.0,0.0,0.0,0.0,0.0,0.0,0.0,0.0,0.0,0.0,0.0,0.0,0.0,0.0,0.0,0.0,0.0,0.0,0.0,0.0,0.0,0.0,0.0,0.0,0.175,0.0,0.0,0.0,0.0,0.168,0.0,0.0,0.0,0.0,0.0,0.0,0.0,0.0,0.0,0.0,0.0,0.66,0.0,0.0,0.0,0.0
2021-02-01,0.0,0.0,0.0,0.33,0.0,0.0,0.59,0.37,0.625,0.0,0.0,0.093,0.0,0.0,0.0,0.0,1.29,0.0,0.253,0.0,0.1875,0.0,0.0,0.0,0.775,0.495,0.0,0.505,0.0,0.0,0.0,0.0,0.87,0.77,0.14,0.0,0.0,0.0,0.0,0.0,0.0,1.558317,0.9,1.01,,0.0,0.0,0.0,0.0,1.29,0.0,0.385,0.39,0.0,0.0,0.0,0.54,0.0,0.227713,0.0,0.728477,0.55,0.0,0.0,0.0,0.68,1.53,0.0,0.0,0.0,0.0,0.0,0.0,0.0,0.0,0.0,0.0,0.0,0.0,,0.0,0.0,0.0,0.0,0.0,0.0,0.0,0.0,0.0,0.0,0.0,0.22,0.0,0.0,0.0,0.0,0.0,0.0,0.0,0.0,0.0,0.0,3.5,0.0,0.8,0.0,0.0,0.0,0.0,0.0,0.0,0.0,0.0,0.0,0.0,0.0,0.0,0.0,0.0,0.0,0.0,0.0,0.0,0.0,0.0,0.0,0.0,0.12,0.0,0.0,0.0,0.07,0.0,0.0,0.0,0.0,0.0,0.0,0.0,0.0,0.0,0.0
2021-03-01,0.0,0.0,0.0,0.0,1.5,0.39,0.0,0.0,0.0,0.93,0.636601,0.0,0.18,0.486,0.0,0.51,0.0,0.78,0.0,0.63,0.0,0.0,0.42,0.0,0.0,0.0,0.48,0.0,0.0,0.603,2.09,0.0,0.0,0.0,0.0,1.06,0.28,0.0,0.815,0.0,1.14,0.0,0.0,0.0,,1.14,1.06,0.0,0.0,0.0,0.58,0.0,0.0,0.405,0.0,1.023,0.0,0.0,0.227713,0.0,0.0,0.0,0.7,0.45,1.08,0.0,0.0,0.183333,0.0,0.0,0.0,0.0,0.0,0.0,0.0,0.0,0.0,0.0,0.0,,0.0,0.0,0.0,0.0,0.0,0.0,0.0,0.0,0.0,0.0,0.0,0.0,0.0,0.0,0.0,0.0,0.0,0.0,0.0,0.0,0.0,0.0,0.0,0.0,0.0,0.0,0.0,0.0,0.0,0.0,0.0,0.0,0.0,0.0,0.0,0.0,0.0,0.0,0.0,0.0,0.0,0.0,0.0,0.0,1.5,0.0,0.0,0.0,0.0,0.0,0.0,0.0,0.0,0.0,0.0,0.0,0.0,0.66,0.0,0.0,0.0,0.0
2021-04-01,0.26,0.45,1.3,0.0,0.0,0.0,0.0,0.0,0.0,0.0,0.0,0.0,0.0,0.0,1.03,0.0,0.0,0.0,0.0,0.0,0.0,1.11,0.0,0.45,0.0,0.0,0.0,0.0,1.035,0.0,0.0,0.0,0.0,0.0,0.14,0.0,0.0,1.19,0.0,0.245,0.0,0.0,0.0,0.0,,0.0,0.0,0.6,0.34,0.0,0.0,0.0,0.0,0.0,0.2,0.0,0.0,0.87,0.227713,0.563,0.0,0.0,0.0,0.0,0.0,0.0,0.0,0.0,0.17,0.0,0.0,0.0,3.3,2.0,0.7,0.0,0.0,0.0,0.0,,0.0,0.0,0.0,0.6,0.0,0.0,0.0,0.0,0.0,0.0,1.85,0.0,1.35,1.4,1.25,9.8,0.0,0.0,0.0,0.85,0.0,0.0,0.0,0.0,0.0,0.0,0.0,1.339932,0.0,0.0,0.4,0.0,0.0,0.0,0.0,0.0,0.059,0.0275,0.0,0.0,0.0,0.0,0.0,0.867,0.0,0.0,0.35,0.0,0.0,4.0,4.0,0.0,0.0,0.0,0.0,0.0,0.0,0.0,2.04,0.12,0.0,0.89
2021-05-01,0.0,0.0,0.0,0.33,0.0,0.0,0.59,0.37,0.625,0.0,0.0,0.093,0.0,0.0,0.0,0.0,1.34,0.0,0.253,0.0,0.1875,0.0,0.0,0.0,0.775,0.495,0.0,0.505,0.0,0.603,0.0,0.58,0.87,0.82,0.0,0.0,0.0,0.0,0.0,0.0,0.0,1.567878,0.9,1.06,,0.0,0.0,0.0,0.0,1.29,0.0,0.0,0.39,0.0,0.0,0.0,0.54,0.0,0.227713,0.0,0.728477,0.55,0.0,0.0,0.0,0.68,1.62,0.183333,0.0,3.0,0.0,9.6,0.0,0.0,0.0,1.9,0.0,0.0,0.0,,0.0,3.0,1.35,0.0,0.47,0.878388,1.34,0.85,4.5,2.2,0.0,0.0,0.0,0.0,0.0,0.0,0.0,0.0,2.0,0.0,1.85,0.0,0.0,0.0,0.0,0.97,0.0,0.0,0.0,0.0,0.0,2.066116,0.5,0.0,1.55,1.43,0.0,0.0,1.11,1.94,0.0,0.24,1.08,0.0,3.05,0.0,0.0,0.0,0.0357,0.0,0.0,0.0,0.0,0.43,0.0,3.2,2.6,0.0,0.0,0.0,0.0,0.0
2021-06-01,0.0,0.0,0.0,0.0,1.5,0.39,0.0,0.0,0.0,0.93,0.636601,0.0,0.18,0.491,0.0,0.51,0.0,0.8,0.0,0.63,0.0,0.0,0.42,0.0,0.0,0.0,0.48,0.0,0.0,0.0,2.09,0.0,0.0,0.0,0.0,1.06,0.28,0.0,0.815,0.0,1.14,0.0,0.0,0.0,,1.14,1.06,0.0,0.0,0.0,0.63,0.385,0.0,0.405,0.0,1.075,0.0,0.0,0.228682,0.0,0.0,0.0,0.7,0.0,4.08,0.0,0.0,0.0,0.0,0.0,0.0,0.0,0.0,0.0,0.0,0.0,1.35,0.0,0.0,,0.0,0.0,0.0,0.0,0.0,0.0,0.0,0.0,0.0,0.0,0.0,0.0,0.0,0.0,0.0,0.0,0.0,0.0,0.0,0.0,0.0,0.0,0.0,0.0,0.0,0.0,0.0,0.0,0.0,0.0,0.0,0.0,0.0,0.0,0.0,0.0,0.0,0.0,0.0,0.0,0.0,0.0,0.0,0.0,0.0,0.0,0.0,0.0,0.0,0.0,0.0,0.0,0.0,0.0,1.33,0.0,0.0,0.66,0.0,0.0,0.0,0.0
2021-07-01,0.26,0.45,1.3,0.0,0.0,0.0,0.0,0.0,0.0,0.0,0.0,0.0,0.0,0.0,1.11,0.0,0.0,0.0,0.0,0.0,0.0,1.16,0.0,0.45,0.0,0.0,0.0,0.0,1.035,0.0,0.0,0.0,0.0,0.0,0.14,0.0,0.0,1.19,0.0,0.245,0.0,0.0,0.0,0.0,,0.0,0.0,0.8,0.34,0.0,0.0,0.0,0.0,0.0,0.2,0.0,0.0,0.87,0.228682,0.563,0.0,0.0,0.0,0.47,0.0,0.0,0.0,0.0,0.17,0.0,0.0,0.0,0.0,0.0,0.0,0.0,0.0,0.0,0.0,,0.0,0.0,0.0,0.0,0.0,0.0,0.0,0.0,0.0,0.0,0.0,0.0,0.0,0.0,0.0,0.0,2.21,0.0,0.0,0.0,0.0,0.82,0.0,0.0,0.0,0.0,4.86,0.0,0.0,0.0,0.0,0.0,0.0,0.0,0.0,0.0,0.0,0.0,0.0,0.0,0.183,0.0,0.0,0.0,0.0,0.254,0.0,0.0,0.0,0.0,0.0,0.0,0.0,0.0,0.0,0.0,0.0,0.0,0.0,0.0,4.8,0.0
2021-08-01,0.0,0.0,0.0,0.33,0.0,0.0,0.0,0.37,0.625,0.0,0.0,0.093,0.0,0.0,0.0,0.0,1.34,0.0,0.253,0.0,0.2375,0.0,0.0,0.0,0.775,0.5,0.0,0.505,0.0,0.0,0.0,0.0,0.87,0.82,0.0,0.0,0.0,0.0,0.0,0.0,0.0,1.567878,0.99,1.06,,0.0,0.0,0.0,0.0,1.29,0.0,0.385,0.51,0.0,0.0,0.0,0.59,0.0,0.228682,0.0,0.728477,0.55,0.0,0.0,0.0,0.9,1.62,0.183333,0.0,0.0,0.0,0.0,0.0,0.0,0.0,0.0,0.0,0.0,0.0,,0.0,0.0,0.0,0.0,0.0,0.0,0.0,0.0,0.0,0.0,0.0,0.0,0.0,0.0,0.0,0.0,0.0,0.0,0.0,0.0,0.0,0.0,0.0,0.0,0.0,0.0,0.0,0.0,0.0,0.0,0.43,0.0,0.0,0.0,0.0,0.0,0.0,0.0,0.0,0.0,0.0,0.0,0.0,0.0,0.0,0.0,0.0,0.0,0.0,0.0,0.0,0.0,0.0,0.0,0.0,0.0,0.0,0.0,0.0,0.0,0.0,0.54
2021-09-01,0.0,0.0,0.0,0.0,1.5,0.39,0.59,0.0,0.0,0.93,0.636601,0.0,0.18,0.491,0.0,0.51,0.0,0.8,0.0,0.63,0.0,0.0,0.42,0.0,0.0,0.0,0.48,0.0,0.0,0.603,2.09,0.0,0.0,0.0,0.0,1.07,0.28,0.0,0.815,0.0,1.22,0.0,0.0,0.0,,1.14,1.06,0.0,0.0,0.0,0.63,0.0,0.0,0.405,0.0,1.075,0.0,0.0,0.228682,0.0,0.0,0.0,0.79,0.47,1.08,0.0,0.0,0.0,0.0,0.0,0.0,0.0,0.0,0.0,0.0,0.0,0.0,0.0,0.0,,0.0,0.0,0.0,0.0,0.0,0.0,0.0,0.0,0.0,0.0,0.0,0.0,0.0,0.0,0.0,0.0,0.0,0.0,0.0,0.0,0.0,0.0,0.0,0.0,0.0,0.0,0.0,0.0,0.0,0.0,0.0,0.0,0.0,0.0,0.0,0.0,0.0,0.0,1.55,0.0,0.0,0.43,0.0,0.0,0.0,0.0,0.0,0.0,0.0,0.0,0.0,0.0,0.0,0.0,0.0,0.0,0.0,0.66,0.0,0.0,0.0,0.0
2021-10-01,0.28,0.45,1.3,0.0,0.0,0.0,0.0,0.0,0.0,0.0,0.0,0.0,0.0,0.0,1.11,0.0,0.0,0.0,0.0,0.0,0.0,1.16,0.0,0.45,0.0,0.0,0.0,0.0,1.035,0.0,0.0,0.0,0.0,0.0,0.14,0.0,0.0,1.19,0.0,0.245,0.0,0.0,0.0,0.0,,0.0,0.0,0.8,0.34,0.0,0.0,0.0,0.0,0.0,0.2,0.0,0.0,0.87,0.0,0.563,0.0,0.0,0.0,0.0,0.0,0.0,0.0,0.0,0.0,0.0,0.0,0.0,0.0,0.0,0.0,0.0,0.0,0.0,0.0,,0.0,0.0,0.0,0.0,0.0,0.0,0.0,0.0,0.0,0.0,0.0,0.0,0.0,0.0,0.0,0.0,0.0,0.0,0.0,0.0,0.0,0.0,0.0,0.0,0.0,0.0,0.0,0.0,0.0,0.0,0.0,0.0,0.0,0.0,0.0,0.0,0.08,0.0485,0.0,0.0,0.0,0.0,0.0,0.0,0.0,0.0,0.35,0.48,0.0996,0.0,0.0,0.72,0.064232,0.0,0.0,0.0,0.0,0.0,0.0,0.0,0.0,0.0
2021-11-01,0.0,0.0,0.0,0.33,0.0,0.0,0.6,0.37,0.68,0.0,0.0,0.103,0.0,0.0,0.0,0.0,1.34,0.0,0.253,0.0,0.2375,0.0,0.42,0.0,0.775,0.5,0.0,0.515,0.0,0.0,0.0,0.58,0.88,0.82,0.0,0.0,0.0,0.0,0.0,0.0,0.0,1.64,0.99,1.06,,0.0,0.0,0.0,0.0,1.38,0.0,0.385,0.0,0.0,0.0,0.0,0.59,0.0,0.474682,0.0,0.728477,0.55,0.79,0.0,0.0,0.9,1.62,0.0,0.18,0.0,0.0,0.0,0.0,0.0,0.0,0.0,0.0,0.0,0.0,,0.0,0.0,0.0,0.0,0.0,0.0,0.0,0.0,0.0,0.0,0.0,0.0,0.0,0.0,0.0,0.0,0.0,0.0,0.0,0.0,0.0,0.0,0.0,0.0,0.0,0.0,0.0,0.0,0.0,0.0,0.0,0.0,0.0,0.0,1.8,0.0,0.0,0.0,0.0,0.0,0.0,0.0,0.0,0.0,0.0,0.0,0.0,0.0,0.0721,0.0,3.0,0.0,0.0,0.0,0.0,0.0,0.0,0.0,0.65,0.0,0.0,0.0
2021-12-01,0.0,0.0,0.0,0.0,1.5,0.39,0.0,0.0,0.0,1.04,0.66728,0.0,1.189,0.491,0.0,0.55,0.0,0.8,0.0,0.63,0.0,0.0,0.0,0.0,0.0,0.0,0.51,0.0,0.0,0.603,2.09,0.0,0.0,0.0,0.0,1.07,0.29,0.0,0.815,0.0,1.22,0.0,0.0,0.0,,1.14,1.06,0.0,0.37,0.0,0.63,0.0,0.51,0.5,0.0,1.075,0.0,0.0,0.247,0.0,0.0,0.0,0.0,0.0,1.08,0.0,0.0,0.183333,0.0,0.0,0.0,0.0,0.0,0.0,0.0,0.0,0.0,0.0,0.0,,0.0,0.0,0.0,0.0,0.0,0.0,0.0,0.0,0.0,0.0,0.0,0.0,0.0,0.0,0.0,0.0,0.0,0.0,0.0,0.0,0.0,0.0,0.0,0.0,0.0,0.0,0.0,0.0,0.0,0.0,0.0,0.0,0.0,0.0,0.0,0.0,0.0,0.0,0.0,0.0,0.0,0.0,0.0,0.0,0.0,0.0,0.0,0.0,0.0,0.0,0.0,0.0,0.0,0.0,0.0,0.0,0.0,0.0,0.0,0.0,0.0,0.0
2022-01-01,0.28,0.47,1.41,0.0,0.0,0.0,0.0,0.0,0.0,0.0,0.0,0.0,0.0,0.0,1.11,0.0,0.0,0.0,0.0,0.0,0.0,1.16,0.0,0.45,0.0,0.0,0.0,0.0,1.11,0.0,0.0,0.0,0.0,0.0,0.0,0.0,0.0,1.19,0.0,0.26,0.0,0.0,0.0,0.0,,0.0,0.0,0.8,0.0,0.0,0.0,0.0,0.0,0.0,0.21,0.0,0.0,0.87,0.247,0.62,0.0,0.0,0.0,0.47,0.0,0.0,0.0,0.0,0.18,0.0,0.0,0.0,0.0,0.0,0.0,0.0,0.0,0.0,0.0,0.0,0.0,0.0,0.0,0.0,0.0,0.0,0.0,0.0,0.0,0.0,0.0,0.0,0.0,0.0,0.0,0.0,0.0,0.0,0.0,0.0,0.0,0.0,0.0,0.0,0.0,0.0,0.0,0.0,0.0,0.0,0.0,0.0,0.0,0.0,0.0,0.0,0.0,0.0,0.0,0.0,0.19,0.0,0.0,0.0,0.0,0.17,0.0,0.0,0.0,0.0,0.0,0.0,0.0,0.0,0.0,0.0,0.0,0.66,0.0,0.0,0.0,0.0
2022-02-01,0.0,0.0,0.0,0.4,0.0,0.0,0.6,0.4,0.68,0.0,0.0,0.103,0.0,0.0,0.0,0.0,1.42,0.0,0.263,0.0,0.2375,0.0,0.0,0.0,0.79,0.5,0.0,0.515,0.0,0.0,0.0,0.0,0.88,0.82,0.155,0.0,0.0,0.0,0.0,0.0,0.0,1.64,0.99,1.06,,0.0,0.0,0.0,0.0,1.38,0.0,0.425,0.51,0.0,0.0,0.0,0.59,0.0,0.247,0.0,0.728477,0.6,0.0,0.0,0.0,0.9,1.62,0.0,0.0,0.0,0.0,0.0,0.0,0.0,0.0,0.0,0.0,0.0,0.0,0.0,0.0,0.0,0.0,0.0,0.0,0.0,0.0,0.0,0.0,0.0,0.0,0.27,0.0,0.0,0.0,0.0,0.0,0.0,0.0,0.0,0.0,0.0,4.0,0.1,0.85,0.0,0.0,0.0,0.0,0.0,0.0,0.0,0.0,0.0,0.0,0.0,0.0,0.0,0.0,0.0,0.0,0.0,0.0,0.0,2.5,0.0,0.0,0.0,0.0,0.0,0.0,0.0,0.0,0.0,0.0,0.0,0.0,0.0,0.0,0.0,0.0,0.0
2022-03-01,0.0,0.0,0.0,0.0,1.62,0.395,0.0,0.0,0.0,1.04,0.66728,0.0,0.189,0.491,0.0,0.55,0.0,0.8,0.0,0.69,0.0,0.0,0.44,0.0,0.0,0.0,0.51,0.0,0.0,0.638,2.2,0.0,0.0,0.0,0.0,1.07,0.29,0.0,0.895,0.0,1.22,0.0,0.0,0.0,,1.16,1.17,0.0,0.0,0.0,0.63,0.0,0.0,0.5,0.0,1.075,0.0,0.0,0.247,0.0,0.0,0.0,0.79,0.47,1.2,0.0,0.0,0.186667,0.0,0.0,0.0,0.0,0.0,0.0,0.0,0.0,0.0,0.0,0.0,0.0,0.0,0.0,0.0,0.0,0.0,0.0,0.0,0.0,0.0,0.0,0.0,0.0,0.0,0.0,0.0,0.0,0.0,0.0,0.0,0.0,0.0,0.0,0.0,0.0,0.0,0.0,0.0,0.0,0.0,0.0,0.0,0.0,0.0,0.0,0.0,0.0,0.0,0.0,0.0,0.0,0.0,0.0,0.0,0.0,0.0,0.0,0.0,0.0,0.0,0.0,0.0,0.69,0.0,0.0,0.0,0.0,0.0,0.66,0.0,0.0,0.0,0.0
2022-04-01,0.28,0.47,1.41,0.0,0.0,0.0,0.0,0.0,0.0,0.0,0.0,0.0,0.0,0.0,1.11,0.0,0.0,0.0,0.0,0.0,0.0,1.16,0.0,0.47,0.0,0.0,0.0,0.0,1.11,0.0,0.0,0.0,0.0,0.0,0.155,0.0,0.0,1.26,0.0,0.26,0.0,0.0,0.0,0.0,,0.0,0.0,0.8,0.37,0.0,0.0,0.0,0.0,0.0,0.21,0.0,0.0,0.913,0.247,0.62,0.0,0.0,0.0,0.0,0.0,0.0,0.0,0.0,0.18,0.0,1.5,0.0,0.0,0.0,0.7,0.0,0.0,0.0,0.0,0.0,0.0,0.0,0.0,0.64,0.0,0.0,0.0,0.9,0.0,0.0,1.85,0.0,0.0,1.85,0.0,11.0,0.0,0.0,0.0,0.9,0.0,0.0,0.0,0.0,0.0,0.0,0.0,0.0,0.0,0.0,0.52,0.0,0.0,0.0,0.0,0.0,0.23,0.0515,0.0,0.0,0.0,0.0,0.0,1.362,5.5,0.0,0.465,0.41,0.0,4.8,7.0,0.0,0.0,0.0,0.0,0.0,0.0,0.0,2.25,0.538,0.0,1.03
2022-05-01,0.0,0.0,0.0,0.4,0.0,0.0,0.6,0.4,0.68,0.0,0.0,0.103,0.0,0.0,0.0,0.0,1.42,0.0,0.263,0.0,0.2375,0.0,0.0,0.0,0.79,0.5,0.0,0.515,0.0,0.638,0.0,0.67,0.88,0.89,0.0,0.0,0.0,0.0,0.0,0.0,0.0,1.65,0.99,1.13,,0.0,0.0,0.0,0.0,0.0,0.0,0.425,0.51,0.0,0.0,0.0,0.59,0.0,0.247,0.0,0.804163,0.6,0.0,0.0,0.0,0.9,1.72,0.186667,0.0,3.3,0.0,10.8,3.4,2.0,0.0,5.8,0.0,0.0,2.2,0.0,0.2,3.2,1.8,0.0,0.49,0.92,1.35,0.0,5.75,2.4,0.0,0.0,5.0,0.0,2.1,0.0,2.56,0.0,3.3,0.0,2.45,0.0,0.0,0.0,0.0,1.02,7.56,1.650109,0.0,0.0,0.0,2.178813,0.5,0.0,3.7,1.54,0.0,0.0,3.67,1.94,0.0,0.43,2.51,0.0,0.0,0.0,0.0,0.232,0.0789,0.0,0.0,0.0,0.0,0.5,0.0,3.33,2.9,0.0,0.0,0.0,7.5,0.0
2022-06-01,0.0,0.0,0.0,0.0,1.62,0.395,0.0,0.0,0.0,1.04,0.683962,0.0,0.189,0.496,0.0,0.55,0.0,0.83,0.0,0.69,0.0,0.0,0.44,0.0,0.0,0.0,0.51,0.0,0.0,0.0,2.2,0.0,0.0,0.0,0.0,1.07,0.29,1.26,0.895,0.0,1.22,0.0,0.0,0.0,,1.16,1.17,0.0,0.0,1.38,0.68,0.0,0.0,0.5,0.0,1.15,0.0,0.0,0.248,0.0,0.0,0.0,0.79,0.49,1.2,0.0,0.0,0.0,0.0,0.0,0.0,0.0,0.0,0.0,0.0,0.0,1.45,0.0,0.0,0.0,0.0,0.0,0.0,0.0,0.0,0.0,0.0,0.0,0.0,0.0,0.0,0.0,0.0,0.0,0.0,0.0,0.0,0.0,0.0,0.0,0.0,0.0,0.0,0.0,0.0,0.0,0.0,0.0,0.0,0.0,0.0,0.0,0.0,0.0,0.0,0.0,0.0,0.0,0.0,0.0,0.0,0.0,0.0,0.0,0.0,0.005,0.0,0.0,0.0,0.0,0.0,0.0,0.0,0.0,1.63,0.0,0.0,0.66,0.0,0.0,0.0,0.0
2022-07-01,0.28,0.47,1.41,0.0,0.0,0.0,0.0,0.0,0.0,0.0,0.0,0.0,0.0,0.0,1.2,0.0,0.0,0.0,0.0,0.0,0.0,1.18,0.0,0.47,0.0,0.0,0.0,0.0,1.11,0.0,0.0,0.0,0.0,0.0,0.155,0.0,0.0,0.0,0.0,0.26,0.0,0.0,0.0,0.0,,0.0,0.0,1.05,0.37,0.0,0.0,0.0,0.0,0.0,0.21,0.0,0.0,0.913,0.248,0.62,0.0,0.0,0.0,0.0,0.0,0.0,0.0,0.0,0.18,0.0,0.0,0.0,0.0,0.0,0.0,0.0,0.0,0.0,0.0,0.0,0.0,0.0,0.0,0.0,0.0,0.0,0.0,0.0,0.0,0.0,0.0,0.0,0.0,0.0,0.0,0.0,0.0,0.0,0.0,0.0,0.0,0.85,0.0,0.0,0.0,0.0,0.0,0.0,0.0,0.0,0.0,0.0,0.0,0.0,0.0,0.0,0.0,0.0,0.0,0.0,0.19,0.0,0.0,0.0,0.0,0.274,0.0,0.0,0.0,0.0,0.0,0.0,0.0,0.0,0.0,0.0,0.0,0.0,0.0,0.0,0.0,0.0
2022-08-01,0.0,0.0,0.0,0.4,0.0,0.0,0.0,0.4,0.68,0.0,0.0,0.103,0.0,0.0,0.0,0.0,1.42,0.0,0.263,0.0,0.2875,0.0,0.0,0.0,0.79,0.505,0.0,0.515,0.0,0.0,0.0,0.0,0.88,0.89,0.0,0.0,0.0,0.0,0.0,0.0,0.0,1.65,1.02,1.13,,0.0,0.0,0.0,0.0,1.38,0.0,0.425,0.65,0.0,0.0,0.0,0.62,0.0,0.248,0.0,0.804163,0.6,0.0,0.0,0.0,1.08,1.72,0.186667,0.0,0.0,0.0,0.0,0.0,0.0,0.0,0.0,0.0,0.0,0.0,0.0,0.0,0.0,0.0,0.0,0.0,0.0,0.0,0.0,0.0,0.0,0.0,0.0,0.0,0.0,0.0,0.0,0.0,0.0,0.0,0.0,0.0,0.0,0.0,0.0,0.0,0.0,0.0,0.0,0.0,0.0,0.46,0.0,0.0,0.0,1.37,0.0,0.0,0.0,0.0,0.0,0.0,0.0,0.0,0.0,0.0,0.0,0.0,0.17,0.0,0.0,0.0,0.0,0.0,0.0,0.0,0.0,0.0,0.0,0.0,0.0,0.0,0.63
2022-09-01,0.0,0.0,0.0,0.0,1.62,0.395,0.6,0.0,0.0,1.04,0.683962,0.0,0.189,0.496,0.0,0.55,0.0,0.83,0.0,0.69,0.0,0.0,0.44,0.0,0.0,0.0,0.51,0.0,0.0,0.638,2.2,0.0,0.0,0.0,0.0,1.08,0.29,0.0,0.895,0.0,1.31,0.0,0.0,0.0,,1.16,1.17,0.0,0.0,0.0,0.68,0.0,0.0,0.5,0.0,1.15,0.0,0.0,0.248,0.0,0.0,0.0,0.8,0.0,1.2,0.0,0.0,0.0,0.0,0.0,0.0,0.0,0.0,0.0,0.0,0.0,0.0,0.0,0.0,0.0,0.0,0.0,0.0,0.0,0.0,0.0,0.0,0.0,0.0,0.0,0.0,0.0,0.0,0.0,0.0,0.0,0.0,0.0,0.0,0.0,0.0,0.0,0.0,0.0,0.0,0.0,0.0,0.0,0.0,0.0,0.0,0.0,0.0,0.0,0.0,0.0,0.0,0.0,0.0,0.0,0.0,0.22,0.0,0.0,0.0,0.0,0.0,0.0,0.0,0.0,0.0,0.0,0.064232,0.0,0.0,0.0,0.0,0.69,0.0,0.0,0.0,0.0
2022-10-01,0.3,0.47,1.41,0.0,0.0,0.0,0.0,0.0,0.0,0.0,0.0,0.0,0.0,0.0,1.2,0.0,0.0,0.0,0.0,0.0,0.0,1.18,0.0,0.47,0.0,0.0,0.0,0.0,1.11,0.0,0.0,0.0,0.0,0.0,0.155,0.0,0.0,1.26,0.0,0.26,0.0,0.0,0.0,0.0,,0.0,0.0,1.05,0.37,0.0,0.0,0.0,0.0,0.0,0.21,0.0,0.0,0.913,0.248,0.62,0.0,0.0,0.0,0.49,0.0,0.0,0.0,0.0,0.0,0.0,0.0,0.0,0.0,0.0,0.0,0.0,0.0,0.0,0.0,0.0,0.0,0.0,0.0,0.0,0.0,0.0,0.0,0.0,0.0,0.0,0.0,0.0,0.0,0.0,0.0,0.0,0.0,0.0,0.0,0.0,0.0,0.0,0.0,0.0,0.0,0.0,0.0,0.0,0.0,0.0,0.0,0.0,0.0,0.0,0.0,0.0,0.12,0.0583,0.0,0.0,0.0,0.0,0.0,0.0,0.0,0.0,0.465,0.0,0.0,0.0,0.0,0.0,0.0,0.0,0.0,0.0,0.0,0.0,0.0,0.0,0.0,0.0
2022-11-01,0.0,0.0,0.0,0.4,0.0,0.0,0.615,0.4,0.74,0.0,0.0,0.115,0.0,0.0,0.0,0.0,1.42,0.0,0.263,0.0,0.2875,0.0,0.44,0.0,0.79,0.505,0.0,0.52,0.0,0.0,0.0,0.67,0.91,0.89,0.0,0.0,0.0,0.0,0.0,0.0,0.0,1.65,1.02,1.13,,0.0,0.0,0.0,0.0,1.52,0.0,0.425,0.0,0.0,0.0,0.0,0.62,0.0,0.248,0.0,0.804163,0.6,0.8,0.0,0.0,1.08,1.72,0.0,0.19,0.0,0.0,0.0,0.0,0.0,0.0,0.0,0.0,0.0,0.0,0.0,0.0,0.0,0.0,0.0,0.0,0.0,0.0,0.0,0.0,0.0,0.0,0.0,0.0,0.0,0.0,0.0,0.0,0.0,0.0,0.0,0.0,0.0,0.0,0.0,0.0,0.0,0.0,0.0,0.0,0.0,0.0,0.0,0.0,0.0,1.37,0.0,0.0,0.0,0.0,0.0,0.0,0.22,0.0,0.0,0.0,0.0,0.0,0.0,0.0738,0.0,0.0,0.0,0.0,0.0,0.0,0.0,0.0,0.0,1.0,0.0,0.0,0.0
2022-12-01,0.0,0.0,0.0,0.0,1.62,0.395,0.0,0.0,0.0,1.25,0.715409,0.0,0.206,0.496,0.0,0.61,0.0,0.83,0.0,0.69,0.0,0.0,0.0,0.0,0.0,0.0,0.53,0.0,0.0,0.638,2.2,0.0,0.0,0.0,0.0,1.08,0.3,0.0,0.895,0.0,1.31,0.0,0.0,0.0,,1.16,1.17,0.0,0.39,0.0,0.68,0.0,0.65,0.51,0.0,1.15,0.0,0.0,0.249,0.0,0.0,0.0,0.0,0.0,1.2,0.0,0.0,0.186667,0.0,0.0,0.0,0.0,0.0,0.0,0.0,0.0,0.0,0.0,0.0,0.0,0.0,0.0,0.0,0.0,0.0,0.0,0.0,0.0,0.0,0.0,0.0,0.0,0.0,0.0,0.0,0.0,0.0,0.0,0.0,0.0,0.0,0.0,0.0,0.0,0.0,0.0,19.06,0.0,0.0,0.0,0.0,0.0,0.0,0.0,0.0,0.0,0.0,0.0,0.0,0.0,0.0,0.0,0.0,0.0,0.0,0.0,0.0,0.0,0.0,0.0,5.0,0.0,0.0,0.0,0.0,0.0,0.0,1.0,0.0,0.0,19.06,0.0
2023-01-01,0.3,0.51,1.48,0.0,0.0,0.0,0.0,0.0,0.0,0.0,0.0,0.0,0.0,0.0,1.2,0.0,0.0,0.0,0.0,0.0,0.0,1.18,0.0,0.47,0.0,0.0,0.0,0.0,1.19,0.0,0.0,0.0,0.0,0.0,0.0,0.0,0.0,1.26,0.0,0.275,0.0,0.0,0.0,0.0,,0.0,0.0,1.05,0.0,0.0,0.0,0.0,0.0,0.0,0.22,0.0,0.0,0.913,0.249,0.683,0.0,0.0,0.0,0.49,0.0,0.0,0.0,0.0,0.19,0.0,0.0,0.0,0.0,0.0,0.0,0.0,0.0,0.0,0.0,0.0,0.0,0.0,0.0,0.0,0.0,0.0,0.0,0.0,0.0,0.0,0.0,0.0,0.0,0.0,0.0,0.0,0.0,0.0,0.0,0.0,0.0,0.0,0.0,0.0,0.0,0.0,0.0,0.0,0.0,0.0,0.0,0.0,0.0,0.0,0.0,0.0,0.0,0.0,0.0,0.0,0.2,0.0,0.0,0.0,0.0,0.18,0.0,0.082,0.0,0.0,0.0,0.0,0.0,0.0,0.0,0.0,0.0,0.69,0.0,0.0,0.0,0.0
2023-02-01,0.0,0.0,0.0,0.42,0.0,0.0,0.615,0.45,0.74,0.0,0.0,0.115,0.0,0.0,0.0,0.0,1.51,0.0,0.273,0.0,0.2875,0.0,0.0,0.0,0.81,0.505,0.0,0.52,0.0,0.0,0.0,0.0,0.91,0.89,0.175,0.0,0.0,0.0,0.0,0.0,0.0,1.65,1.02,1.13,,0.0,0.0,0.0,0.0,1.52,0.0,0.468,0.65,0.0,0.0,0.0,0.62,0.0,0.255,0.0,0.851466,0.605,0.0,0.0,0.0,1.08,1.72,0.0,0.0,0.0,0.0,0.0,0.0,0.0,0.0,0.0,0.0,0.0,0.0,0.0,0.0,0.0,0.0,0.0,0.0,0.0,0.0,0.0,0.0,0.0,0.0,0.32,0.0,0.0,0.0,0.0,0.0,0.0,0.0,0.0,0.0,0.0,4.25,0.0,0.95,0.0,0.0,0.0,0.0,0.0,0.0,0.0,0.0,0.0,1.37,0.0,0.0,0.0,0.0,0.0,0.0,0.0,0.0,0.0,3.5,0.0,0.0,0.0,0.0,0.0,0.0,0.0,0.0,0.0,0.0,0.0,0.0,0.0,0.0,0.0,0.0,0.0
2023-03-01,0.0,0.0,0.0,0.0,1.75,0.4,0.0,0.0,0.0,1.25,0.715409,0.0,0.206,0.496,0.0,0.61,0.0,0.83,0.0,0.75,0.0,0.0,0.46,0.0,0.0,0.0,0.53,0.0,0.0,0.675,2.31,0.0,0.0,0.0,0.0,1.08,0.3,0.0,0.95,0.0,1.31,0.0,0.0,0.0,,1.18,1.275,0.0,0.0,0.0,0.68,0.0,0.0,0.51,0.0,1.15,0.0,0.0,0.255,0.0,0.0,0.0,0.8,0.0,1.22,0.0,0.0,0.19,0.0,0.0,0.0,0.0,0.0,0.0,0.0,0.0,0.0,0.0,0.0,0.0,0.0,0.0,0.0,0.0,0.0,0.0,0.0,0.0,0.0,0.0,0.0,0.0,0.0,0.0,0.0,0.0,0.0,0.0,0.0,0.0,0.0,0.0,0.0,0.0,0.0,0.0,0.0,0.0,0.0,0.0,0.0,0.0,0.0,0.0,0.0,0.0,0.0,0.0,0.0,0.0,0.0,0.22,0.0,0.0,0.0,0.0,0.0,0.0,0.0,0.0,0.0,0.8,0.0,0.0,0.0,0.0,0.0,0.69,0.0,0.0,0.0,0.0
2023-04-01,0.3,0.51,1.48,0.0,0.0,0.0,0.0,0.0,0.0,0.0,0.0,0.0,0.0,0.0,1.2,0.0,0.0,0.0,0.0,0.0,0.0,1.18,0.0,0.48,0.0,0.0,0.0,0.0,1.19,0.0,0.0,0.0,0.0,0.0,0.175,0.0,0.0,1.32,0.0,0.275,0.0,0.0,0.0,0.0,,0.0,0.0,1.05,0.39,0.0,0.0,0.0,0.0,0.0,0.22,0.0,0.0,0.941,0.255,0.683,0.0,0.0,0.0,0.49,0.0,0.0,0.0,0.0,0.19,0.0,1.8,0.0,3.4,0.0,0.7,0.0,0.0,0.0,1.5,0.0,0.0,0.0,0.0,0.7,0.0,0.0,0.0,0.95,0.0,0.0,1.85,0.0,0.0,0.0,0.0,0.0,0.0,0.0,0.0,0.0,0.0,0.0,0.0,0.0,0.0,0.0,0.0,0.0,0.0,0.0,0.59,0.0,0.0,0.0,1.69,0.0,0.31,0.0595,0.0,0.0,0.0,0.0,0.0,1.81,9.5,0.005,0.6,0.389,0.0,6.0,7.0,0.0,0.0,0.0,0.0,0.0,0.0,0.0,3.0,0.9872,0.0,0.0
2023-05-01,0.0,0.0,0.0,0.42,0.0,0.0,0.615,0.45,0.74,0.0,0.0,0.115,0.0,0.0,0.0,0.0,1.51,0.0,0.273,0.0,0.2875,0.0,0.0,0.0,0.81,0.505,0.0,0.52,0.0,0.675,0.0,0.69,0.91,0.98,0.0,0.0,0.0,0.0,0.0,0.0,0.0,1.66,1.02,1.19,,0.0,0.0,0.0,0.0,0.0,0.0,0.468,0.65,0.0,0.0,0.0,0.62,0.0,0.255,0.0,0.851466,0.605,0.0,0.0,0.0,1.08,1.86,0.19,0.0,0.7,0.0,11.4,0.0,2.4,0.0,8.5,0.0,0.0,0.0,0.0,0.3,3.6,1.85,0.0,0.51,0.92,1.12,0.0,6.0,2.6,0.0,0.0,5.2,2.2,3.2,11.6,0.0,0.0,4.3,0.9,2.05,0.0,0.0,0.0,0.0,1.05,8.76,0.85,0.0,0.0,0.0,2.438017,0.75,0.0,0.0,1.7,0.0,0.0,3.9,2.0,0.0,0.22,3.23,0.0,0.0,0.0,0.0,0.0,0.0901,0.0,0.0,0.0,0.0,1.35,0.0,3.56,3.15,0.0,0.0,0.0,8.7,1.18
2023-06-01,0.0,0.0,0.0,0.0,1.75,0.4,0.0,0.0,0.0,1.25,0.715409,0.0,0.206,0.501,0.0,0.61,0.0,0.86,0.0,0.75,0.0,0.0,0.46,0.0,0.0,0.0,0.53,0.0,0.0,0.0,2.31,0.0,0.0,0.0,0.0,1.08,0.3,0.0,0.95,0.0,1.31,0.0,0.0,0.0,0.0,1.18,1.275,0.0,0.0,1.52,0.69,0.0,0.0,0.51,0.0,1.265,0.0,0.0,0.256,0.0,0.0,0.0,0.8,0.0,1.22,0.0,0.0,0.0,0.0,0.0,0.0,0.0,0.0,0.0,0.0,0.0,2.0,0.2,0.0,1.3,0.0,0.0,0.0,0.0,0.0,0.0,0.0,0.0,0.0,0.0,0.0,0.0,0.0,0.0,0.0,0.0,0.0,0.0,0.0,0.0,0.0,1.0,0.0,0.0,0.0,0.0,0.0,0.0,0.0,0.0,0.0,0.0,0.0,0.0,0.0,0.0,0.0,0.0,0.0,0.0,0.0,0.0,0.0,0.0,0.0,0.0,0.0,0.0,0.0,0.0,0.0,0.0,0.0,0.0,2.0,0.0,0.0,0.74,0.0,0.0,0.0,0.0
2023-07-01,0.3,0.51,1.48,0.0,0.0,0.0,0.0,0.0,0.0,0.0,0.0,0.0,0.0,0.0,1.3,0.0,0.0,0.0,0.0,0.0,0.0,0.0,0.0,0.48,0.0,0.0,0.0,0.0,1.19,0.0,0.0,0.0,0.0,0.0,0.175,0.0,0.0,1.32,0.0,0.275,0.0,0.0,0.0,0.0,0.0,0.0,0.0,1.1,0.39,0.0,0.0,0.0,0.0,0.0,0.22,0.0,0.0,0.941,0.256,0.683,0.0,0.0,0.0,0.5,0.0,0.0,0.0,0.0,0.19,0.0,0.0,0.0,0.0,0.0,0.0,0.0,0.0,0.0,0.0,0.0,0.0,0.0,0.0,0.0,0.0,0.0,0.0,0.0,0.0,0.0,0.0,0.0,0.0,0.0,0.0,0.0,2.56,0.0,0.0,0.0,0.0,0.0,0.0,0.0,0.0,0.0,0.0,0.0,0.0,0.0,0.0,0.0,0.0,0.0,0.0,0.0,0.0,0.0,0.0,0.0,0.2,0.0,0.0,0.0,0.0,0.316,0.0,0.0,0.0,0.0,0.0,0.0,0.0,0.0,0.0,0.0,0.0,0.0,0.0,0.0,0.0,0.0
2023-08-01,0.0,0.0,0.0,0.42,0.0,0.0,0.0,0.45,0.74,0.0,0.0,0.115,0.0,0.0,0.0,0.61,1.51,0.0,0.273,0.0,0.3375,1.2,0.0,0.0,0.81,0.51,0.0,0.52,0.0,0.0,0.0,0.0,0.91,0.98,0.0,0.0,0.0,0.0,0.0,0.0,0.0,1.66,1.06,1.19,0.2,0.0,0.0,0.0,0.0,1.52,0.0,0.468,0.68,0.0,0.0,1.265,0.65,0.0,0.256,0.0,0.851466,0.605,0.0,0.0,0.0,1.1,1.86,0.19,0.0,0.0,0.0,0.0,0.0,0.0,0.0,0.0,0.0,0.0,0.0,0.0,0.0,0.0,0.0,0.0,0.0,0.0,0.0,0.0,0.0,0.0,0.0,0.0,0.0,0.0,0.0,0.0,0.0,0.0,0.0,0.0,0.0,0.0,0.0,0.0,0.0,0.0,0.0,0.0,0.0,0.0,0.49,0.0,0.0,0.0,1.45,0.0,0.0,0.0,0.0,0.0,0.0,0.0,0.0,0.0,0.0,0.0,0.0,0.35,0.0,0.0,0.0,0.0,0.0,0.0,0.0,0.0,0.0,0.0,0.0,0.0,0.0,0.72
2023-09-01,0.0,0.0,0.0,0.0,1.75,0.4,0.615,0.0,0.0,1.25,0.715409,0.0,0.206,0.0,0.0,0.0,0.0,0.86,0.0,0.75,0.0,0.0,0.46,0.0,0.0,0.0,0.53,0.0,0.0,0.675,2.31,0.0,0.0,0.0,0.0,1.09,0.3,0.0,0.95,0.0,1.4,0.0,0.0,0.0,0.0,1.18,1.275,0.0,0.0,0.0,0.69,0.0,0.0,0.51,0.0,0.0,0.0,0.0,0.256,0.0,0.0,0.0,0.81,0.0,1.22,0.0,0.0,0.0,0.0,0.0,0.0,0.0,0.0,0.0,0.0,0.0,0.0,0.0,0.0,0.0,0.0,0.0,0.0,0.0,0.0,0.0,0.0,0.0,0.0,0.0,0.0,0.0,0.0,0.0,0.0,0.0,0.0,0.0,0.0,0.0,0.0,0.0,0.0,0.0,0.0,0.0,0.0,0.0,0.0,0.0,0.0,0.0,0.0,0.0,0.0,0.0,0.0,0.0,0.0,0.0,0.0,0.24,0.0,0.0,0.0,0.0,0.0,0.0,0.0,0.0,0.0,0.0,0.0,0.0,0.0,0.0,0.0,0.74,0.0,0.0,0.0,0.0
2023-10-01,0.32,0.51,1.48,0.0,0.0,0.0,0.0,0.0,0.0,0.0,0.0,0.13,0.0,0.501,1.3,0.0,0.0,0.0,0.0,0.0,0.0,1.2,0.0,0.48,0.0,0.0,0.0,0.0,1.19,0.0,0.0,0.0,0.0,0.0,0.175,0.0,0.0,1.32,0.0,0.275,0.0,0.0,0.0,0.0,0.0,0.0,0.0,1.1,0.39,0.0,0.0,0.0,0.0,0.0,0.22,0.0,0.0,0.941,0.256,0.683,0.0,0.0,0.0,0.5,0.0,0.0,0.0,0.0,0.0,0.0,0.0,0.0,0.0,0.0,0.0,0.0,0.0,0.0,0.0,0.0,0.0,0.0,0.0,0.0,0.0,0.0,0.0,0.0,0.0,0.0,0.0,0.0,0.0,0.0,0.0,0.0,0.0,0.0,0.0,0.0,0.0,0.0,0.0,0.0,0.0,0.0,0.0,0.0,0.0,0.0,0.0,0.0,0.0,0.0,0.0,0.0,0.16,0.081,0.0,0.0,0.0,0.0,0.0,0.0,0.0,0.0,0.6,0.0,0.0,0.0,0.0,0.0,0.0,0.0,0.0,0.0,0.0,0.0,0.0,0.0,0.0,0.0
2023-11-01,0.0,0.0,0.0,0.42,0.0,0.0,0.625,0.45,0.805,0.0,0.0,0.0,0.218,0.0,0.0,0.61,1.51,0.0,0.273,0.0,0.3375,0.0,0.46,0.0,0.81,0.51,0.0,0.525,0.0,0.0,0.0,0.69,0.95,0.98,0.0,0.0,0.0,0.0,0.95,0.0,0.0,1.66,1.06,1.19,0.2,0.0,0.0,0.0,0.0,1.67,0.0,0.468,0.0,0.0,0.0,1.265,0.65,0.0,0.256,0.0,0.851466,0.605,0.81,0.0,0.0,1.1,1.86,0.0,0.2,0.0,0.0,0.0,0.0,0.0,0.0,0.0,0.0,0.0,0.0,0.0,0.0,0.0,0.0,0.0,0.0,0.0,0.0,0.0,0.0,0.0,0.0,0.0,0.0,0.0,0.0,0.0,0.0,0.0,0.0,0.0,0.0,0.0,0.0,0.0,0.0,0.0,0.0,0.0,0.0,0.0,0.0,0.0,0.0,0.0,1.45,0.0,0.0,0.0,0.0,0.0,0.0,0.23,0.0,0.0,0.0,0.0,0.0,0.0,0.144,0.0,0.0,0.0,0.07,0.0,0.0,0.0,0.0,0.0,1.05,0.0,0.0,0.0
2023-12-01,0.0,0.0,0.0,0.0,1.75,0.4,0.0,0.0,0.0,1.4,0.746855,0.0,0.0,0.501,0.0,0.0,0.0,0.86,0.0,0.75,0.0,0.0,0.0,0.0,0.0,0.0,0.57,0.0,0.0,0.675,2.31,0.0,0.0,0.0,0.19,1.09,0.0,0.0,0.0,0.0,1.4,0.0,0.0,0.0,0.0,1.18,1.275,0.0,0.42,0.0,0.69,0.0,0.68,0.54,0.0,0.0,0.0,0.0,0.257,0.0,0.0,0.0,0.0,0.0,1.22,0.0,0.0,0.19,0.0,0.0,0.0,0.0,0.0,0.0,0.0,0.0,0.0,0.0,0.0,0.0,0.0,0.0,0.0,0.0,0.0,0.0,0.0,0.0,0.0,0.0,0.0,0.0,0.0,0.0,0.0,0.0,0.0,0.0,0.0,0.0,0.0,0.0,0.0,0.0,0.0,0.0,0.0,0.0,0.0,0.0,0.0,0.0,0.0,0.0,0.0,0.0,0.0,0.0,0.0,0.0,0.0,0.0,0.0,0.0,0.0,0.0,0.0,0.0,0.0,0.0,5.5,0.0,0.0,0.0,0.0,0.0,0.0,0.0,0.0,0.0,0.0,0.0
2024-01-01,0.32,0.55,1.55,0.0,0.0,0.0,0.0,0.0,0.0,0.0,0.0,0.0,0.0,0.0,1.3,0.0,0.0,0.0,0.0,0.0,0.0,1.2,0.0,0.48,0.0,0.0,0.0,0.0,1.275,0.0,0.0,0.0,0.0,0.0,0.195,0.0,0.31,1.32,0.0,0.283,0.0,0.0,0.0,0.0,0.0,0.0,0.0,1.1,0.0,0.0,0.0,0.0,0.0,0.0,0.23,0.0,0.0,0.941,0.257,0.75,0.0,0.0,0.0,0.5,0.0,0.0,0.0,0.0,0.2,0.0,0.0,0.0,0.0,0.0,0.0,0.0,0.0,0.0,0.0,0.0,0.0,0.0,0.0,0.0,0.0,0.0,0.0,0.0,0.0,0.0,0.0,0.0,0.0,0.0,0.0,0.0,0.0,1.2224715,0.0,0.0,0.0,0.0,0.0,0.0,0.0,0.0,0.0,0.0,0.0,0.0,0.0,0.0,0.0,0.0,0.0,0.0,0.0,0.0,0.0,0.0,0.215,0.0,0.0,0.0,0.0,0.202,0.0,0.0,0.0,0.0,0.0,0.0,0.0,0.0,0.0,0.0,0.0,0.74,0.0,0.0,0.0,0.0
2024-02-01,0.0,0.0,0.0,0.5,0.0,0.0,0.625,0.5,0.805,0.0,0.0,0.13,0.0,0.0,0.0,0.61,1.63,0.0,0.284,0.0,0.3375,0.0,0.0,0.0,0.83,0.51,0.0,0.525,0.0,0.0,0.0,0.0,0.95,0.98,0.0,0.0,0.0,0.0,1.0,0.0,0.0,1.66,1.06,1.19,0.2,0.0,0.0,0.0,0.0,1.67,0.0,0.515,0.68,0.0,0.0,1.265,0.65,0.0,0.257,0.0,0.860927,0.715,0.0,0.0,0.0,1.1,1.86,0.0,0.0,0.0,0.0,0.0,0.0,0.0,0.0,0.0,0.0,0.0,0.0,0.0,0.0,0.0,0.0,0.0,0.0,0.0,0.0,0.0,0.0,0.0,0.0,0.35,0.0,0.0,0.0,0.0,0.0,0.0,0.0,0.0,0.0,0.0,4.7,0.0,0.0,0.0,0.0,0.0,0.0,0.0,0.0,0.0,0.0,0.0,1.45,0.0,0.0,0.0,0.0,0.0,0.0,0.0,0.0,0.0,3.5,0.0,0.0,0.0,0.0,0.0,0.0,0.0,0.0,0.0,0.0,0.0,0.0,0.0,0.0,0.0,0.0,0.0
2024-03-01,0.0,0.0,0.0,0.0,1.77,0.4,0.0,0.0,0.0,1.4,0.746855,0.0,0.218,0.501,0.0,0.0,0.0,0.86,0.0,0.81,0.0,0.0,0.485,0.0,0.0,0.0,0.57,0.0,0.0,0.715,2.45,0.0,0.0,0.0,0.0,1.09,0.31,0.0,0.0,0.0,1.4,0.0,0.0,0.0,0.0,1.22,1.39,0.0,0.0,0.0,0.69,0.0,0.0,0.54,0.0,0.0,0.0,0.0,0.257,0.0,0.0,0.0,0.81,0.0,1.24,0.0,0.0,0.208,0.0,0.0,0.0,0.0,0.0,0.0,0.0,0.0,0.0,0.0,0.0,0.0,0.0,0.0,0.0,0.0,0.0,0.0,0.0,0.0,0.0,0.0,0.0,0.0,0.0,0.0,0.0,0.0,0.0,0.0,0.0,0.0,0.0,0.0,0.0,0.0,0.0,0.0,0.0,0.0,0.0,0.0,0.0,0.0,0.0,0.0,0.0,0.0,0.0,0.0,0.0,0.0,0.0,0.24,0.0,0.0,0.0,0.0,0.0,0.0,0.0,0.0,0.0,0.92,0.0,0.0,0.0,0.0,0.0,0.74,0.0,0.0,0.0,0.0
2024-04-01,0.32,0.55,1.55,0.0,0.0,0.0,0.0,0.0,0.0,0.0,0.0,0.0,0.0,0.0,1.3,0.0,0.0,0.0,0.0,0.0,0.0,1.2,0.0,0.5,0.0,0.0,0.0,0.0,1.275,0.0,0.0,0.0,0.0,0.0,0.195,0.0,0.0,1.42,0.0,0.283,0.0,0.0,0.0,0.0,0.0,0.0,0.0,1.1,0.42,0.0,0.0,0.0,0.0,0.0,0.23,0.0,0.0,1.007,0.257,0.75,0.0,0.0,0.0,0.5,0.0,0.0,0.0,0.0,0.2,0.0,2.8,0.0,3.4,0.11,1.0,0.0,0.0,0.0,2.2,0.0,0.0,0.0,0.0,0.77,0.0,0.0,0.0,0.0,0.0,0.0,1.85,0.0,0.0,2.2,0.0,15.0,0.0,0.0,0.0,0.0,0.0,0.0,0.0,0.0,0.95,0.0,0.0,0.0,0.0,0.0,0.61,0.0,0.0,0.0,1.75,1.98,0.39,0.095,0.0,0.0,0.0,0.0,0.0,2.443,0.0,0.0,0.77,0.756,0.0,6.6,7.5,0.0,0.0,0.0,0.0,0.0,0.0,0.0,3.45,1.8029,0.0,0.0
2024-05-01,0.0,0.0,0.0,0.5,0.0,0.0,0.625,0.5,0.805,0.0,0.0,0.13,0.0,0.0,0.0,0.0,1.63,0.0,0.284,0.0,0.3375,0.0,0.0,0.0,0.83,0.51,0.0,0.525,0.0,0.715,0.0,0.0,0.95,1.04,0.0,0.0,0.0,0.0,0.0,0.0,0.0,1.67,1.06,1.24,0.2,0.0,0.0,0.0,0.0,0.0,0.0,0.0,0.68,0.0,0.0,0.0,0.65,0.0,0.0,0.0,0.860927,0.715,0.0,0.0,0.0,1.1,2.05,0.208,0.0,0.7,0.0,13.8,0.0,0.0,0.0,6.0,2.1,0.35,0.0,1.9,0.45,3.8,1.85,0.0,0.53,0.0,1.19,1.0,7.2,3.0,0.0,0.0,5.3,0.0,2.0,0.0,0.0,0.0,5.7,1.0,2.2,0.0,0.0,0.0,0.0,1.1,9.06,0.9,0.0,0.0,0.0,2.644628,0.82,0.0,0.0,0.0,0.0,0.0,4.6,2.1,0.0,0.23,3.95,0.0,21.5,0.005,0.0,0.0,0.152,0.0,0.0,0.0,0.0,2.2,0.0,3.76,3.5,0.0,0.0,0.0,9.0,1.36
2024-06-01,0.0,0.0,0.0,0.0,0.0,0.4,0.0,0.0,0.0,1.4,0.746855,0.0,0.218,0.0,0.0,0.61,0.0,0.91,0.0,0.81,0.0,0.0,0.485,0.0,0.0,0.0,0.57,0.0,0.0,0.0,2.45,0.73,0.0,0.0,0.0,1.09,0.31,0.0,1.0,0.0,1.4,0.0,0.0,0.0,0.0,1.22,1.39,0.0,0.0,1.67,0.7,0.515,0.0,0.54,0.0,1.355,0.0,0.0,0.263,0.0,0.0,0.0,0.81,0.0,1.24,0.0,0.0,0.0,0.0,0.0,0.0,0.0,0.0,0.0,0.0,0.0,0.0,0.0,0.0,0.0,0.0,0.0,0.0,0.0,0.0,0.0,0.0,0.0,0.0,0.0,0.0,0.0,0.0,0.0,0.0,0.0,2.56,0.0,0.0,0.0,0.0,1.2,0.0,0.0,0.0,0.0,0.0,0.0,0.0,0.0,0.0,0.0,0.0,0.0,0.0,0.0,0.0,0.0,0.0,0.0,0.0,0.0,0.0,0.0,0.0,0.0,0.0,0.0,0.0,0.0,0.0,0.0,0.0,0.0,2.1,0.0,0.0,0.79,0.0,0.0,0.0,0.0
2024-07-01,0.32,0.55,1.55,0.0,1.77,0.0,0.0,0.0,0.0,0.0,0.0,0.0,0.0,0.506,1.41,0.0,0.0,0.0,0.0,0.0,0.0,0.0,0.0,0.5,0.0,0.0,0.0,0.0,1.275,0.0,0.0,0.0,0.0,0.0,0.195,0.0,0.0,1.42,0.0,0.283,0.0,0.0,0.0,0.0,0.0,0.0,0.0,1.15,0.42,0.0,0.0,0.0,0.0,0.0,0.23,0.0,0.0,1.007,0.263,0.75,0.0,0.0,0.0,0.51,0.0,0.0,0.0,0.0,0.2,0.0,0.0,0.0,0.0,0.0,0.0,0.0,0.0,0.0,0.0,0.0,0.0,0.0,0.0,0.0,0.0,0.0,0.0,0.0,0.0,0.0,0.0,0.0,0.0,0.0,0.0,0.0,0.0,0.0,0.0,0.0,0.0,0.0,0.0,0.0,0.0,0.0,0.0,0.0,0.0,0.0,0.0,0.0,0.0,0.0,1.52,0.0,0.0,0.0,0.0,0.0,0.215,0.0,0.0,0.0,0.0,0.351,0.0,0.0,0.0,0.0,0.0,0.0,0.0,0.0,0.0,0.0,0.0,0.0,0.0,0.0,0.0,0.0
2024-08-01,0.0,0.0,0.0,0.5,0.0,0.0,0.0,0.5,0.805,0.0,0.0,0.13,0.0,0.0,0.0,0.0,1.63,0.0,0.284,0.0,0.39,1.22,0.0,0.0,0.83,0.515,0.0,0.525,0.0,0.0,0.0,0.0,0.95,1.04,0.0,0.0,0.0,0.0,0.0,0.0,0.0,1.67,1.08,1.24,0.205,0.0,0.0,0.0,0.0,0.0,0.0,0.515,0.78,0.0,0.0,0.0,0.68,0.0,0.263,0.0,0.860927,0.715,0.0,0.0,0.0,1.12,2.05,0.208,0.0,0.0,0.0,0.0,0.0,0.0,0.0,0.0,0.0,0.0,0.0,0.0,0.0,0.0,0.0,0.0,0.0,0.0,0.0,0.0,0.0,0.0,0.0,0.0,0.0,0.0,0.0,0.0,0.0,0.0,0.0,0.0,0.0,0.0,0.0,0.0,0.0,0.0,0.0,0.0,0.0,0.0,0.5,0.0,0.0,0.0,0.0,0.0,0.0,0.0,0.0,0.0,0.0,0.0,0.0,0.0,0.0,0.0,0.0,0.35,0.0,0.0,0.0,0.0,0.0,0.0,0.0,0.0,0.0,0.0,0.0,0.0,0.0,0.83
2024-09-01,0.0,0.0,0.0,0.0,0.0,0.405,0.625,0.0,0.0,1.4,0.746855,0.0,0.218,0.0,0.0,0.62,0.0,0.91,0.0,0.81,0.0,0.0,0.485,0.0,0.0,0.0,0.57,0.0,0.0,0.715,2.45,0.0,0.0,0.0,0.0,0.0,0.31,0.0,1.0,0.0,1.5,0.0,0.0,0.0,0.0,1.22,1.39,0.0,0.0,1.67,0.7,0.0,0.0,0.54,0.0,1.355,0.0,0.0,0.263,0.0,0.0,0.0,0.82,0.0,1.24,0.0,0.0,0.0,0.0,0.0,0.0,0.0,0.0,0.0,0.0,0.0,0.0,0.0,0.0,0.0,0.0,0.0,0.0,0.0,0.0,0.0,0.0,0.0,0.0,0.0,0.0,0.0,0.0,0.0,0.0,0.0,0.0,0.0,0.0,0.0,0.0,0.0,0.0,0.0,0.0,0.0,0.0,0.0,0.0,0.0,0.0,0.0,0.0,0.0,0.0,0.0,0.0,0.0,0.0,0.0,0.0,0.25,0.0,0.0,0.0,0.0,0.0,0.0,0.0,0.0,0.0,0.0,0.0,0.0,0.0,0.0,0.0,0.79,0.0,0.0,0.0,0.0
2024-10-01,0.34,0.55,1.55,0.0,1.77,0.0,0.0,0.0,0.0,0.0,0.0,0.0,0.0,0.506,1.41,0.0,0.0,0.0,0.0,0.0,0.0,1.22,0.0,0.5,0.0,0.0,0.0,0.0,1.275,0.0,0.0,0.0,0.0,0.0,0.195,1.1,0.0,1.42,0.0,0.283,0.0,0.0,0.0,0.0,0.0,0.0,0.0,1.15,0.42,0.0,0.0,0.0,0.0,0.0,0.23,0.0,0.0,1.007,0.264,0.75,0.0,0.0,0.0,0.51,0.0,0.0,0.0,0.0,0.0,0.0,0.0,0.0,0.0,0.0,0.0,0.0,0.0,0.0,0.0,0.0,0.0,0.0,0.0,0.0,0.0,0.0,0.0,0.0,0.0,0.0,0.0,0.0,0.0,0.0,0.0,0.0,0.0,0.0,0.0,0.0,0.0,0.0,0.0,0.0,0.0,0.0,0.0,0.0,0.0,0.0,0.0,0.0,0.0,0.0,1.52,0.0,0.29,0.1,0.0,0.0,0.0,0.0,0.0,0.0,0.0,0.0,0.77,0.0,0.0,0.0,0.0,0.0,0.1,0.0,0.0,0.0,0.0,0.0,1.05,0.0,0.0,0.0
2024-11-01,0.0,0.0,0.0,0.5,0.0,0.0,0.64,0.5,0.87,0.0,0.0,0.15,0.0,0.0,0.0,0.0,1.63,0.0,0.284,0.0,0.39,0.0,0.485,0.0,0.83,0.515,0.0,0.528,0.0,0.0,0.0,0.0,0.99,1.04,0.0,0.0,0.0,0.0,0.0,0.0,0.0,1.67,1.08,1.24,0.205,0.0,0.0,0.0,0.0,0.0,0.0,0.515,0.0,0.0,0.0,0.0,0.68,0.0,0.264,0.0,0.860927,0.715,0.82,0.0,0.0,1.12,2.05,0.0,0.21,0.0,0.0,0.0,0.0,0.0,0.0,0.0,0.0,0.0,0.0,0.0,0.0,0.0,0.0,0.0,0.0,0.0,0.0,0.0,0.0,0.0,0.0,0.0,0.0,0.0,0.0,0.0,0.0,0.0,0.0,0.0,0.0,0.0,0.0,0.0,0.0,0.0,0.0,0.0,0.0,0.0,0.0,0.0,0.0,0.0,0.0,0.0,0.0,0.0,0.0,0.0,0.0,0.25,0.0,0.0,0.0,0.0,0.0,0.0,0.17,0.0,0.0,0.0,0.0,0.0,0.0,0.0,0.0,0.0,0.0,0.9261,0.0,0.0
2024-12-01,0.0,0.0,0.0,0.0,0.0,0.405,0.0,0.0,0.0,1.54,0.81761,0.0,0.227,0.0,0.0,0.62,0.0,0.91,0.0,0.81,0.0,0.0,0.0,0.0,0.0,0.0,0.65,0.0,0.0,0.715,0.0,0.73,0.0,0.0,0.0,0.0,0.32,0.0,1.0,0.0,1.5,0.0,0.0,0.0,0.0,1.22,1.39,0.0,0.45,1.77,0.7,0.0,0.0,0.55,0.0,1.355,0.0,0.0,0.264,0.0,0.0,0.0,0.0,0.0,1.24,0.0,0.0,0.208,0.0,0.0,0.0,0.0,0.0,0.0,0.0,0.0,0.0,0.0,0.0,0.0,0.0,0.0,0.0,0.0,0.0,0.0,0.0,0.0,0.0,0.0,0.0,0.0,0.0,0.0,0.0,0.0,0.0,0.0,0.0,0.0,0.0,0.0,0.0,0.0,0.0,0.0,0.0,0.0,0.0,0.0,0.0,0.0,0.0,0.0,0.0,0.0,0.0,0.0,0.0,0.0,0.0,0.0,0.0,0.0,0.0,0.0,0.0,0.0,0.0,0.0,5.5,0.0,0.0,0.0,0.0,0.0,0.0,0.0,0.0,0.0,0.0,0.0
2025-01-01,0.34,0.59,1.64,0.0,1.77,0.0,0.0,0.0,0.0,0.0,0.0,0.0,0.0,0.506,1.41,0.0,0.0,0.0,0.0,0.0,0.0,1.22,0.0,0.5,0.0,0.0,0.0,0.0,1.365,0.0,2.45,0.0,0.0,0.0,0.215,1.1,0.0,1.42,0.0,0.29,0.0,0.0,0.0,0.0,0.0,0.0,0.0,1.15,0.0,0.0,0.0,0.0,0.78,0.0,0.25,0.0,0.0,1.007,0.264,0.825,0.0,0.0,0.0,0.51,0.0,0.0,0.0,0.0,0.0,0.0,0.0,0.0,0.0,0.0,0.0,0.0,0.0,0.0,0.0,0.0,0.0,0.0,0.0,0.0,0.0,0.0,0.0,0.0,0.0,0.0,0.0,0.0,0.0,0.0,0.0,0.0,0.0,1.2033705,0.0,0.0,0.0,0.0,0.0,0.0,0.0,0.0,0.0,0.0,0.0,0.0,0.0,0.0,0.0,0.0,0.0,0.0,0.0,0.0,0.0,0.0,0.215,0.0,0.0,0.0,0.0,0.231,0.0,0.161,0.0,0.0,0.0,0.0,0.0,0.0,0.0,0.0,0.0,0.79,0.0,0.0,0.0,0.0
2025-02-01,0.0,0.0,0.0,0.58,0.0,0.0,0.64,0.51,0.87,0.0,0.0,0.15,0.0,0.0,0.0,0.0,1.71,0.0,0.295,0.0,0.39,0.0,0.0,0.0,0.85,0.515,0.0,0.528,0.0,0.0,0.0,0.0,0.99,1.04,0.0,0.0,0.0,0.0,0.0,0.0,0.0,1.67,1.08,1.24,0.205,0.0,0.0,0.0,0.0,0.0,0.0,0.567,0.0,0.0,0.0,0.0,0.68,0.0,0.264,0.0,0.908231,0.0,0.0,0.0,0.0,1.12,2.05,0.0,0.21,0.0,0.0,0.0,0.0,0.0,0.0,0.0,0.0,0.0,0.0,0.0,0.0,0.0,0.0,0.0,0.0,0.0,0.0,0.0,0.0,0.0,0.0,0.35,0.0,0.0,0.0,0.0,0.0,0.0,0.0,0.0,0.0,0.0,5.2,0.0,0.95,0.0,0.0,0.0,0.0,0.0,0.0,0.0,0.0,0.0,1.52,0.0,0.0,0.0,0.0,0.0,0.0,0.0,0.0,0.0,3.5,0.0,0.0,0.0,0.0,0.0,0.0,0.0,0.0,0.0,0.0,0.0,0.0,0.0,0.0,0.0,0.0,0.0
2025-03-01,0.0,0.0,0.0,0.0,0.0,0.405,0.0,0.0,0.0,1.54,0.81761,0.0,0.227,0.0,0.0,0.62,0.0,0.91,0.0,0.87,0.0,0.0,0.51,0.0,0.0,0.0,0.65,0.0,0.0,0.753,2.57,0.0,0.0,0.0,0.0,0.0,0.32,0.0,1.03,0.0,1.5,0.0,0.0,0.0,0.0,1.26,1.5,0.0,0.0,1.77,0.7,0.0,0.78,0.55,0.0,1.355,0.0,0.0,0.268,0.0,0.0,0.79,0.82,0.0,1.27,0.0,0.0,0.235,0.0,0.0,0.0,0.0,0.0,0.0,0.0,0.0,0.0,0.0,0.0,0.0,0.0,0.0,0.0,0.0,0.0,0.0,0.0,0.0,0.0,0.0,0.0,0.0,0.0,0.0,0.0,0.0,0.0,0.0,0.0,0.0,0.0,0.0,0.0,0.0,0.0,0.0,0.0,0.0,0.0,0.0,0.0,0.0,0.0,0.0,0.0,0.0,0.0,0.0,0.0,0.0,0.0,0.25,0.0,0.0,0.0,0.0,0.0,0.0,0.0,0.0,0.0,0.94,0.0,0.0,0.0,0.0,0.0,0.79,0.0,0.0,0.0,0.0
2025-04-01,0.34,0.59,1.64,0.0,1.79,0.0,0.0,0.0,0.0,0.0,0.0,0.0,0.0,0.506,1.41,0.0,0.0,0.0,0.0,0.0,0.0,1.22,0.0,0.52,0.0,0.0,0.0,0.0,1.365,0.0,0.0,0.0,0.0,0.0,0.22,1.1,0.0,1.5,0.0,0.29,0.0,0.0,0.0,0.0,0.0,0.0,0.0,1.15,0.45,0.0,0.0,0.0,0.0,0.0,0.25,0.0,0.0,1.057,0.269,0.825,0.0,0.0,0.0,0.51,0.0,0.0,0.0,0.0,0.21,0.0,3.0,0.0,0.0,0.11,1.0,0.0,0.0,0.0,2.5,0.0,0.0,0.0,0.0,0.9,0.0,0.0,0.0,0.0,0.0,0.0,2.04,0.0,0.0,2.2,0.0,0.0,0.0,0.0,0.0,0.0,0.0,0.0,0.0,0.0,0.0,0.0,0.0,0.0,0.0,0.0,0.67,0.0,0.0,0.0,1.84,0.0,0.41,0.11,0.0,0.0,0.0,0.0,0.0,2.986,0.0,0.0,0.84,0.71,0.0,0.0,7.5,0.0,0.0,0.0,0.0,0.0,0.0,0.0,3.7,1.4764,0.0,0.0
2025-05-01,0.0,0.0,0.0,0.58,0.0,0.0,0.64,0.51,0.87,0.0,0.0,0.15,0.0,0.0,0.0,0.0,1.71,0.0,0.295,0.0,0.39,0.0,0.0,0.0,0.85,0.515,0.0,0.528,0.0,0.753,0.0,0.0,0.99,1.1,0.0,0.0,0.0,0.0,0.0,0.0,0.0,1.68,1.08,1.3,0.205,0.0,0.0,0.0,0.0,0.0,0.0,0.0,0.0,0.0,0.0,0.0,0.68,0.0,0.269,0.0,0.908231,0.79,0.0,0.0,0.0,1.12,2.26,0.235,0.0,2.0,0.0,15.4,2.25,0.0,0.0,4.3,2.1,0.65,0.0,1.9,0.68,4.0,1.85,0.0,0.55,1.0,1.44,1.15,9.0,3.3,0.0,0.0,4.3,0.0,2.2,20.0,1.91,0.0,8.1,1.1,2.35,0.0,0.0,0.0,0.0,1.2,6.36,1.22,0.0,0.0,0.0,3.0,1.0,0.0,0.0,2.15,0.0,0.0,4.79,2.15,0.0,0.25,3.95,0.0,22.5,0.005,0.0,0.0,0.171,7.0,0.0,0.0,0.0,2.9,0.0,3.92,3.9,0.0,0.0,0.0,6.3,1.5
2025-06-01,0.0,0.0,0.0,0.0,0.0,0.405,0.0,0.0,0.0,1.54,0.81761,0.0,0.227,0.0,0.0,0.62,0.0,0.97,0.0,0.87,0.0,0.0,0.51,0.0,0.0,0.0,0.65,0.0,0.0,0.0,2.57,0.77,0.0,0.0,0.0,0.0,0.32,0.0,1.03,0.0,1.5,0.0,0.0,0.0,0.0,1.26,1.5,0.0,0.0,1.77,0.71,0.567,0.78,0.55,0.0,1.423,0.0,0.0,0.269,0.0,0.0,0.0,0.82,0.0,1.27,0.0,0.0,0.0,0.0,0.0,0.0,0.0,0.0,0.0,0.0,0.0,0.0,0.0,0.0,0.0,0.0,0.0,0.0,0.0,0.0,0.0,0.0,0.0,0.0,0.0,0.0,0.0,0.0,0.0,0.0,0.0,0.0,0.0,0.0,0.0,0.0,1.32,0.0,0.0,0.0,0.0,0.0,0.0,0.0,0.0,0.0,0.0,0.0,0.0,0.0,0.0,0.0,0.0,0.0,0.0,0.0,0.0,0.0,0.0,0.0,0.0,0.0,0.0,0.0,0.0,0.0,0.0,0.0,0.0,2.2,0.0,0.0,0.85,0.0,0.0,0.0,0.0
2025-07-01,0.34,0.59,1.64,0.0,1.79,0.0,0.0,0.0,0.0,0.0,0.0,0.0,0.0,0.511,1.51,0.0,0.0,0.0,0.0,0.0,0.0,0.0,0.0,0.52,0.0,0.0,0.0,0.0,1.365,0.0,0.0,0.0,0.0,0.0,0.22,1.1,0.0,1.5,0.0,0.29,0.0,0.0,0.0,0.0,0.0,0.0,0.0,1.2,0.45,0.0,0.0,0.0,0.0,0.0,0.25,0.0,0.0,1.057,0.269,0.825,0.0,0.0,0.0,0.54,0.0,0.0,0.0,0.0,0.21,0.0,0.0,0.0,0.0,0.0,0.0,0.0,0.0,0.0,0.0,0.0,0.0,0.0,0.0,0.0,0.0,0.0,0.0,0.0,0.0,0.0,0.0,0.0,0.0,0.0,0.0,0.0,0.0,0.23213166,0.0,0.0,0.0,0.0,0.0,0.0,0.0,0.0,0.0,0.0,0.0,0.0,0.0,0.0,0.0,0.0,1.6,0.0,0.0,0.0,0.0,0.0,0.255,0.0,0.0,0.0,0.0,0.409,0.0,0.0,0.0,0.0,0.0,0.0,0.0,0.0,0.0,0.0,0.0,0.0,0.0,0.0,0.0,0.0
2025-08-01,0.0,0.0,0.0,0.58,0.0,0.0,0.0,0.51,0.87,0.0,0.0,0.15,0.0,0.0,0.0,0.0,1.71,0.0,0.295,0.0,0.45,1.24,0.0,0.0,0.85,0.52,0.0,0.528,0.0,0.0,0.0,0.0,0.99,1.1,0.0,0.0,0.0,0.0,0.0,0.0,0.0,1.68,1.1,1.3,0.208,0.0,0.0,0.0,0.0,0.0,0.0,0.567,0.0,0.0,0.0,0.0,0.71,0.0,0.269,0.0,0.908231,0.79,0.0,0.0,0.0,1.14,2.26,0.235,0.0,0.0,0.0,0.0,0.0,0.0,0.0,0.0,0.0,0.0,0.0,0.0,0.0,0.0,0.0,0.0,0.0,0.0,0.0,0.0,0.0,0.0,0.0,0.0,0.0,0.0,0.0,0.0,0.0,0.0,0.0,0.0,0.0,0.0,0.0,0.0,0.0,0.0,0.0,0.0,0.0,0.0,0.51,0.0,0.0,0.0,0.0,0.0,0.0,0.0,0.0,0.0,0.0,0.0,0.0,0.0,0.0,0.0,0.0,0.35,0.0,0.0,0.0,0.0,0.0,0.0,0.0,0.0,0.0,0.0,0.0,0.0,0.0,0.93
2025-09-01,0.0,0.0,0.0,0.0,0.0,0.405,0.64,0.0,0.0,1.54,0.81761,0.0,0.227,0.0,0.0,0.62,0.0,0.0,0.0,0.87,0.0,0.0,0.51,0.0,0.0,0.0,0.65,0.0,0.0,0.753,2.57,0.0,0.0,0.0,0.0,0.0,0.32,0.0,1.03,0.0,1.61,0.0,0.0,0.0,0.0,1.26,1.5,0.0,0.0,1.77,0.71,0.0,0.82,0.55,0.0,1.423,0.0,0.0,0.269,0.0,0.0,0.0,0.83,0.0,1.27,0.0,0.0,0.0,0.0,0.0,0.0,0.0,0.0,0.0,0.0,0.0,0.0,0.0,0.0,0.0,0.0,0.0,0.0,0.0,0.0,0.0,0.0,0.0,0.0,0.0,0.0,0.0,0.0,0.0,0.0,0.0,0.0,0.0,0.0,0.0,0.0,0.0,0.0,0.0,0.0,0.0,0.0,0.0,0.0,0.0,0.0,0.0,0.0,0.0,0.0,0.0,0.0,0.0,2.59,0.0,0.0,0.26,0.0,0.0,0.0,0.0,0.0,0.0,0.0,0.0,0.0,0.0,0.0,0.0,0.0,0.0,0.0,0.0,0.0,0.0,0.0,0.0
2025-10-01,0.36,0.59,1.64,0.0,1.79,0.0,0.0,0.0,0.0,0.0,0.0,0.0,0.0,0.511,1.51,0.0,0.0,0.0,0.0,0.0,0.0,1.24,0.0,0.52,0.0,0.0,0.0,0.0,1.365,0.0,0.0,0.0,0.0,0.0,0.22,1.13,0.0,1.5,0.0,0.29,0.0,0.0,0.0,0.0,0.0,0.0,0.0,1.2,0.45,0.0,0.0,0.0,0.0,0.0,0.25,0.0,0.0,1.057,0.54,0.825,0.0,0.0,0.0,0.54,0.0,0.0,0.0,0.0,0.0,0.0,0.0,0.0,0.0,0.0,0.0,0.0,0.0,0.0,0.0,0.0,0.0,0.0,0.0,0.0,0.0,0.0,0.0,0.0,0.0,0.0,0.0,0.0,0.0,0.0,0.0,0.0,0.0,0.0,0.0,0.0,0.0,0.0,0.0,0.0,0.0,0.0,0.0,0.0,0.0,0.0,0.0,0.0,0.0,0.0,1.6,0.0,0.0,0.115,0.0,0.0,0.0,0.0,0.0,0.0,0.0,0.0,0.84,0.0,0.0,0.0,0.0,0.0,0.2,0.0,0.0,0.0,0.0,0.85,1.05,0.0,0.0,0.0
2025-11-01,0.0,0.0,0.0,0.58,0.0,0.0,0.65,0.51,1.0,0.0,0.0,0.165,0.0,0.0,0.0,0.0,1.71,0.0,0.295,0.0,0.45,0.0,0.0,0.0,0.85,0.52,0.0,0.555,0.0,0.0,0.0,0.0,1.03,1.1,0.0,0.0,0.0,0.0,0.0,0.0,0.0,1.68,1.1,1.3,0.208,0.0,0.0,0.0,0.0,0.0,0.0,0.567,0.0,0.0,0.0,0.0,0.71,0.0,0.27,0.0,0.908231,0.79,0.0,0.0,0.0,1.14,2.26,0.0,0.22,0.0,0.0,0.0,0.0,0.0,0.0,0.0,0.0,0.0,0.0,0.0,0.0,0.0,0.0,0.0,0.0,0.0,0.0,0.0,0.0,0.0,0.0,0.0,0.0,0.0,0.0,0.0,0.0,0.0,0.0,0.0,0.0,0.0,0.0,0.0,0.0,0.0,0.0,0.0,0.0,0.0,0.0,0.0,0.15,0.0,0.0,0.0,0.32,0.0,0.0,0.0,0.0,0.26,0.0,0.0,0.0,0.0,0.0,0.0,0.186,0.0,0.0,0.0,0.0,0.0,0.0,0.0,0.0,0.0,0.0,1.4282,0.0,0.0
2025-12-01,0.0,0.0,0.0,0.0,0.0,0.405,0.0,0.0,0.0,1.7,0.825472,0.0,0.231,0.0,0.0,0.63,0.0,0.0,0.0,0.87,0.0,0.0,0.51,0.0,0.0,0.0,0.73,0.0,0.0,0.753,0.0,0.77,0.0,0.0,0.0,0.0,0.33,0.0,1.03,0.0,1.61,0.0,0.0,0.0,0.0,1.26,1.5,0.0,0.48,1.86,0.71,0.0,0.82,0.56,0.0,1.423,0.0,0.0,0.27,0.0,0.0,0.0,0.83,0.0,1.27,0.0,0.0,0.235,0.0,0.0,0.0,0.0,0.0,0.0,0.0,0.0,0.0,0.0,0.0,0.0,0.0,0.0,0.0,0.0,0.0,0.0,0.0,0.0,0.0,0.0,0.0,0.0,0.0,0.0,0.0,0.0,0.0,0.0,0.0,0.0,0.0,0.0,0.0,0.0,0.0,0.0,0.0,0.0,0.0,0.0,0.0,0.0,0.0,0.0,0.0,0.0,0.0,0.0,0.0,0.0,0.0,0.0,0.0,0.0,0.0,0.0,0.0,0.0,0.0,0.0,5.5,0.0,0.0,0.0,0.0,0.0,0.0,0.85,0.0,0.0,0.0,0.0
2026-01-01,0.36,0.63,1.73,0.0,1.79,0.0,0.0,0.0,0.0,0.0,0.0,0.0,0.0,0.511,1.51,0.0,0.0,0.0,0.0,0.0,0.0,1.24,0.0,0.52,0.0,0.0,0.0,0.0,1.463,0.0,2.57,0.0,0.0,0.0,0.24,1.13,0.0,1.5,0.0,0.293,0.0,0.0,0.0,0.0,0.0,0.0,0.0,1.2,0.0,0.0,0.0,0.0,0.0,0.0,0.27,0.0,0.0,1.057,0.27,0.91,0.0,0.0,0.0,0.54,0.0,0.0,0.0,0.0,0.22,0.0,0.0,0.0,0.0,0.0,0.0,0.0,0.0,0.0,0.0,0.0,0.0,0.0,0.0,0.0,0.0,0.0,0.0,0.0,0.0,0.0,0.0,0.0,0.0,0.0,0.0,0.0,0.0,2.126325,0.0,0.0,0.0,0.0,0.0,0.0,0.0,0.0,0.0,0.0,0.0,0.0,0.0,0.0,0.0,0.0,0.0,0.0,0.0,0.0,0.0,0.0,0.23,0.0,0.0,0.0,0.0,0.253,0.0,0.172,0.0,0.0,0.0,0.0,0.0,0.0,0.0,0.0,0.0,0.0,0.0,0.0,0.0,0.0
2026-02-01,0.0,0.0,0.0,0.61,0.0,0.0,0.65,0.52,1.0,0.0,0.0,0.165,0.0,0.0,0.0,0.0,1.78,0.0,0.308,0.0,0.45,0.0,0.0,0.0,0.888,0.52,0.0,0.555,0.0,0.0,0.0,0.0,1.03,1.1,0.0,0.0,0.0,0.0,0.0,0.0,0.0,1.68,1.1,1.3,0.208,0.0,0.0,0.0,0.0,0.0,0.0,0.623,0.0,0.0,0.0,0.0,0.71,0.0,0.27,0.0,0.917692,0.0,0.0,0.0,0.0,1.14,2.26,0.0,0.0,0.0,0.0,0.0,0.0,0.0,0.0,0.0,0.0,0.0,0.0,0.0,0.0,0.0,0.0,0.0,0.0,0.0,0.0,0.0,0.0,0.0,0.0,0.35,0.0,0.0,0.0,0.0,0.0,0.0,0.0,0.0,0.0,0.0,5.35,0.7,1.0,0.0,0.0,0.0,0.0,0.0,0.0,0.0,0.0,0.0,1.6,0.0,0.0,0.0,0.0,0.0,0.0,0.0,0.0,0.0,5.0,0.0,0.0,0.0,0.0,0.0,0.0,0.0,0.0,0.0,0.0,0.0,0.0,0.0,0.0,0.0,0.0,0.0
2026-03-01,0.0,0.0,0.0,0.0,0.0,0.405,0.0,0.0,0.0,1.7,1.05,0.0,0.231,0.0,0.0,0.63,0.0,0.97,0.0,0.94,0.0,0.0,0.53,0.0,0.0,0.0,0.73,0.0,0.0,0.788,2.59,0.0,0.0,0.0,0.0,0.0,0.33,0.0,1.063,0.0,1.61,0.0,0.0,0.0,0.0,1.28,1.6,0.0,0.0,1.86,0.71,0.0,0.82,0.56,0.0,1.423,0.0,0.0,0.271,0.0,0.0,0.8,0.83,0.0,1.3,0.0,0.0,0.248,0.0,0.0,0.0,0.0,0.0,0.0,0.0,0.0,0.0,0.0,0.0,0.0,0.0,0.0,0.0,0.0,0.0,0.0,0.0,0.0,0.0,0.0,0.0,0.0,0.0,0.0,0.0,0.0,0.0,0.0,0.0,0.0,0.0,0.0,0.0,0.0,0.0,0.0,0.0,0.0,0.0,0.0,0.0,0.0,0.0,0.0,0.0,0.0,0.0,0.0,0.0,0.0,0.0,0.26,0.0,0.0,0.0,0.0,0.0,0.0,0.0,0.0,0.0,0.96,0.0,0.0,0.0,0.0,0.0,0.85,0.0,0.0,0.0,0.0
2026-04-01,0.36,0.63,1.73,0.0,1.81,0.0,0.0,0.0,0.0,0.0,0.0,0.0,0.0,0.511,1.51,0.0,0.0,0.0,0.0,0.0,0.0,1.24,0.0,0.53,0.0,0.0,0.0,0.0,1.463,0.0,0.0,0.0,0.0,0.0,0.24,1.13,0.0,1.59,0.0,0.293,0.0,0.0,0.0,0.0,0.0,0.0,0.0,1.2,0.48,0.0,0.0,0.0,0.0,0.0,0.27,0.0,0.0,1.089,0.271,0.91,0.0,0.0,0.0,0.54,0.0,0.0,0.0,0.0,0.22,0.0,3.2,0.0,0.0,0.11,1.0,0.0,0.0,0.0,0.0,0.0,0.0,0.0,0.0,1.0,0.57,0.0,0.0,1.3,0.0,0.0,2.07,0.0,3.5,2.2,0.0,24.0,0.0,0.0,0.0,0.0,0.0,0.0,0.0,0.0,0.0,0.0,0.0,0.0,0.0,0.0,0.73,0.0,0.0,0.0,2.7,0.0,0.6,0.125,0.0,0.0,0.0,0.0,0.0,3.615,13.0,0.0,0.875,0.736,0.0,7.2,7.5,0.0,0.0,0.0,0.0,0.0,0.0,0.0,3.95,1.7208,0.0,0.0
2026-05-01,0.0,0.0,0.0,0.61,0.0,0.0,0.65,0.52,1.0,0.0,0.0,0.165,0.0,0.0,0.0,0.0,1.78,0.0,0.308,0.0,0.45,0.0,0.0,0.0,0.888,0.52,0.0,0.555,0.0,0.788,0.0,0.0,1.03,1.16,0.0,0.0,0.0,0.0,0.0,0.0,0.0,1.69,1.1,1.34,0.208,0.0,0.0,0.0,0.0,0.0,0.0,0.0,0.0,0.0,0.0,0.0,0.71,0.0,0.271,0.0,0.917692,0.8,0.0,0.0,0.0,1.14,2.49,0.248,0.0,2.8,0.0,17.1,2.25,0.0,0.0,4.4,1.9,1.1,2.7,1.9,1.0,4.2,1.9,0.0,0.0,1.05,1.49,0.0,12.5,3.6,0.0,0.0,0.0,0.0,3.6,0.0,0.0,0.0,11.5,1.2,2.5,0.0,0.0,0.0,0.0,1.25,0.0,1.25,0.0,0.0,0.0,3.363636,1.0,0.0,0.0,2.32,0.0,0.0,2.57,2.25,0.0,0.27,4.0,0.0,0.0,0.005,0.0,0.0,0.19,0.0,0.0,0.0,0.0,3.35,0.0,4.12,4.2,0.0,0.0,0.0,0.0,1.59
2026-06-01,0.0,0.0,0.0,0.0,0.0,0.405,0.0,0.0,0.0,1.7,1.05,0.0,0.231,0.0,0.0,0.63,0.0,1.02,0.0,0.94,0.0,0.0,0.53,0.0,0.0,0.0,0.73,0.0,0.0,0.0,2.59,0.81,0.0,0.0,0.0,0.0,0.33,0.0,1.063,0.0,1.61,0.0,0.0,0.0,0.0,1.28,1.6,0.0,0.0,1.86,0.72,0.623,0.82,0.56,0.0,1.48,0.0,0.0,0.271,0.0,0.0,0.0,0.83,0.0,1.3,0.0,0.0,0.0,0.0,0.0,0.0,0.0,0.0,0.0,0.0,0.0,0.0,0.0,0.0,0.0,0.0,0.0,0.0,0.0,0.0,0.0,0.0,0.0,0.0,0.0,0.0,0.0,0.0,0.0,0.0,0.0,1.51,0.0,0.0,0.0,0.0,1.5,0.0,0.0,0.0,0.0,5.26,0.0,0.0,0.0,0.0,0.0,0.0,0.0,0.0,0.0,0.0,0.0,0.0,0.0,0.0,0.0,0.0,0.0,0.0,0.0,0.0,0.0,0.0,0.0,0.0,0.0,0.0,0.0,2.3,0.0,0.0,0.85,0.0,0.0,5.2,0.0
2026-07-01,0.36,0.63,1.73,0.0,1.81,0.0,0.0,0.0,0.0,0.0,0.0,0.0,0.0,0.516,1.63,0.0,0.0,0.0,0.0,0.0,0.0,0.0,0.0,0.53,0.0,0.0,0.0,0.0,1.463,0.0,0.0,0.0,0.0,0.0,0.26,1.13,0.0,1.59,0.0,0.293,0.0,0.0,0.0,0.0,0.0,0.0,0.0,1.25,0.48,0.0,0.0,0.0,0.0,0.0,0.27,0.0,0.0,1.089,0.271,0.91,0.0,0.0,0.0,0.55,0.0,0.0,0.0,0.0,0.22,0.0,0.0,0.0,0.0,0.0,0.0,0.0,0.0,0.0,0.0,0.0,0.0,0.0,0.0,0.0,0.0,0.0,0.0,0.0,0.0,0.0,0.0,0.0,0.0,0.0,0.0,0.0,0.0,0.30873498,0.0,0.0,0.0,0.0,0.0,0.0,0.0,0.0,0.0,0.0,0.0,0.0,0.0,0.0,0.0,0.0,1.88,0.0,0.0,0.0,0.0,0.0,0.26,0.0,0.0,0.0,0.0,0.427,0.0,0.0,0.0,0.0,0.0,0.0,0.0,0.0,0.0,0.0,0.0,0.0,0.0,0.0,0.0,0.0
2026-08-01,0.0,0.0,0.0,0.61,0.0,0.0,0.0,0.52,1.0,0.0,0.0,0.165,0.0,0.0,0.0,0.0,1.78,0.0,0.308,0.0,0.52,1.25,0.0,0.0,0.888,0.525,0.0,0.555,0.0,0.0,0.0,0.0,1.03,1.16,0.0,0.0,0.0,0.0,0.0,0.0,0.0,1.69,1.12,1.34,0.21,0.0,0.0,0.0,0.0,0.0,0.0,0.623,0.0,0.0,0.0,0.0,0.74,0.0,0.271,0.0,0.97,0.8,0.0,0.0,0.0,1.16,2.49,0.248,0.0,0.0,0.0,0.0,0.0,0.0,0.0,0.0,0.0,0.0,0.0,0.0,0.0,0.0,0.0,0.0,0.0,0.0,0.0,0.0,0.0,0.0,0.0,0.0,0.0,0.0,0.0,0.0,0.0,0.0,0.0,0.0,0.0,0.0,0.0,0.0,0.0,0.0,0.0,0.0,0.0,0.0,0.51,0.0,0.0,0.0,0.0,0.0,0.0,0.0,0.0,0.0,0.0,0.0,0.0,0.0,0.0,0.0,0.0,0.4,0.0,0.0,0.0,0.34,0.0,0.0,0.0,0.0,0.0,0.0,0.0,0.0,0.0,0.0
2026-09-01,0.0,0.0,0.0,0.0,0.0,0.41,0.65,0.0,0.0,1.7,1.05,0.0,0.231,0.0,0.0,0.63,0.0,1.02,0.0,0.94,0.0,0.0,0.53,0.0,0.0,0.0,0.73,0.0,0.0,0.788,0.0,0.0,0.0,0.0,0.0,0.0,0.0,0.0,1.063,0.0,0.0,0.0,0.0,0.0,0.21,1.28,1.6,0.0,0.0,1.86,0.72,0.0,0.94,0.0,0.0,1.48,0.0,0.0,0.0,0.0,0.0,0.0,0.84,0.0,1.3,0.0,0.0,0.0,0.0,0.0,0.0,0.0,0.0,0.0,0.0,0.0,0.0,0.0,0.0,0.0,0.0,0.0,0.0,0.0,0.0,0.0,0.0,0.0,0.0,0.0,0.0,0.0,0.0,0.0,0.0,0.0,0.0,0.0,0.0,0.0,0.0,0.0,0.0,0.0,0.0,0.0,0.0,0.0,0.0,0.0,0.0,0.0,0.0,0.0,0.0,0.0,0.0,0.0,3.23,0.0,0.0,0.27,0.0,0.0,0.0,0.0,0.0,0.0,0.0,0.0,0.0,0.0,0.0,0.0,0.0,0.0,0.0,0.0,0.0,0.0,0.0,1.01
